0 0.0260721375 0.0800861265625 0.0281149578125 0.08262054375 0.029659987500000002 0.1268644078125 0.03170280625 0.12939882656249999 0.03306606875 0.1684375296875 0.035108887500000005 0.17097194843750002 0.0365630328125 0.21261323124999998 0.038605853125 0.21514764843749998 0.039423809375 0.238570871875 0.041466628125 0.2411052890625 0.042829890625 0.28014399375 0.044872709375 0.282678409375 0.0463268546875 0.3243196953125 0.048369675 0.3268541125 0.0493694 0.3554824953125 0.05141221875 0.3580169125 0.05241194375 0.3866452953125 0.05445476406250001 0.3891797125 0.05563625625 0.42301325624999997 0.0576790765625 0.4255476734375 0.0587696859375 0.4567786359375 0.060812504687500005 0.4593130546875 0.0618122296875 0.48794143749999996 0.06385505 0.4904758546875 0.064763890625 0.51650165625 0.066806709375 0.5190360734375 0.066988478125 0.524241234375 0.0680098875 0.5255084437499999 0.091433109375 0.5246904875 0.0923636359375 0.5233551140625 0.09524609687499999 0.5219515796875001 0.1036208265625 0.509933234375 0.1015780078125 0.5073988171875 0.09976032500000001 0.4553472125 0.09771750625 0.45281279375 0.0965360125 0.41897925156250004 0.09449319218749999 0.416444834375 0.0933117 0.3826112890625 0.0912688796875 0.3800768734375 0.09026915468749999 0.3514484890625 0.0882263359375 0.34891407343749997 0.0872266109375 0.3202856890625 0.085183790625 0.3177512734375 0.08445671875 0.2969306296875 0.0824138984375 0.2943962140625 0.081141521875 0.2579600890625 0.079098703125 0.255425671875 0.0781898609375 0.22939986874999999 0.0761470421875 0.22686545156250001 0.0749655484375 0.193031909375 0.0729227296875 0.19049749062500002 0.07228654062499999 0.172279428125 0.070243721875 0.16974501250000001 0.0696075328125 0.15152695 0.0675647125 0.1489925328125 0.066837640625 0.128171890625 0.0647948203125 0.1256374734375 0.064249515625 0.110021990625 0.062206696875 0.10748757499999999 0.061116087500000006 0.0762566125 0.05907326875 0.07372219375 0.057619123437499996 0.032080909375 0.055576303125000004 0.029546492187500002 0.0553036515625 0.0217387515625 0.05233030625 0.02053970625 0.050287487500000005 0.0180052890625 0.0483355515625 0.018073453125 0.0462927328125 0.015539034375 0.026773379687499998 0.016220665625 0.023981803125 0.02022678125 0.0260721375 0.0800861265625
0 0.1176437625 0.4078191359375 0.11560094375 0.40528471875000005 0.11251088437500001 0.316796990625 0.110468065625 0.314262571875 0.10874126718749999 0.264813546875 0.106698446875 0.2622791296875 0.1052443015625 0.22063784531250002 0.1032014828125 0.218103428125 0.10506253437499999 0.21543268593749998 0.10497165 0.2128301046875 0.10292882968749999 0.2102956875 0.100293190625 0.134820859375 0.09825037187499999 0.13228644218750002 0.09688711093749999 0.09324773750000001 0.09484429062500001 0.090713321875 0.09411721875 0.069892678125 0.09207439843750001 0.0673582609375 0.090802021875 0.030922137500000002 0.0897806109375 0.029654928125 0.0722131953125 0.030268396875 0.07128266875 0.0316037671875 0.0724641625 0.0654373109375 0.07450698125 0.06797172968750001 0.074779634375 0.0757794703125 0.0729185828125 0.0784502125 0.0731912359375 0.086257953125 0.0752340546875 0.088792371875 0.07641554843750001 0.122625915625 0.0784583671875 0.12516033124999998 0.081003121875 0.19803257968750002 0.0830459421875 0.200566996875 0.08549981250000001 0.270836665625 0.08754263125 0.27337108125 0.0884514734375 0.299396884375 0.0904942921875 0.3019313015625 0.0914940171875 0.330559684375 0.0935368375 0.333094103125 0.0947183296875 0.3669276453125 0.09676114999999999 0.3694620625 0.09812441093749999 0.4085007671875 0.1001672296875 0.41103518437500003 0.10125783906250001 0.4422661484375 0.10330065937499999 0.4448005640625 0.10402773125 0.4656212078125 0.1060705515625 0.4681556234375 0.1061614359375 0.4707582046875 0.104300384375 0.4734289484375 0.10634320312500001 0.4759633640625 0.10752469687499999 0.5097969078125 0.109567515625 0.5123313265625 0.109749284375 0.5175364859375 0.11077069375 0.51880369375 0.12248230468750002 0.5183947156250001 0.12341283125 0.5170593453125 0.12527388125 0.5143886015625 0.1232310625 0.511854184375 0.123140178125 0.5092516046875 0.1250012296875 0.506580859375 0.1229584109375 0.50404644375 0.12177691718749999 0.47021290000000004 0.119734096875 0.46767848125 0.1176437625 0.4078191359375
0 0.18085859375 0.5111446640625 0.18458069531250001 0.5058031765625 0.18653263125 0.5057350140625 0.18932420781249998 0.5017288984375 0.1889606703125 0.491318578125 0.18691785156250001 0.488784159375 0.18609989531249999 0.4653609375 0.184057075 0.462826521875 0.183148234375 0.4368007171875 0.181105415625 0.4342663 0.1751070640625 0.2624960015625 0.1730642453125 0.2599615859375 0.17242805625 0.2417435234375 0.1703852359375 0.2392091046875 0.17011258437500001 0.23140136406249998 0.17197363593749998 0.22873062187499998 0.1717918671875 0.2235254609375 0.1697490484375 0.22099104375 0.16711340937500002 0.145516215625 0.1650705890625 0.1429817984375 0.16693164062500002 0.1403110546875 0.164888821875 0.1377766375 0.1627984875 0.0779172921875 0.1607556671875 0.0753828734375 0.1596650578125 0.0441519109375 0.1566008296875 0.040350284375 0.15464889375 0.0404184484375 0.1505632546875 0.0353496140625 0.144616565625 0.032951521875 0.1405309265625 0.0278826890625 0.1385789921875 0.0279508515625 0.136536171875 0.025416434375 0.1305894828125 0.02301834375 0.12854666406249998 0.020483926562499997 0.1226908578125 0.020688415625 0.12064803906249999 0.0181539984375 0.09527288125 0.0190401171875 0.0924813046875 0.0230462328125 0.09393545 0.0646875171875 0.09597826875 0.0672219359375 0.09616003749999999 0.0724270953125 0.0942989859375 0.0750978390625 0.09634180625 0.07763225625 0.09752329843749999 0.11146579999999999 0.09956611875 0.1140002171875 0.102474409375 0.19728278593749998 0.10451722968749999 0.199817203125 0.10578960625 0.23625332656250003 0.1078324265625 0.23878774531250002 0.11001364375 0.301249671875 0.1120564640625 0.3037840875 0.1140559140625 0.3610408546875 0.11609873281250001 0.363575271875 0.1185526046875 0.4338449390625 0.1205954234375 0.43637935624999996 0.12214045312499999 0.480623221875 0.124183271875 0.4831576375 0.125364765625 0.51699118125 0.12740758593749998 0.5195255999999999 0.12749846874999998 0.522128178125 0.13056269843749999 0.5259298046875001 0.1598417265625 0.5249073578125001 0.1607722515625 0.5235719875 0.161702778125 0.522236615625 0.1656066484375 0.5221002890625 0.1674676984375 0.5194295453125 0.16941963437500002 0.5193613828125 0.1712806859375 0.5166906390625 0.1732326203125 0.5166224765625 0.175093671875 0.5139517328125 0.18085859375 0.5111446640625
0 0.195357634375 0.394682290625 0.1929037640625 0.3244126234375 0.1908609453125 0.3218782078125 0.1877708859375 0.23339047812499997 0.185728065625 0.23085605937499998 0.18363773125 0.1709967140625 0.18159491249999998 0.168462296875 0.18041341875 0.134628753125 0.1783706 0.1320943359375 0.1755531921875 0.051414346875 0.17044614375 0.0450783046875 0.1645903390625 0.04528279375 0.1617987609375 0.049288909375 0.1643435171875 0.12216115624999999 0.16638633593750002 0.1246955734375 0.1687493234375 0.1923626609375 0.1707921421875 0.19489707812499998 0.1727915921875 0.25215384531249996 0.17483441093750002 0.25468826093749997 0.177742703125 0.33797083125 0.17978552187500002 0.340505246875 0.18351177031250002 0.4472110390625 0.185554590625 0.44974545624999995 0.1862816625 0.4705660984375 0.1883244828125 0.473100515625 0.18932420781249998 0.5017288984375 0.1923884359375 0.505530525 0.2001961765625 0.5052578734375001 0.201126703125 0.5039225 0.20103581875 0.5013199203125 0.20289687031249998 0.49864917656249996 0.20207891249999999 0.4752259546875 0.20003609375 0.4726915359375 0.2017153765625 0.46481563281250005 0.19967255781249998 0.46228121718750004 0.1974004546875 0.397216709375 0.195357634375 0.394682290625
0 0.214604334375 0.38619292031249997 0.21256151562499997 0.383658503125 0.20719935312499999 0.230106265625 0.205156534375 0.22757185 0.2068358171875 0.21969594531249997 0.20479299687500002 0.21716152812499998 0.202066475 0.1390841203125 0.2000236546875 0.1365497015625 0.198478625 0.0923058375 0.195414396875 0.0885042125 0.18175085 0.088981353125 0.1789592734375 0.09298746875 0.179322809375 0.10339779062500001 0.18136562812499998 0.10593220625 0.1814565125 0.10853478750000001 0.1795954625 0.11120553124999999 0.1809587234375 0.1502442359375 0.1830015421875 0.15277865156249998 0.185909834375 0.236061221875 0.187952653125 0.2385956375 0.1906791765625 0.3166730453125 0.1927219953125 0.3192074640625 0.195539403125 0.39988745312499996 0.19758222187500002 0.40242186875 0.2004905140625 0.4857044390625 0.2025333328125 0.4882388546875 0.2006722828125 0.4909095984375 0.20076316562500002 0.49351217968750005 0.2028059859375 0.49604659531250006 0.20289687031249998 0.49864917656249996 0.2059610984375 0.502450803125 0.217672709375 0.5020418234374999 0.2186032359375 0.5007064531250001 0.2182396984375 0.49029613124999993 0.22010074999999998 0.48762538749999995 0.21973721406250002 0.4772150671875 0.21769439375 0.47468065 0.2148769875 0.3940006609375 0.21283416718749998 0.39146624375 0.21469521875000003 0.38879549999999996 0.214604334375 0.38619292031249997
0 0.26131238125 0.324629496875 0.25926956093750003 0.3220950796875 0.25908779375 0.31688991875 0.26094884375 0.31421917499999996 0.2601308875 0.290795953125 0.25808806875 0.2882615359375 0.2528167890625 0.1373118796875 0.2507739703125 0.1347774625 0.25263502187500003 0.13210672031249998 0.2520897171875 0.11649123750000001 0.250046896875 0.11395682031250001 0.24977424531249998 0.10614907968750001 0.251635296875 0.1034783359375 0.2510899921875 0.0878628546875 0.24802576250000002 0.084061228125 0.208987059375 0.0854244890625 0.20694423906249998 0.0828900734375 0.20108843437499999 0.0830945625 0.1982968578125 0.087100678125 0.19956923437500002 0.12353680156249999 0.201612053125 0.12607121875 0.2036115046875 0.183327984375 0.20565432343749998 0.1858624015625 0.20874438281250002 0.27435013124999996 0.210787203125 0.2768845484375 0.2109689703125 0.282089709375 0.20910791875 0.2847604515625 0.2098349921875 0.3055810953125 0.2118778109375 0.3081155109375 0.215604059375 0.414821303125 0.21764687968750002 0.4173557203125 0.22046428593749998 0.498035709375 0.22352851562499998 0.501837334375 0.25866335 0.5006104 0.26070616874999997 0.5031448171874999 0.2646100390625 0.503008490625 0.26554056406250004 0.50167311875 0.26926266718749997 0.4963316328125 0.26808117343750004 0.46249808750000004 0.2660383546875 0.45996367187500004 0.2657657015625 0.45215593125 0.267626753125 0.4494851875 0.2671723328125 0.4364722859375 0.2651295125 0.43393786875 0.26131238125 0.324629496875
0 0.2668655578125 0.11988388593749999 0.27857716875 0.11947490624999998 0.2813687453125 0.11546879218749999 0.2810960921875 0.10766105156250001 0.2790532734375 0.10512663281250001 0.27896238906250004 0.10252405312499999 0.27598904375 0.1013250078125 0.2657749484375 0.088652921875 0.2638230125 0.0887210859375 0.26178019375 0.0861866671875 0.25202051718749996 0.0865274828125 0.2510899921875 0.0878628546875 0.25717922656250003 0.2622357328125 0.259222046875 0.2647701515625 0.26549305 0.444348190625 0.26753586875 0.44688260625 0.26953531875 0.5041393734375 0.270556728125 0.50540658125 0.2783644703125 0.505133928125 0.2792949953125 0.5037985578125 0.274387253125 0.36325922187500004 0.272344434375 0.3607248046875 0.2678911125 0.233198371875 0.2697521640625 0.230527628125 0.26938862812500003 0.22011730625 0.2673458078125 0.217582890625 0.26407398125000003 0.12388999999999999 0.2668655578125 0.11988388593749999
0 0.2727213625 0.119679396875 0.264913621875 0.1199520484375 0.263983096875 0.12128742031249999 0.2740712328125 0.41017383125 0.2761140515625 0.41270824843750004 0.27425299999999997 0.415378990625 0.2762958203125 0.4179134078125 0.27920411093749997 0.5011959765625 0.282268340625 0.504997603125 0.2861722109375 0.5048612765625 0.2871027359375 0.5035259046875 0.2889637875 0.5008551609375 0.2798753765625 0.24059713437500002 0.2778325578125 0.2380627171875 0.27474249687499996 0.1495749875 0.2766035484375 0.14690424375 0.275967359375 0.1286861828125 0.2778284109375 0.1260154375 0.2727213625 0.119679396875
0 0.2878215171875 0.30025199062499996 0.28968256718749996 0.297581246875 0.289591684375 0.29497866875 0.2875488640625 0.29244425 0.2874579796875 0.2898416703125 0.28931903124999997 0.2871709265625 0.284229521875 0.14142643125 0.28116529218749997 0.1376248046875 0.27726142187499997 0.13776113125 0.27446984531249996 0.1417672453125 0.2767419484375 0.206831753125 0.2787847671875 0.209366171875 0.2789665359375 0.21457133125 0.277105484375 0.217242075 0.2774690203125 0.22765239531249998 0.279511840625 0.2301868125 0.28569195937499997 0.407162271875 0.28773477812500003 0.40969668906249995 0.2881891984375 0.42270959062499996 0.2863281484375 0.42538033437499995 0.286691684375 0.4357906546875 0.28873450312500004 0.438325071875 0.2895524609375 0.46174829375000004 0.2926166890625 0.46554992031250003 0.29354721562499997 0.4642145484375 0.29345633125 0.4616119671875 0.2914135125 0.4590775515625 0.2932745625 0.4564068078125 0.288185053125 0.3106623125 0.2900461046875 0.30799156875 0.2899552203125 0.3053889875 0.2879124 0.302854571875 0.2878215171875 0.30025199062499996
0 0.283822615625 0.185738459375 0.2858654359375 0.188272875 0.2861380875 0.1960806171875 0.28427703593750003 0.1987513609375 0.2845496890625 0.20655910156249999 0.2865925078125 0.20909351874999998 0.28686516093750003 0.21690125937500002 0.285004109375 0.2195720015625 0.2853676453125 0.22998232343749997 0.287410465625 0.232516740625 0.2875013484375 0.2351193203125 0.2856402984375 0.2377900640625 0.290184503125 0.367919078125 0.2922273234375 0.3704534953125 0.290366271875 0.3731242390625 0.292409090625 0.37565865625 0.292590859375 0.3808638171875 0.2907298078125 0.38353455937500003 0.2927726265625 0.3860689765625 0.29677152812499996 0.500582509375 0.2997448734375 0.50178155625 0.3017876921875 0.504315971875 0.3076434984375 0.5041114828125 0.30857402343749996 0.5027761109375 0.310435075 0.5001053671875 0.2958936171875 0.0836925234375 0.2948722078125 0.0824253140625 0.283160596875 0.0828342921875 0.28223007031249997 0.084169665625 0.2855018984375 0.17786255625 0.28364084843750004 0.1805332984375 0.283822615625 0.185738459375
0 0.312439625 0.08181184687500001 0.3026799484375 0.0821526625 0.3006371296875 0.0796182453125 0.297845553125 0.0836243609375 0.2979364375 0.086226940625 0.2960753859375 0.088897684375 0.2981182046875 0.0914321015625 0.2982999734375 0.0966372625 0.296438921875 0.09930800625 0.31052595781250003 0.5027079484375 0.31154736875 0.50397515625 0.32716285 0.5034298515625 0.328093375 0.50209448125 0.320640878125 0.28868289687500004 0.3225019296875 0.28601215468749996 0.31623092656249996 0.106434115625 0.318091978125 0.103763371875 0.3176375578125 0.0907504703125 0.3155947375 0.088216053125 0.31550385312499996 0.085613471875 0.312439625 0.08181184687500001
0 0.33434779375 0.23348340625000003 0.3362088453125 0.23081266406249998 0.33357320625 0.1553378359375 0.33543425781249997 0.15266709218750002 0.3351616046875 0.14485935156250002 0.33702265625 0.1421886078125 0.3363864671875 0.1239705453125 0.33824751875 0.121299803125 0.337974865625 0.11349206249999999 0.3328678171875 0.10715601875 0.32896394687499997 0.10729234531250001 0.326921128125 0.104757928125 0.31911338749999996 0.1050305796875 0.3163218109375 0.1090366953125 0.32413784375 0.3328586 0.3222767921875 0.33552934218749997 0.3254577359375 0.42661965312500005 0.32750055625 0.42915406875000006 0.3277732078125 0.43696180937499995 0.32591215625 0.43963255312499994 0.326093925 0.44483771406250006 0.32813674375 0.44737213125 0.32850028125 0.457782453125 0.3266392296875 0.4604531953125 0.3279116078125 0.4968893203125 0.32995442656249996 0.4994237359375 0.3310667203125 0.503293525 0.3388744609375 0.5030208734375 0.33980498593749997 0.5016855015624999 0.3416660375 0.4990147578125 0.3382124421875 0.4001167078125 0.3400734921875 0.3974459640625 0.3348930984375 0.24909888906250002 0.33675415000000003 0.24642814531249999 0.33657238125 0.241222984375 0.3345295625 0.23868856875 0.33434779375 0.23348340625000003
0 0.3565420078125 0.141506978125 0.3602641109375 0.136165490625 0.3600823421875 0.1309603296875 0.3580395234375 0.12842591406249998 0.3579486390625 0.1258233328125 0.354884409375 0.12202170625 0.339268928125 0.1225670109375 0.3384292859375 0.1265049640625 0.3365682359375 0.1291757078125 0.33720442500000003 0.14739376875000001 0.33924724375 0.14992818593749999 0.3396107796875 0.1603385078125 0.3377497296875 0.16300925 0.3397925484375 0.1655436671875 0.340337853125 0.18115915 0.33847680156250004 0.18382989375 0.33856768593750003 0.186432471875 0.3406105046875 0.188966890625 0.3407013890625 0.1915694703125 0.33884033750000003 0.1942402140625 0.3485649375 0.4727163046875 0.3467038859375 0.475387046875 0.3481580328125 0.5170283312499999 0.3502008515625 0.5195627484374999 0.3513131453125 0.5234325375 0.361072821875 0.523091721875 0.362003346875 0.52175635 0.36386439843749996 0.5190856078125 0.36259202031250004 0.4826494828125 0.364453071875 0.479978740625 0.3614538953125 0.394093590625 0.363314946875 0.391422846875 0.35604421875000003 0.183216425 0.35790527031249997 0.18054568124999998 0.3565420078125 0.141506978125
0 0.42509317031249994 0.31369863750000004 0.42305035 0.3111642203125 0.4228685828125 0.30595906093749997 0.4247296328125 0.3032883171875 0.4230028359375 0.253839290625 0.4248638859375 0.2511685484375 0.42222824687499994 0.17569371875 0.4240892984375 0.1730229765625 0.42318045781249997 0.14699717343750002 0.42011622812500005 0.1431955484375 0.39669300625 0.14401350468750002 0.3946501875 0.1414790875 0.3634192234375 0.142569696875 0.3613764046875 0.1400352796875 0.35942446875 0.14010344375 0.3566328921875 0.1441095578125 0.356996428125 0.154519878125 0.355135378125 0.157190621875 0.36058842343749997 0.3133454390625 0.3587273734375 0.3160161828125 0.3607701921875 0.3185505984375 0.3630422953125 0.38361510625 0.36118124375 0.38628585000000004 0.364453071875 0.479978740625 0.36259202031250004 0.4826494828125 0.36386439843749996 0.5190856078125 0.36692862656249997 0.5228872328125 0.4098712015625 0.5213876453124999 0.4119140203125 0.5239220625 0.4236256328125 0.5235130828125001 0.4245561578125 0.5221777125 0.426417209375 0.51950696875 0.4235089171875 0.43622439999999996 0.42536996875 0.43355365625 0.42327963437499994 0.373694309375 0.42514068437499997 0.371023565625 0.42341388750000003 0.3215745421875 0.42527493749999995 0.3189037984375 0.42509317031249994 0.31369863750000004
0 0.4461100375 0.29993594218749997 0.44797108750000003 0.2972652 0.445880753125 0.2374058515625 0.4477418046875 0.234735109375 0.4457423546875 0.17747834375 0.44760340468750004 0.1748075984375 0.445331303125 0.10974309374999999 0.4422670734375 0.1059414671875 0.43250739843749997 0.1062822828125 0.43046457812499994 0.103747865625 0.42851264375 0.10381602812499999 0.42665159218750004 0.106486771875 0.42376913125 0.10789030625 0.42495062499999997 0.14172385 0.42308957343750003 0.1443945921875 0.4257252125 0.219869421875 0.42386416093749996 0.2225401640625 0.42613626406250005 0.287604671875 0.4242752125 0.290275415625 0.42691085156249997 0.36575024375 0.42504980156250005 0.3684209875 0.42704925156250007 0.4256777515625 0.4251882 0.42834849531249997 0.427460303125 0.49341300312499997 0.42559925156249995 0.49608374531250005 0.42632632499999995 0.5169043890625 0.429390553125 0.520706015625 0.4450060359375 0.5201607109374999 0.4459365609375 0.5188253375 0.44779761249999994 0.5161545953125 0.44616169843750003 0.46930815 0.4480227484375 0.46663740625 0.44638683593749995 0.4197909609375 0.4482478859375 0.4171202171875 0.44615755156250003 0.357260871875 0.44801860312499997 0.354590128125 0.4461100375 0.29993594218749997
0 0.46903547031250004 0.3408274328125 0.47089652031250007 0.33815668906249996 0.46889707031250005 0.2808999234375 0.470758121875 0.2782291796875 0.46930397656249995 0.23658789531250002 0.4711650265625 0.233917153125 0.46894043906249994 0.226177575 0.470801490625 0.22350683125 0.4692564609375 0.1792629671875 0.47111751249999995 0.1765922234375 0.4691180609375 0.11933545625 0.47097911249999996 0.11666471406250001 0.47079734375 0.111459553125 0.46773311562500003 0.10765792656249999 0.45992537499999997 0.1079305796875 0.45788255468749994 0.10539616249999999 0.453978684375 0.10553248906249998 0.45211763437499997 0.10820323125 0.4492351734375 0.1096067671875 0.44968959374999995 0.12261966718749999 0.4478285421875 0.1252904125 0.45000976093749995 0.1877523390625 0.448148709375 0.19042308125000001 0.44978462343750003 0.2372695265625 0.4479235734375 0.23994027031249998 0.4496503703125 0.2893892953125 0.4477893203125 0.2920600375 0.4494252328125 0.3389064828125 0.4475641828125 0.3415772265625 0.4476550671875 0.3441798078125 0.4496978859375 0.34671422343749997 0.45015230624999997 0.3597271265625 0.44829125468750003 0.36239786875 0.4495636328125 0.39883399375 0.44770258125 0.4015047359375 0.44933849531250003 0.44835118124999995 0.44747744375 0.45102192499999993 0.449749546875 0.5160864328125 0.4528137765625 0.5198880578125 0.46647732187499996 0.519410915625 0.46740784843750005 0.51807554375 0.4692689 0.5154048015625 0.4679056375 0.476366096875 0.4697666890625 0.473695353125 0.46831254375000003 0.43205406875 0.47017359374999995 0.42938332656249995 0.4686285640625 0.3851394609375 0.470489615625 0.3824687171875 0.46903547031250004 0.3408274328125
0 0.490779409375 0.3478853796875 0.4926404609375 0.3452146359375 0.49173161875 0.319188834375 0.49359267031250004 0.31651809062499997 0.4924111765625 0.282684546875 0.494272228125 0.280013803125 0.49290896718750005 0.2409751 0.49477001718749997 0.23830435625000002 0.4932249875 0.19406049218750002 0.49508603906250004 0.1913897484375 0.493722778125 0.15235104375 0.495583828125 0.14968030000000002 0.4941296828125 0.108039015625 0.49310827343749997 0.10677180625 0.47358892187499996 0.1074534375 0.47274927968749997 0.11139138906249998 0.47088822812500003 0.1140621328125 0.47293104843749995 0.1165965515625 0.471069996875 0.11926729375 0.47252414218750005 0.16090857812499998 0.4706630921875 0.163579321875 0.47220812187499994 0.20782318593750002 0.4703470703125 0.2104939296875 0.47171033125 0.249532634375 0.46984928125 0.25220337656249997 0.47130342656249996 0.2938446609375 0.469442375 0.29651540625 0.47180536249999994 0.3641824921875 0.4699443109375 0.36685323593749997 0.47103492031250005 0.3980842 0.46917386875 0.40075494218749996 0.47090066718749996 0.4502039671875 0.469039615625 0.4528747109375 0.47076641406249997 0.5023237359375 0.4689053625 0.5049944796875 0.469178015625 0.5128022203125 0.47122083437500006 0.5153366375 0.472333128125 0.5192064265624999 0.48794860937499995 0.518661121875 0.48887913593750004 0.51732575 0.49074018593749996 0.5146550078125001 0.4901039984375 0.49643694531250004 0.49196504843750005 0.49376620156250006 0.4906017875 0.454727496875 0.4924628390625 0.4520567546875 0.49091780781249994 0.4078128890625 0.492778859375 0.405142146875 0.490779409375 0.3478853796875
0 0.5123890953125 0.40706309531249996 0.510844065625 0.36281923125 0.5127051171875 0.3601484875 0.5117962765625 0.334122684375 0.5136573265625 0.331451940625 0.5126576015625 0.302823559375 0.514518653125 0.3001528140625 0.513518928125 0.2715244328125 0.5153799796875 0.2688536890625 0.5142893703125 0.23762272499999998 0.5161504203125 0.23495198125 0.514787159375 0.1959132765625 0.5166482109375 0.193242534375 0.5151940640625 0.15160125 0.5170551156250001 0.14893050624999998 0.5156918546875 0.1098918015625 0.512627625 0.1060901765625 0.49896407812500004 0.10656731718750001 0.4981244375 0.11050526875 0.49626338593749997 0.1131760125 0.49726311093750003 0.1418043953125 0.4954020609375 0.1444751390625 0.496765321875 0.18351384375 0.49490427031250006 0.1861845875 0.4964493 0.2304284515625 0.49458824999999995 0.23309919531249998 0.4959515109375 0.27213790000000004 0.494090459375 0.2748086421875 0.495453721875 0.313847346875 0.49359267031250004 0.31651809062499997 0.49522858437500006 0.3633645359375 0.4933675328125 0.3660352796875 0.49409460625 0.3868559203125 0.49223355468749996 0.3895266640625 0.4936877 0.43116794843750006 0.49182665 0.43383869218750004 0.4930990265625 0.470274815625 0.4912379765625 0.472945559375 0.49278300625 0.5171894234375001 0.493804415625 0.5184566328125 0.5074679625 0.5179794921875 0.5083984874999999 0.51664411875 0.508307603125 0.5140415390624999 0.5101686546875001 0.5113707953125 0.5092598140625 0.4853449921875 0.5111208640625 0.48267424999999997 0.509939371875 0.44884070625000005 0.5118004218750001 0.44616996249999996 0.5105280453125001 0.40973383906249994 0.5123890953125 0.40706309531249996
0 0.529731375 0.45596681562499997 0.52891341875 0.43254359375 0.5307744703124999 0.42987285000000003 0.5295929765625 0.3960393078125 0.531454028125 0.3933685640625 0.5304543015625 0.36474018125 0.532315353125 0.3620694375 0.53122474375 0.3308384734375 0.5330857953125 0.32816772968749996 0.5320860703125 0.299539346875 0.533947121875 0.29686860312499996 0.5332200484375 0.2760479609375 0.5350811 0.2733772171875 0.53389960625 0.239543675 0.5357606578125 0.23687293125000003 0.5344882796875 0.2004368078125 0.5363493312500001 0.1977660640625 0.5355313734375 0.174342840625 0.537392425 0.171672096875 0.5362109312500001 0.1378385546875 0.5380719828125 0.13516781093750002 0.537708446875 0.12475748906249999 0.5346442171875 0.1209558640625 0.5190287359375 0.12150116875000001 0.518098209375 0.122836540625 0.5186435140625 0.138452021875 0.5167824640625 0.14112276562499998 0.51796395625 0.174956309375 0.51610290625 0.177627053125 0.51710263125 0.2062554359375 0.5152415796875001 0.2089261796875 0.5163321890625 0.2401571421875 0.5144711375 0.24282788437499997 0.5156526312499999 0.27666142968749996 0.5137915796875 0.2793321734375 0.5149730734375 0.313165715625 0.5131120218749999 0.315836459375 0.5141117484375 0.3444648421875 0.512250696875 0.3471355859375 0.51334130625 0.37836655 0.5114802546874999 0.38103729375 0.5126617484375 0.4148708359375 0.510800696875 0.4175415796875 0.5125274953125001 0.46699060625 0.51066644375 0.46966134843749996 0.5114844015625 0.49308457031249997 0.50962335 0.49575531406250006 0.5103504234375 0.51657595625 0.5113718328125 0.517843165625 0.5172276375 0.5176386765625 0.5192704578125 0.5201730921875 0.5211315078125 0.51750235 0.52308344375 0.5174341874999999 0.5251262624999999 0.5199686031249999 0.5260567890625001 0.5186332328125001 0.5279178390625 0.5159624875000001 0.527372534375 0.50034700625 0.5292335859375 0.4976762640625 0.5281429765625 0.46644530156249997 0.530004028125 0.46377455625 0.5279612078125 0.4612401390625 0.5278703250000001 0.45863755937499995 0.529731375 0.45596681562499997
0 0.5521548734375 0.4265204765625 0.551336915625 0.40309725468749996 0.5531979671875 0.4004265109375 0.5522891265625 0.37440070625 0.5541501765625 0.3717299640625 0.5531504515625 0.34310158125 0.555011503125 0.34043083749999997 0.55392089375 0.309199875 0.5557819453125 0.30652913125 0.5551457562500001 0.28831106875 0.5570068078125 0.2856403265625 0.5561888500000001 0.262217103125 0.5580499015625 0.259546359375 0.5568684078125 0.22571281562499998 0.5587294593750001 0.2230420734375 0.55782061875 0.1970162703125 0.5596816687499999 0.19434552656249998 0.5588637125 0.170922303125 0.5607247640625 0.1682515609375 0.5593615015625 0.1292128578125 0.561222553125 0.1265421125 0.5591797328125 0.1240076953125 0.55908885 0.121405115625 0.5560246203125 0.117603490625 0.5404091390625 0.1181487953125 0.5376175625 0.1221549109375 0.53843551875 0.1455781328125 0.5365744671875 0.148248875 0.53757419375 0.176877259375 0.5357131421875 0.1795480015625 0.5366219828125 0.20557380468750003 0.53476093125 0.2082445484375 0.5357606578125 0.23687293125000003 0.53389960625 0.239543675 0.5351719828125 0.2759797984375 0.5333109328125001 0.27865054218749996 0.533947121875 0.29686860312499996 0.5320860703125 0.299539346875 0.533358446875 0.3359754703125 0.5314973968750001 0.3386462140625 0.5324062374999999 0.36467201718750003 0.5305451859375 0.367342759375 0.531454028125 0.3933685640625 0.5295929765625 0.3960393078125 0.5309562375 0.4350780109375 0.5290951875000001 0.437748753125 0.530185796875 0.4689797171875 0.5283247453125 0.47165046093749996 0.5295062390624999 0.5054840046875 0.5276451875 0.5081547468750001 0.5279178390625 0.5159624875000001 0.52893925 0.5172296984375 0.5308911843749999 0.517161534375 0.532934003125 0.5196959515625 0.5426936796875 0.5193551359375 0.5436242046875 0.5180197640624999 0.546506665625 0.5166162296875 0.5492982421875 0.512610115625 0.5484802859375 0.4891868921875 0.5503413375 0.4865161484375 0.5494324953125 0.4604903453125 0.551293546875 0.45781960312500003 0.550293821875 0.42919121875000005 0.5521548734375 0.4265204765625
0 0.5667706296875 0.39734678749999996 0.5686316812500001 0.3946760453125 0.5678137234375 0.3712528234375 0.569674775 0.3685820796875 0.5689477015625 0.3477614375 0.570808753125 0.34509069375 0.569809028125 0.3164623109375 0.571670078125 0.3137915671875 0.57094300625 0.292970925 0.5728040578125 0.29030018125 0.57216786875 0.27208211875 0.5740289187500001 0.2694113765625 0.57339273125 0.2511933140625 0.57525378125 0.24852257031249997 0.574344940625 0.22249676875 0.5762059921875 0.219826025 0.575388034375 0.1964028015625 0.5772490859375 0.1937320578125 0.5761584765625 0.1625010953125 0.578019528125 0.159830353125 0.57692891875 0.12859938906249999 0.5787899703125 0.1259286453125 0.578244665625 0.1103131640625 0.5752713203125001 0.10911411875000002 0.5732285015625 0.1065797015625 0.563468825 0.1069205171875 0.5606772484375 0.11092663124999999 0.5620405093749999 0.1499653359375 0.560179459375 0.15263607968749998 0.5610883 0.17866188125 0.5592272484375 0.181332625 0.559954321875 0.2021532671875 0.5580932703125 0.2048240109375 0.5591838796874999 0.2360549734375 0.557322828125 0.23872571874999998 0.5582316703125 0.26475152031250004 0.55637061875 0.2674222640625 0.557188575 0.2908454859375 0.555327525 0.2935162296875 0.5560545968749999 0.31433687187500003 0.554193546875 0.317007615625 0.555193271875 0.34563599843750004 0.5533322203125 0.3483067421875 0.5543319453125 0.37693512500000004 0.55247089375 0.37960586875 0.5533797359375 0.40563167031249997 0.551518684375 0.40830241406249995 0.55260929375 0.439533378125 0.5507482421875001 0.44220412187499997 0.5515662 0.46562734375000003 0.5497051484375 0.4682980859375 0.5506139890624999 0.4943238890625 0.5487529375 0.4969946328125 0.5493891265624999 0.51521269375 0.5504105359375 0.5164799046875 0.5621221484375 0.516070925 0.5630526734375 0.514735553125 0.564913725 0.5120648109375 0.563823115625 0.48083384687499997 0.565684165625 0.478163103125 0.5651388609375 0.46254762187500004 0.5669999125 0.45987687812500005 0.56618195625 0.43645365468749997 0.56804300625 0.4337829125 0.5667706296875 0.39734678749999996
0 0.58606484375 0.44618234531249995 0.585156003125 0.42015654218750004 0.5870170546875 0.4174858 0.586380865625 0.3992677375 0.5882419171875 0.39659699375 0.5874239593749999 0.373173771875 0.5892850109375 0.3705030296875 0.5885579375 0.3496823859375 0.5904189890625 0.34701164375000004 0.5895101484375 0.320985840625 0.5913711984375001 0.31831509687500004 0.5907350109375 0.30009703593750003 0.5925960609375001 0.2974262921875 0.5919598734375 0.2792082296875 0.5938209234375 0.2765374875 0.5930938515624999 0.25571684375000003 0.5949549015625 0.25304610156249996 0.5941369453124999 0.22962287812499999 0.595997996875 0.226952134375 0.5953618078125 0.208734071875 0.597222859375 0.2060633296875 0.5964049015625 0.1826401078125 0.5982659531250001 0.1799693640625 0.5973571125 0.1539435609375 0.5992181624999999 0.15127281875 0.598309321875 0.1252470140625 0.6001703734375 0.1225762703125 0.5998068359375 0.1121659515625 0.5987854265625 0.110898740625 0.59488155625 0.1110350671875 0.5928387374999999 0.1085006515625 0.585030996875 0.108773303125 0.5831699453125 0.1114440453125 0.580287484375 0.11284758125000001 0.5808327890625 0.1284630625 0.5789717375000001 0.13113380624999998 0.5799714625 0.1597621890625 0.5781104125 0.16243293125 0.5788374843749999 0.183253575 0.576976434375 0.1859243171875 0.5778852750000001 0.2119501203125 0.5760242234375 0.21462086406249997 0.57684218125 0.2380440875 0.5749811296875 0.2407148296875 0.57561731875 0.2589328921875 0.5737562671875 0.26160363593749997 0.574483340625 0.28242427812500004 0.5726222890625 0.285095021875 0.573258478125 0.3033130828125 0.5713974265624999 0.3059838265625 0.572033615625 0.32420188906249997 0.5701725640624999 0.32687263125 0.5710814046875 0.352898434375 0.5692203546875 0.355569178125 0.5700383109375 0.3789924015625 0.568177259375 0.38166314375 0.5690861015625 0.407688946875 0.56722505 0.410359690625 0.56804300625 0.4337829125 0.56618195625 0.43645365468749997 0.567090796875 0.4624794578125 0.5652297453124999 0.4651502015625 0.5664112390625 0.4989837453125 0.5645501875 0.5016544890625 0.5650046078125001 0.5146673890625 0.5660260187499999 0.5159346 0.5796895640625 0.5154574578125 0.580620090625 0.5141220843750001 0.5803474375000001 0.50631434375 0.5822084890625 0.5036436015625 0.581844953125 0.4932332796875 0.583706003125 0.4905625359375 0.583069815625 0.472344475 0.584930865625 0.46967373125 0.58420379375 0.448853090625 0.58606484375 0.44618234531249995
0 0.6028143046875 0.42214565625 0.6046753546875 0.4194749125 0.6038573984375 0.3960516890625 0.60571845 0.39338094687499997 0.6050822609375001 0.375162884375 0.6069433125 0.372492140625 0.6063071234375 0.3542740796875 0.6081681750000001 0.35160333593750004 0.6076228703125001 0.33598785468750003 0.6094839203125 0.3333171109375 0.6086659640625001 0.3098938875 0.610527015625 0.3072231453125 0.6099817109375001 0.2916076640625 0.6118427609375 0.28893692031249996 0.6111156890625 0.268116278125 0.6129767390625 0.265445534375 0.6123405515625 0.247227471875 0.6142016015625 0.24455672968750003 0.6133836453125 0.2211335078125 0.6152446953124999 0.21846276250000002 0.6146993921874999 0.20284728125 0.6165604421875 0.20017653750000003 0.615924253125 0.1819584765625 0.6177853046874999 0.1792877328125 0.6169673484375 0.1558645109375 0.6188283984375 0.1531937671875 0.6179195578125001 0.1271679640625 0.619780609375 0.12449722031249999 0.6192353046875 0.10888173906250001 0.616261959375 0.10768269374999999 0.614219140625 0.1051482765625 0.6064114 0.105420928125 0.6036198234375 0.10942704375000001 0.60371070625 0.112029625 0.60184965625 0.11470036718750001 0.6023949609375 0.1303158484375 0.600533909375 0.1329865921875 0.6011700984374999 0.1512046546875 0.599309046875 0.15387539687500001 0.5998543515625 0.1694908796875 0.5979933 0.17216162343750002 0.5986294890625 0.19037968593750002 0.5967684375 0.193050428125 0.5975863953125 0.21647365000000002 0.5957253437500001 0.21914439375 0.5963615328125 0.23736245625 0.59450048125 0.2400331984375 0.5951366703125001 0.2582512609375 0.59327561875 0.2609220046875 0.5940026921875 0.281742646875 0.592141640625 0.28441339062500004 0.5928687140625 0.3052340328125 0.5910076625 0.3079047765625 0.5916438515625 0.3261228375 0.5897827999999999 0.32879358125 0.5907825250000001 0.3574219640625 0.588921475 0.36009270781249997 0.5895576625000001 0.37831077031250004 0.5876966125 0.3809815125 0.588605453125 0.40700731562500003 0.5867444015625 0.409678059375 0.587380590625 0.4278961203125 0.5855195390625 0.4305668640625 0.5861557281249999 0.4487849265625 0.5842946765625 0.45145566875 0.5851126343749999 0.47487889218749996 0.5832515828125 0.47754963593750005 0.584069540625 0.5009728578125 0.5822084890625 0.5036436015625 0.5825720249999999 0.514053921875 0.5856362546875 0.5178555484375 0.5953959296875 0.5175147328125 0.59632645625 0.5161793609374999 0.5999576734375001 0.50823529375 0.5992306015625 0.487414653125 0.601091653125 0.484743909375 0.6005463484375 0.4691284265625 0.6024073984375 0.4664576828125 0.6015894421875 0.4430344609375 0.60345049375 0.44036371875 0.6028143046875 0.42214565625
0 0.6286438828125 0.4342724359375 0.627916809375 0.4134517953125 0.6297778609375 0.4107810515625 0.629141671875 0.392562990625 0.6310027234375 0.389892246875 0.630366534375 0.371674184375 0.6322275859375 0.36900344218750003 0.631591396875 0.3507853796875 0.6334524484374999 0.348114634375 0.632634490625 0.3246914125 0.6344955421875 0.32202067031250003 0.634041121875 0.3090077671875 0.635902171875 0.30633702500000004 0.6352659843749999 0.2881189625 0.637127034375 0.28544821875 0.6365817296875 0.2698327375 0.63844278125 0.2671619953125 0.6378065921875 0.2489439328125 0.63966764375 0.2462731890625 0.6389405703125 0.225452546875 0.640801621875 0.222781803125 0.6400745484375 0.2019611609375 0.6419355999999999 0.1992904171875 0.6412994109375 0.18107235625 0.6431604625 0.1784016125 0.6424333890625 0.157580971875 0.6393691609375 0.15377934531249998 0.619849809375 0.1544609765625 0.6189192828125 0.155796346875 0.6191010515625 0.1610015078125 0.61724 0.1636722515625 0.6178761890625 0.1818903140625 0.6160151375 0.18456105625000002 0.6167422109375 0.2053817 0.614881159375 0.2080524421875 0.6154264640625 0.2236679234375 0.6135654125000001 0.2263386671875 0.6142016015625 0.24455672968750003 0.6123405515625 0.247227471875 0.6130676234375 0.26804811562499997 0.611206571875 0.2707188578125 0.6118427609375 0.28893692031249996 0.6099817109375001 0.2916076640625 0.6106178984375 0.309825725 0.6087568484375 0.31249646875 0.6093930359375 0.33071453125 0.6075319859375 0.3333852734375 0.6081681750000001 0.35160333593750004 0.6063071234375 0.3542740796875 0.6071250796875 0.3776973015625 0.6052640296875 0.3803680453125 0.6059002171875 0.39858610781250003 0.6040391671875 0.4012568515625 0.6046753546875 0.4194749125 0.6028143046875 0.42214565625 0.6035413765625 0.442966296875 0.6016803265624999 0.445637040625 0.6024073984375 0.4664576828125 0.6005463484375 0.4691284265625 0.6012734203125001 0.48994906875 0.59941236875 0.4926198125 0.6002303265625 0.516043034375 0.6012517359375 0.51731024375 0.6227230234375 0.51656045 0.6236535484375 0.5152250781250001 0.6230173609375 0.49700701562500005 0.6248784109375001 0.49433627343750003 0.624242221875 0.47611821093750006 0.6261032734375 0.47344746718749997 0.62555796875 0.4578319859375 0.6274190203125001 0.45516124218750004 0.62678283125 0.43694318125000003 0.6286438828125 0.4342724359375
0 0.6420347765625001 0.42598755468749994 0.641489471875 0.410372071875 0.6433505234375 0.4077013296875 0.642714334375 0.38948326718750004 0.6445753859375001 0.3868125234375 0.64403008125 0.3711970421875 0.64589113125 0.3685263 0.6453458265625 0.35291081874999997 0.647206878125 0.350240075 0.6465706890625 0.3320220125 0.648431740625 0.3293512703125 0.6477046671875 0.30853062656249997 0.64956571875 0.305859884375 0.6490204140625 0.2902444015625 0.650881465625 0.2875736578125 0.6503361609375 0.2719581765625 0.6521972125 0.2692874328125 0.6515610234375 0.251069371875 0.653422075 0.248398628125 0.6526950015625 0.2275779859375 0.654556053125 0.22490724218749997 0.6539198640625 0.20668917968749997 0.6557809156250001 0.20401843749999998 0.6552356109375 0.18840295625 0.6570966609375 0.1857322125 0.6563695890625 0.1649115703125 0.6582306390625 0.1622408265625 0.6575944515625001 0.1440227640625 0.656573040625 0.14275555625 0.6526691703124999 0.1428918828125 0.6506263515625 0.1403574640625 0.64672248125 0.140493790625 0.642069853125 0.14717065000000001 0.643251346875 0.18100419375000001 0.6413902953124999 0.1836749359375 0.6421173687499999 0.2044955796875 0.6402563171875 0.207166321875 0.6407107375 0.22017922343750002 0.6388496875 0.22284996562499998 0.63966764375 0.2462731890625 0.6378065921875 0.2489439328125 0.63844278125 0.2671619953125 0.6365817296875 0.2698327375 0.637127034375 0.28544821875 0.6352659843749999 0.2881189625 0.6358112890625 0.3037344453125 0.6339502375 0.3064051890625 0.6346773109375 0.3272258296875 0.632816259375 0.3298965734375 0.6334524484374999 0.348114634375 0.631591396875 0.3507853796875 0.632409353125 0.3742086015625 0.630548303125 0.3768793453125 0.6310936078125 0.3924948265625 0.6292325562500001 0.39516556875000003 0.6298687453125 0.41338363125 0.62800769375 0.41605437500000003 0.62882565 0.4394775984375 0.6269646 0.442148340625 0.6275099046875 0.457763821875 0.625648853125 0.46043456562499996 0.6262850421875 0.478652628125 0.624423990625 0.48132337031250005 0.6251510640625 0.5021440140625 0.6232900124999999 0.5048147562499999 0.6236535484375 0.5152250781250001 0.624674959375 0.5164922859375001 0.6363865703125 0.5160833078125 0.6373170953125 0.5147479359375 0.636771790625 0.4991324546875 0.6386328421874999 0.4964617109375 0.6377240015625001 0.470435909375 0.6395850515625 0.46776516562500003 0.6389488625 0.449547103125 0.6408099140625 0.44687636093750005 0.640173725 0.42865829843750003 0.6420347765625001 0.42598755468749994
0 0.6573342375 0.4723568578125 0.6591952875 0.46968611562499996 0.6586499828125 0.454070634375 0.660511034375 0.45139988906250006 0.6597839624999999 0.4305792484375 0.6616450125 0.4279085046875 0.6611905921875 0.414895603125 0.66305164375 0.41222485937500003 0.6625063390625 0.396609378125 0.664367390625 0.393938634375 0.6639129687499999 0.38092573281250003 0.6657740203125 0.3782549890625 0.66513783125 0.360036928125 0.6669988828125 0.357366184375 0.666453578125 0.341750703125 0.6683146296875 0.339079959375 0.667769325 0.3234644765625 0.6696303765625 0.320793734375 0.669085071875 0.305178253125 0.6709461218749999 0.302507509375 0.6703099328125 0.284289446875 0.672170984375 0.2816187046875 0.6716256796875 0.2660032234375 0.6734867312499999 0.2633324796875 0.6729414265625 0.247716996875 0.6748024781249999 0.245046253125 0.6741662890625 0.2268281921875 0.6760273406249999 0.22415744843750002 0.6754820359375 0.2085419671875 0.6773430859375 0.20587122343750003 0.676888665625 0.19285832187500002 0.6787497171875 0.190187578125 0.6773864546875 0.1511488734375 0.6753436359375 0.1486144578125 0.6752527515625 0.1460118765625 0.6721885234375 0.1422102515625 0.6604769109374999 0.14261922968750002 0.6595463859375 0.1439546015625 0.6597281546875 0.14915976250000001 0.657867103125 0.15183050468749998 0.65877594375 0.1778563078125 0.65691489375 0.18052705156249998 0.6574601984374999 0.196142534375 0.655599146875 0.1988132765625 0.6559626828125 0.2092235984375 0.6541016328125 0.2118943421875 0.6546469359375 0.2275098234375 0.6527858859375 0.230180565625 0.653422075 0.248398628125 0.6515610234375 0.251069371875 0.6521972125 0.2692874328125 0.6503361609375 0.2719581765625 0.65097235 0.2901762390625 0.6491112984375 0.29284698124999997 0.6496566031250001 0.3084624625 0.6477955515625 0.3111332078125 0.648431740625 0.3293512703125 0.6465706890625 0.3320220125 0.647206878125 0.350240075 0.6453458265625 0.35291081874999997 0.64589113125 0.3685263 0.64403008125 0.3711970421875 0.6446662703125 0.38941510468749996 0.64280521875 0.3920858484375 0.6434414078125 0.41030390937499994 0.64158035625 0.41297465312500004 0.6421256609375 0.428590134375 0.640264609375 0.43126087812499997 0.6409916828125 0.45208152031250004 0.63913063125 0.4547522640625 0.6396759359375 0.47036774687499994 0.637814884375 0.4730384890625 0.6383601890625 0.4886539703125 0.6364991390625 0.4913247140625 0.6373170953125 0.5147479359375 0.640381325 0.5185495625 0.6462371296875 0.5183450734374999 0.64716765625 0.5170097015625 0.64809818125 0.5156743296874999 0.6539539875 0.515469840625 0.6548845125 0.51413446875 0.6547027437499999 0.508929309375 0.6565637953125 0.5062585656249999 0.656200259375 0.49584824375 0.6580613093750001 0.4931775015625 0.6573342375 0.4723568578125
0 0.6833889531249999 0.4349664515625 0.6828436484375 0.41935096875 0.6847046984375 0.416680225 0.6843411625 0.40626990625000003 0.6862022140625 0.40359916093750003 0.685566025 0.3853810984375 0.6874270765625 0.38271035625 0.686881771875 0.367094875 0.688742821875 0.36442413125 0.6881975171875 0.34880865 0.6900585687499999 0.34613790624999996 0.6896041484375 0.3331250046875 0.6914652 0.33045426093749997 0.6909198953125 0.31483877968749996 0.6927809453125 0.3121680375 0.692235640625 0.29655255468749997 0.6940966921875 0.2938818109375 0.6934605031250001 0.2756637484375 0.6953215546875 0.27299300625 0.69477625 0.257377525 0.6966373015625 0.25470678125 0.6960011125000001 0.23648871875 0.6978621640625 0.2338179765625 0.697316859375 0.2182024953125 0.699177909375 0.2155317515625 0.6987234890625 0.20251885 0.700584540625 0.19984810625 0.6999483515625 0.18163004375 0.7018094031250001 0.1789593015625 0.7011732140625 0.16074123906249999 0.703034265625 0.1580704953125 0.7025798453125 0.14505759375 0.7015584359375 0.1437903859375 0.69375069375 0.1440630390625 0.691707875 0.1415286203125 0.6799962640625 0.1419375984375 0.6790657375 0.1432729703125 0.680156346875 0.1745039328125 0.678295296875 0.177174678125 0.6789314859375 0.195392740625 0.677070434375 0.1980634828125 0.6774339703125001 0.20847380312500002 0.67557291875 0.2111445484375 0.6761182234375 0.2267600296875 0.6742571734375 0.229430771875 0.6748933609375001 0.247648834375 0.6730323109375 0.250319578125 0.673577615625 0.265935059375 0.6717165640625 0.2686058015625 0.6722618687499999 0.284221284375 0.6704008171875 0.286892028125 0.6709461218749999 0.302507509375 0.669085071875 0.305178253125 0.6696303765625 0.320793734375 0.667769325 0.3234644765625 0.6684055140625 0.3416825390625 0.6665444625 0.3443532828125 0.6669988828125 0.357366184375 0.66513783125 0.360036928125 0.6657740203125 0.3782549890625 0.6639129687499999 0.38092573281250003 0.6644582734375 0.3965412140625 0.6625972234375 0.3992119578125 0.6631425281250001 0.414827440625 0.6612814765625 0.41749818281250006 0.661735896875 0.43051108437499996 0.6598748453125001 0.43318182656250004 0.6606019187500001 0.45400247031249996 0.6587408671875 0.4566732125 0.659286171875 0.4722886953125 0.657425121875 0.4749594390625 0.6580613093750001 0.4931775015625 0.656200259375 0.49584824375 0.6562911421875001 0.4984508234375 0.659355371875 0.5022524500000001 0.6612164234375 0.49958170625 0.6690241640625 0.499309053125 0.6710669828125 0.501843471875 0.6769227890625 0.5016389828125 0.6778533140625 0.5003036109375001 0.6775806625 0.49249587031250003 0.6794417125 0.48982512656250005 0.6788964078124999 0.4742096453125 0.680757459375 0.4715389 0.6803030390625 0.458526 0.6821640906249999 0.45585525625 0.6815279015625 0.4376371953125 0.6833889531249999 0.4349664515625
0 0.72687683125 0.4490823453125 0.7287378828125 0.4464116015625 0.7282834625 0.43339869999999997 0.7301445140625 0.43072795625 0.729599209375 0.41511247500000004 0.731460259375 0.4124417328125 0.7310967234375 0.40203141093749994 0.732957775 0.39936066718749996 0.7324124703125 0.3837451859375 0.7342735203124999 0.38107444375 0.733909984375 0.37066412187500003 0.7357710359375 0.367993378125 0.73522573125 0.35237789531249997 0.7370867828125001 0.349707153125 0.736541478125 0.334091671875 0.738402528125 0.331420928125 0.7378572234375 0.315805446875 0.739718275 0.31313470312499997 0.7392638546875 0.3001218015625 0.7411249062499999 0.2974510578125 0.7404887171875 0.279232996875 0.74234976875 0.276562253125 0.7419862312500001 0.26615193125 0.7438472828125 0.2634811890625 0.743301978125 0.2478657078125 0.7451630296875 0.24519496406250002 0.744708609375 0.2321820625 0.746569659375 0.22951131875000003 0.7460243546875 0.21389583750000002 0.74788540625 0.21122509374999998 0.7474309859375 0.1982121921875 0.7492920375 0.19554144843750002 0.7487467328124999 0.1799259671875 0.7506077828125 0.177255225 0.750062478125 0.1616397421875 0.7449554296875001 0.1553036984375 0.7390996249999999 0.1555081890625 0.7370568046875 0.15297377031249998 0.7194893890625 0.1535872390625 0.71744656875 0.151052821875 0.7057349578125 0.1514618 0.70294338125 0.155467915625 0.703216034375 0.16327565625 0.7013549828125 0.1659463984375 0.701991171875 0.1841644609375 0.7001301203125 0.18683520468749998 0.700675425 0.2024506875 0.6988143734375 0.2051214296875 0.699359678125 0.2207369109375 0.6974986265625 0.22340765468749998 0.6979530484375001 0.23642055625 0.696091996875 0.23909129999999998 0.69681906875 0.259911940625 0.69495801875 0.262582684375 0.6955033234375 0.2781981671875 0.693642271875 0.2808689109375 0.6941875765625001 0.2964843921875 0.692326525 0.29915513437499996 0.6927809453125 0.3121680375 0.6909198953125 0.31483877968749996 0.6915560828125 0.3330568421875 0.6896950328125 0.3357275859375 0.6902403374999999 0.3513430671875 0.6883792859375 0.354013809375 0.688924590625 0.369629290625 0.6870635390625 0.3723000359375 0.68760884375 0.3879155171875 0.68574779375 0.39058626093750004 0.6862930984375 0.4062017421875 0.684432046875 0.40887248437499996 0.6848864671875 0.4218853875 0.683025415625 0.42455612968749995 0.6835707203125 0.4401716109375 0.6817096703125001 0.4428423546875 0.6822549734375001 0.4584578375 0.6803939234375 0.46112858125 0.680939228125 0.4767440625 0.6790781765625 0.4794148046875 0.6796234812499999 0.49503028593750004 0.6777624296875 0.4977010296875 0.6779441984375 0.502906190625 0.685094065625 0.5117766515625 0.69290180625 0.5115039984374999 0.6949446265625 0.514038415625 0.7183678484375 0.5132204578125 0.7192983734375 0.5118850875 0.7230204765625 0.5065436015625 0.7227478234375 0.498735859375 0.724608875 0.496065115625 0.7240635703125 0.48044963437500005 0.7259246218750001 0.47777889062499995 0.7254702015625 0.464765990625 0.7273312515625 0.46209524531249996 0.72687683125 0.4490823453125
0 0.7626478546875 0.466073471875 0.76210255 0.450457990625 0.7639636000000001 0.44778724687500004 0.7636000640625 0.43737692499999997 0.765461115625 0.43470618281249995 0.7648249265625 0.4164881203125 0.7666859781250001 0.4138173765625 0.766413325 0.40600963593749995 0.7682743765625 0.40333889375 0.76781995625 0.390325990625 0.7696810078125 0.3876552484375 0.7693174703125 0.3772449265625 0.771178521875 0.3745741828125 0.7706332171875 0.3589587015625 0.7724942687499999 0.356287959375 0.7720398484375 0.34327505625 0.7739008984375 0.3406043140625 0.7733555937500001 0.3249888328125 0.7752166453125 0.32231808906250003 0.774853109375 0.3119077671875 0.776714159375 0.309237025 0.7762597390625 0.296224121875 0.778120790625 0.2935533796875 0.7777572546875 0.2831430578125 0.7796183046875 0.2804723140625 0.7791638843750001 0.2674594140625 0.7810249359375 0.26478867031250003 0.780570515625 0.25177576875 0.7824315656249999 0.24910502499999998 0.7819771453125 0.23609212343750002 0.783838196875 0.23342137968749999 0.7834746609375001 0.22301105937500001 0.7853357109375 0.22034031562499998 0.78479040625 0.20472483437500003 0.7866514578125 0.202054090625 0.7861970375 0.1890411890625 0.7880580890625 0.1863704453125 0.7875127843749999 0.1707549640625 0.789373834375 0.168084221875 0.7891920671875 0.1628790609375 0.787149246875 0.16034464375 0.786036953125 0.1564748546875 0.7782292125 0.1567475078125 0.77618639375 0.1542130890625 0.7625228468749999 0.15469023125 0.760480028125 0.1521558140625 0.754624221875 0.15236030312499999 0.7527631718750001 0.155031046875 0.7498807109375 0.15643458125 0.7519235296875 0.1589689984375 0.75219618125 0.16677673906249998 0.7503351312500001 0.1694474828125 0.7507895515625 0.182460384375 0.7489285 0.18513112812500002 0.7493829203125 0.1981440296875 0.7475218703125 0.2008147734375 0.747976290625 0.21382767343750003 0.7461152390625 0.21649841718750001 0.74666054375 0.2321139 0.7447994921875 0.2347846421875 0.745344796875 0.2504001234375 0.743483746875 0.2530708671875 0.7439381671875 0.26608376875 0.742077115625 0.26875451250000004 0.7425315359375 0.2817674125 0.740670484375 0.28443815625 0.7413066734375 0.30265621875000004 0.7394456234375 0.3053269609375 0.73990004375 0.31833986406250003 0.7380389921875 0.32101060625 0.7385842968749999 0.3366260875 0.7367232453125 0.33929683125 0.737177665625 0.3523097328125 0.7353166156250001 0.3549804765625 0.7358619203125001 0.3705959578125 0.73400086875 0.3732667015625 0.7344552890625 0.386279603125 0.7325942375000001 0.388950346875 0.733048659375 0.40196324843750003 0.7311876078124999 0.4046339921875 0.73155114375 0.4150443109375 0.7296900921875 0.41771505624999994 0.73032628125 0.43593311874999996 0.72846523125 0.43860386093750003 0.7289196515625 0.45161676249999994 0.7270586 0.4542875046875 0.7275130203125 0.46730040781250004 0.72565196875 0.46997115 0.72601550625 0.480381471875 0.7241544546875 0.483052215625 0.72479064375 0.5012702765625 0.7229295921875 0.5039410203125 0.7230204765625 0.5065436015625 0.7260847046875 0.5103452265625 0.7377963171874999 0.5099362484375 0.7398391359375001 0.5124706640625 0.751550746875 0.5120616859375 0.7524812734374999 0.5107263140625 0.7553637328125 0.5093227812500001 0.7581553109375 0.505316665625 0.7579735421875 0.5001115046875 0.7598345937500001 0.49744076093749995 0.759380171875 0.48442785937500005 0.7612412234375 0.4817571171875 0.760786803125 0.46874421406250005 0.7626478546875 0.466073471875
0 0.779851734375 0.45504968281249997 0.7817127859374999 0.4523789390625 0.78134925 0.44196861875 0.7832103 0.439297875 0.7830285328125 0.434092715625 0.7848895828125 0.43142197031249996 0.78461693125 0.4236142296875 0.7864779828125 0.42094348593750003 0.7862053296875 0.4131357453125 0.78806638125 0.410465003125 0.787793728125 0.4026572625 0.7896547796875 0.39998651875 0.789109475 0.3843710375 0.7909705265625 0.3817002921875 0.790425221875 0.3660848109375 0.792286271875 0.36341406875 0.7918318515625 0.3504011671875 0.793692903125 0.3477304234375 0.7934202515625 0.33992268281250004 0.7952813015625 0.3372519390625 0.79500865 0.3294441984375 0.7968697 0.32677345468749996 0.795142903125 0.27732443125 0.797003953125 0.2746536859375 0.7966404171875 0.264243365625 0.7985014687499999 0.26157262187499997 0.7979561640624999 0.245957140625 0.799817215625 0.243286396875 0.7993627937500001 0.23027349687499998 0.8012238453125 0.227602753125 0.8008603093750001 0.21719243124999998 0.8027213609375 0.2145216890625 0.8025395921875 0.20931652656250002 0.80440064375 0.20664578437499997 0.80403710625 0.19623546249999999 0.8058981578125 0.19356471875 0.805352853125 0.1779492375 0.8072139046875 0.1752784953125 0.8069412515625001 0.1674707546875 0.8059198421874999 0.16620354375 0.802015971875 0.1663398703125 0.7999731531250001 0.16380545468750002 0.7902134765625 0.1641462703125 0.7892829515625001 0.16548164062499998 0.7896464875 0.1758919625 0.7877854359375001 0.1785627046875 0.7882398562499999 0.1915756078125 0.78637880625 0.19424634999999998 0.7867423421875 0.20465667187499997 0.784881290625 0.207327415625 0.7854265953125 0.22294289687500002 0.7835655453125 0.2256136390625 0.7839290812499999 0.23602396093750003 0.7820680296875 0.2386947046875 0.78252245 0.25170760625 0.7806614 0.25437835 0.7810249359375 0.26478867031250003 0.7791638843750001 0.2674594140625 0.7797091890625001 0.2830748953125 0.7778481375 0.2857456390625 0.7783025593749999 0.298758540625 0.7764415078125 0.301429284375 0.776895928125 0.314442184375 0.7750348765624999 0.31711292812499997 0.7753984140625 0.3275232484375 0.7735373625 0.3301939921875 0.7739917828125 0.34320689375 0.77213073125 0.3458776375 0.7725851515625 0.3588905375 0.7707241015624999 0.36156128125000003 0.771178521875 0.3745741828125 0.7693174703125 0.3772449265625 0.7697718906250001 0.390257828125 0.767910840625 0.392928571875 0.7683652609375 0.405941471875 0.7665042093750001 0.408612215625 0.7667768625 0.4164199578125 0.7649158109374999 0.4190907015625 0.765461115625 0.43470618281249995 0.7636000640625 0.43737692499999997 0.764054484375 0.45038982812499995 0.762193434375 0.4530605703125 0.7627387390625 0.46867605156250003 0.7608776875000001 0.4713467953125 0.7612412234375 0.4817571171875 0.759380171875 0.48442785937500005 0.7599254765625 0.500043340625 0.7580644265625 0.502714084375 0.7581553109375 0.505316665625 0.7612195390625 0.509118290625 0.77293115 0.5087093125 0.7738616765625 0.507373940625 0.7757227265625 0.5047031984375 0.7753591906249999 0.4942928765625 0.7772202421875 0.4916221328125 0.776765821875 0.47860923125 0.778626871875 0.4759384875 0.7782633359375 0.46552816718749995 0.7801243875 0.46285742343749997 0.779851734375 0.45504968281249997
0 0.839773053125 0.49204349531249997 0.8434951546875 0.4867020078125 0.8434042703125 0.48409942812500006 0.8452653218749999 0.48142868437499997 0.84499266875 0.47362094218750006 0.8468537203125001 0.4709502 0.8467628359375 0.4683476203125 0.8447200171875 0.4658132015625 0.8442655968749999 0.4528003015625 0.846126646875 0.4501295578125 0.8460357640625 0.447526978125 0.84399294375 0.44499256093749995 0.8458539953124999 0.44232181718749997 0.8453995750000001 0.42930891562499995 0.8472606265625 0.42663817187499997 0.8466244375 0.40842011093749997 0.8484854890625 0.4057493671875 0.8482128359375001 0.3979416265625 0.8500738875 0.3952708828125 0.8495285828125001 0.3796554 0.8513896328125 0.3769846578125 0.851026096875 0.3665743359375 0.8528871484374999 0.3639035921875 0.852432728125 0.3508906921875 0.854293778125 0.34821994843750004 0.8538393578125 0.335207046875 0.855700409375 0.33253630312500004 0.8549733359375 0.31171566093749997 0.8568343875 0.3090449171875 0.8562890828124999 0.2934294359375 0.858150134375 0.29075869375 0.8577865984375 0.280348371875 0.8596476484375 0.277677628125 0.859011459375 0.2594595671875 0.8579900500000001 0.2581923578125 0.850182309375 0.258465009375 0.8473907328125 0.26247112499999997 0.8479360375 0.27808660625 0.8460749859375 0.28075735 0.846620290625 0.29637283281250004 0.844759240625 0.2990435765625 0.8451227765624999 0.3094538953125 0.843261725 0.312124640625 0.8437161453125 0.325137540625 0.8418550953124999 0.327808284375 0.84221863125 0.33821860625 0.8403575796875 0.3408893484375 0.84099376875 0.3591074109375 0.8391327171875 0.36177815468749996 0.8395871375 0.37479105625 0.8377260874999999 0.37746179999999996 0.8382713921875 0.39307728124999997 0.8364103406250001 0.39574802343750004 0.8369556453125 0.41136350468750005 0.8350945937500001 0.41403425 0.8357307828125 0.4322523125 0.8338697312500001 0.4349230546875 0.8343241515625 0.44793595625 0.8324631015625 0.4506066984375 0.8330084062499999 0.46622218125000003 0.8311473546875 0.468892925 0.8314200078124999 0.476700665625 0.82955895625 0.479371409375 0.8301042609374999 0.494986890625 0.828243209375 0.4976576328125 0.830286028125 0.5001920515625 0.828424978125 0.5028627953125 0.8286067453125 0.5080679546875 0.8296281562500001 0.5093351625 0.832510615625 0.5079316281249999 0.8363236031250001 0.5051927218750001 0.8342807828125001 0.5026583046875001 0.8352113093750001 0.5013229328125 0.8372541281249999 0.50385735 0.8400457046875 0.49985123593749997 0.8399548203125 0.4972486546875 0.841815871875 0.49457791249999994 0.839773053125 0.49204349531249997
0 0.8323722171875 0.44800412031250003 0.83423326875 0.445333375 0.8336879640625 0.42971789375 0.8355490140624999 0.42704715000000004 0.8349128265625 0.40882908906250004 0.8367738765625001 0.40615834531250006 0.83631945625 0.39314544375 0.8381805078125 0.3904747 0.837453434375 0.369654059375 0.8393144859375001 0.36698331562500003 0.8389509500000001 0.35657299375 0.840812 0.3539022515625 0.8404484640625001 0.3434919296875 0.842309515625 0.3408211859375 0.8418550953124999 0.327808284375 0.8437161453125 0.325137540625 0.8430799578125001 0.3069194796875 0.8449410078125 0.3042487359375 0.8444865874999999 0.2912358359375 0.8463476390625001 0.288565090625 0.8459841015625 0.2781547703125 0.847845153125 0.2754840265625 0.8473907328125 0.26247112499999997 0.849251784375 0.2598003828125 0.8489791312499999 0.2519926421875 0.8508401828125001 0.2493218984375 0.8503857625 0.236308996875 0.8522468140624999 0.233638253125 0.8517923921874999 0.2206253515625 0.8536534437500001 0.2179546078125 0.8531081390624999 0.2023391265625 0.8549691906250001 0.1996683828125 0.8546056546875 0.1892580625 0.8564667046875 0.18658731875 0.855830515625 0.16836925625000002 0.8576915671875 0.1656985140625 0.8571462625 0.1500830328125 0.8590073140625 0.14741228906249998 0.85855289375 0.1343993875 0.86041394375 0.13172864374999999 0.8601412921874999 0.123920903125 0.8591198828125 0.1226536953125 0.8454563359374999 0.1231308359375 0.8397822984375001 0.1285404859375 0.8358784281249999 0.12867681250000002 0.8302043906250001 0.1340864609375 0.8263005203124999 0.1342227875 0.8235089437499999 0.1382289015625 0.8236907125 0.1434340640625 0.824712121875 0.14470127187499998 0.840327603125 0.14415596718749998 0.8413490124999999 0.145423175 0.8417125499999999 0.155833496875 0.8398514984375 0.158504240625 0.8400332671875 0.1637094015625 0.8430974953125 0.1675110265625 0.847001365625 0.16737470000000002 0.8480227749999999 0.168641909375 0.8485680796875 0.184257390625 0.8467070296875001 0.186928134375 0.84716145 0.199941034375 0.8453003984375 0.2026117796875 0.845663934375 0.21302210000000002 0.8438028843750001 0.2156928421875 0.844439071875 0.2339109046875 0.8425780218750001 0.23658165000000003 0.8430324421875 0.24959455 0.841171390625 0.25226529375 0.8416258109375001 0.26527819531249996 0.8397647609375 0.2679489390625 0.84021918125 0.2809618390625 0.8383581296875 0.28363258281250003 0.839085203125 0.304453225 0.8372241515625 0.30712396875 0.8374968031250001 0.31493170937500004 0.8356357531249999 0.3176024515625 0.8361810578125001 0.333217934375 0.8343200062499999 0.335888678125 0.8349561953125001 0.35410674062499997 0.8330951437499999 0.3567774828125 0.8336404484375001 0.3723929640625 0.8317793968749999 0.3750637078125 0.8323247015625 0.390679190625 0.8304636515625001 0.393349934375 0.830736303125 0.401157675 0.8288752515625 0.40382841718750007 0.8292387890624999 0.4142387390625 0.8273777375 0.4169094828125 0.8278321578125001 0.4299223828125 0.8259711062499999 0.4325931265625 0.8264255281249999 0.445606028125 0.8245644765625 0.448276771875 0.8250188968750001 0.4612896734375 0.8231578453124999 0.4639604171875 0.82370315 0.47957589843750004 0.8218420984374999 0.482246640625 0.8224782875000001 0.500464703125 0.8206172374999999 0.503135446875 0.8207990046875 0.5083406078125 0.8218204140625 0.509607815625 0.8257242843749999 0.5094714890625001 0.8266548109375 0.5081361171875 0.8285158625 0.5054653734375 0.8280614406250001 0.4924524734375 0.8299224921875 0.4897817296875 0.8294680718749999 0.476768828125 0.8313291234375001 0.474098084375 0.8311473546875 0.468892925 0.8330084062499999 0.46622218125000003 0.8323722171875 0.44800412031250003
0 0.8593357734374999 0.43663951562500003 0.861196825 0.4339687703125 0.8608332890625 0.4235584515625 0.8626943390624999 0.42088770625 0.862149034375 0.40527222500000004 0.8640100859375 0.40260148124999995 0.86346478125 0.386986 0.8653258328125 0.38431525781250003 0.8648714125 0.3713023546875 0.8667324624999999 0.3686316125 0.8662780421875 0.3556187109375 0.86813909375 0.35294796875 0.8676846734374999 0.33993506562500003 0.8695457234375 0.3372643234375 0.8691821875000001 0.3268540015625 0.8710432390625 0.3241832578125 0.8704979343750001 0.3085677765625 0.8723589859375 0.305897034375 0.8719045640624999 0.29288413125 0.8737656156250001 0.2902133890625 0.8733111953125 0.2772004859375 0.875172246875 0.27452974375 0.8747178265625 0.2615168421875 0.8765788765625 0.2588461 0.8757609203125 0.2354228765625 0.8776219703124999 0.2327521328125 0.8769857828125 0.2145340703125 0.8759643718750001 0.2132668625 0.8564450203125 0.21394849374999997 0.8536534437500001 0.2179546078125 0.8538352124999999 0.22315976875 0.8519741609375 0.22583051250000002 0.8524285812500001 0.2388434125 0.8505675296874999 0.24151415781250002 0.8511128343750001 0.2571296390625 0.8541770640624999 0.2609312640625 0.858080934375 0.2607949390625 0.85910234375 0.262062146875 0.85946588125 0.27247246875000003 0.8576048296875 0.2751432125 0.8579683656249999 0.28555353125 0.8561073140625 0.2882242765625 0.8567435031249999 0.3064423390625 0.854882453125 0.30911308125 0.8554277562499999 0.3247285625 0.85356670625 0.32739930625 0.8541120109375001 0.3430147875 0.852250959375 0.34568553125 0.8527053796875 0.35869843281249997 0.8508443296875001 0.3613691765625 0.85129875 0.374382078125 0.8494376984375 0.377052821875 0.84989211875 0.390065721875 0.8480310671875 0.392736465625 0.8484854890625 0.4057493671875 0.8466244375 0.40842011093749997 0.8469879734375001 0.41883043124999997 0.8451269218749999 0.42150117500000006 0.8456722265625001 0.43711665625 0.8438111765625 0.4397874 0.84435648125 0.45540288125000006 0.8424954296875 0.45807362500000004 0.8430407343749999 0.47368910625 0.8411796828125 0.47635985 0.8414523359375 0.484167590625 0.8395912843750001 0.48683833437499996 0.8401365890625 0.502453815625 0.8382755375000001 0.5051245578125 0.8433825859375 0.5114606015625001 0.8511903265624999 0.51118795 0.852120853125 0.5098525781250001 0.8559338390625 0.507113671875 0.8556611859375 0.49930593125 0.8575222374999999 0.4966351875 0.8567042812500001 0.4732119640625 0.85856533125 0.470541221875 0.8580200265625001 0.45492574062499996 0.859881078125 0.452254996875 0.8593357734374999 0.43663951562500003
0 0.8795821984375 0.456778525 0.87903689375 0.44116304375000004 0.8808979453125 0.43849230156249996 0.88026175625 0.42027423906249994 0.8821228078125 0.41760349531249996 0.88148661875 0.39938543437499996 0.8833476703124999 0.396714690625 0.8828932484375001 0.38370178906249996 0.8847543 0.3810310453125 0.8841181109375 0.3628129828125 0.8859791625 0.360142240625 0.8856156265624999 0.34973191875 0.8874766765625001 0.347061175 0.8868404890624999 0.3288431140625 0.8887015390625 0.3261723703125 0.8882471187500001 0.3131594703125 0.8901081703125 0.3104887265625 0.889744634375 0.3000784046875 0.8916056843750001 0.2974076625 0.8908786125000001 0.27658701875 0.8927396625 0.2739162765625 0.8921943578124999 0.2583007953125 0.894055409375 0.25563005156249996 0.8936918734375 0.2452197296875 0.8926704640625 0.243952521875 0.8829107875 0.2442933359375 0.88086796875 0.24175891875 0.8789160328125 0.24182708125 0.87612445625 0.245833196875 0.8764879921875 0.25624351875 0.8746269421875 0.2589142625 0.8750813624999999 0.2719271640625 0.8732203109375 0.2745979078125 0.8738564999999999 0.29281596875 0.8719954484375 0.29548671249999997 0.8724498687500001 0.3084996125 0.8705888187499999 0.31117035625 0.8711341234375001 0.32678583906249997 0.8692730718749999 0.3294565828125 0.8696366078125 0.339866903125 0.8677755578124999 0.342537646875 0.86813909375 0.35294796875 0.8662780421875 0.3556187109375 0.8667324624999999 0.3686316125 0.8648714125 0.3713023546875 0.8654167156250001 0.38691783750000003 0.863555665625 0.38958858125 0.8640100859375 0.40260148124999995 0.862149034375 0.40527222500000004 0.8627852234375 0.42349028750000006 0.860924171875 0.4261610296875 0.8613785921874999 0.43917393281250006 0.8595175421875 0.441844675 0.8601537312499999 0.46006273750000004 0.8582926796875 0.46273348125 0.858656215625 0.47314380156249997 0.8567951640624999 0.47581454531249995 0.8574313531250001 0.49403260781249997 0.8555703031249999 0.49670335000000004 0.8559338390625 0.507113671875 0.8589980671875 0.510915296875 0.8726616140625 0.51043815625 0.8735921390625 0.509102784375 0.8734103718749999 0.5038976234375 0.8752714234375001 0.50122688125 0.8748170015625 0.488213978125 0.8766780531249999 0.48554323593750004 0.8762236328125 0.472530334375 0.878084684375 0.46985959062499993 0.877721146875 0.4594492703125 0.8795821984375 0.456778525
0 0.9303325140625001 0.45500628593750003 0.92987809375 0.441993384375 0.93173914375 0.43932264062500004 0.931193840625 0.423707159375 0.933054890625 0.42103641718749996 0.9326004703124999 0.4080235140625 0.9344615218750001 0.40535277187499996 0.9340979859375 0.39494245 0.9359590359375 0.39227170624999996 0.935322846875 0.37405364531249996 0.9371838984374999 0.3713829015625 0.936729478125 0.3583700015625 0.9385905296875 0.3556992578125 0.938045225 0.340083775 0.939906275 0.33741303125 0.9393609703125 0.32179755 0.941222021875 0.31912680781249997 0.9406767171875 0.3035113265625 0.94253776875 0.3008405828125 0.9420833484375001 0.28782768124999997 0.9439443984375 0.2851569375 0.9433990953125001 0.26954145625 0.9452601453125 0.2668707125 0.9447148406249999 0.2512552296875 0.9465758921875 0.2485844875 0.9460305874999999 0.23296900625 0.9478916390625001 0.2302982625 0.9473463343749999 0.21468278125 0.949207384375 0.2120120359375 0.9487529640625001 0.19899913593750002 0.950614015625 0.1963283921875 0.9500687109375001 0.1807129109375 0.9490473015625 0.1794457015625 0.9412395609375 0.1797183546875 0.939196740625 0.1771839375 0.9333409359375 0.1773884265625 0.930549359375 0.181394540625 0.9310037796874999 0.19440744375000002 0.929142728125 0.19707818593749998 0.9297789171874999 0.2152962484375 0.927917865625 0.21796699218749999 0.9283722859375001 0.23097989375 0.9265112359375 0.23365063749999998 0.927056540625 0.24926611875 0.9251954890625 0.2519368609375 0.925831678125 0.27015492343749997 0.9239706265625 0.2728256671875 0.9243341624999999 0.2832359875 0.9224731125 0.28590673125 0.9228366484375 0.296317053125 0.9209755968750001 0.2989877953125 0.9214300171875 0.312000696875 0.9195689671875 0.314671440625 0.9200233875 0.32768434218750003 0.9181623359375 0.330355084375 0.918798525 0.348573146875 0.9169374734375 0.351243890625 0.91739189375 0.3642567921875 0.91553084375 0.3669275359375 0.91616703125 0.385145596875 0.9143059812500001 0.38781634062500003 0.9147604015624999 0.4008292421875 0.91289935 0.40349998593749997 0.9134446546874999 0.41911546718750003 0.911583603125 0.4217862109375 0.9119471406249999 0.43219653124999996 0.9100860890625 0.43486727500000005 0.9106313937499999 0.45048275625 0.9087703421875 0.4531535 0.9092247625000001 0.4661664015625 0.9073637124999999 0.4688371453125 0.9079090171875001 0.48445262656250004 0.9060479656249999 0.48712336875 0.9064115015624999 0.49753369062499997 0.9045504515625 0.500204434375 0.9047322187500001 0.5054095953125 0.9077964484375001 0.5092112203125 0.9234119296875001 0.508665915625 0.9243424546875 0.5073305453125 0.9242515718750001 0.5047279640625 0.926112621875 0.5020572203125 0.9257490859375 0.4916469 0.9276101375 0.48897615625 0.9270648328125001 0.473360675 0.9289258828125 0.4706899296875 0.9284714624999999 0.4576770296875 0.9303325140625001 0.45500628593750003
0 0.907000175 0.4584268234375 0.9088612265625 0.45575607968750004 0.9084976906250001 0.445345759375 0.910358740625 0.442675015625 0.9099952046875 0.43226469375 0.9118562562499999 0.4295939515625 0.9113109515625 0.41397847031249996 0.9131720031249999 0.4113077265625 0.9126266984375 0.39569224375 0.9144877484375 0.3930215 0.9140333281249999 0.3800086 0.9158943796875001 0.37733785625 0.915439959375 0.3643249546875 0.9173010093749999 0.3616542109375 0.9165739374999999 0.34083356875000004 0.9184349890625001 0.338162825 0.917889684375 0.32254734375 0.9197507343750001 0.3198766015625 0.9191145468749999 0.3016585390625 0.9209755968750001 0.2989877953125 0.9207029453125 0.29118005468749997 0.9196815359375 0.28991284687499996 0.9157776640625 0.290049171875 0.9137348453125 0.2875147546875 0.8981193640624999 0.288060059375 0.8971888390625 0.28939543125 0.8977341421875 0.3050109140625 0.8997769625 0.30754532968750004 0.8999587296874999 0.3127504921875 0.8980976796875 0.31542123437499997 0.8986429843750001 0.331036715625 0.8967819328125 0.333707459375 0.897236353125 0.34672036093749997 0.8953753015625001 0.3493911046875 0.89592060625 0.3650065859375 0.89405955625 0.3676773296875 0.8946957453125 0.385895390625 0.89283469375 0.388566134375 0.8931982296875001 0.39897645625 0.8913371781249999 0.4016471984375 0.8917916 0.41466010156250005 0.8899305484375001 0.41733084375 0.890475853125 0.43294632499999997 0.8886148015625001 0.43561706874999995 0.889069221875 0.44862997031249996 0.887208171875 0.45130071406249994 0.887844359375 0.46951877656249996 0.885983309375 0.47218951875000004 0.8864377296875 0.48520242031249994 0.884576678125 0.4878731625 0.8852128671875 0.506091225 0.883351815625 0.50876196875 0.8864160453125001 0.5125635953125001 0.8961757203125 0.5122227796875001 0.8971062468750001 0.51088740625 0.8999887078125001 0.5094838734375 0.9008283484374999 0.5055459203125 0.9045504515625 0.500204434375 0.9041869140625 0.4897941125 0.9060479656249999 0.48712336875 0.9055935453125 0.47411046875 0.9074545953125 0.47143972500000003 0.907000175 0.4584268234375
0 0.8886148015625001 0.43561706874999995 0.890475853125 0.43294632499999997 0.8899305484375001 0.41733084375 0.8917916 0.41466010156250005 0.8914280625 0.4042497796875 0.8932891140624999 0.4015790359375 0.892743809375 0.38596355312499997 0.8946048609374999 0.3832928109375 0.894150440625 0.370279909375 0.8960114906250001 0.36760916718750003 0.8954661859374999 0.351993684375 0.8973272375000001 0.34932294062499997 0.8967819328125 0.333707459375 0.8986429843750001 0.331036715625 0.8980976796875 0.31542123437499997 0.8999587296874999 0.3127504921875 0.8998678468750001 0.3101479109375 0.8968036171874999 0.306346284375 0.8909478125 0.30655077343750003 0.8900172859375 0.3078861453125 0.8901990546875 0.31309130625 0.8883380031250001 0.3157620484375 0.8888833078125 0.33137753124999997 0.8870222562500001 0.334048275 0.8875675609375 0.34966375625 0.8857065109375 0.3523345 0.8861609312500001 0.3653474015625 0.8842998796874999 0.3680181453125 0.884845184375 0.3836336265625 0.8829841328124999 0.38630436874999996 0.8835294375 0.40191984999999997 0.8816683875000001 0.40459059531249997 0.8822136921875 0.42020607656250003 0.8803526406250001 0.4228768203125 0.8809888296875 0.44109488125 0.8791277781250001 0.443765625 0.8794913140625 0.45417594687499996 0.8776302640625 0.45684668906250003 0.8781755671875 0.4724621703125 0.8763145171875 0.47513291406249997 0.8767689375 0.488145815625 0.8749078859375 0.49081655937499996 0.875544075 0.5090346218749999 0.8765654843749999 0.5103018296874999 0.8804693546875001 0.510165503125 0.8813998812499999 0.5088301328125 0.8850310984374999 0.500886065625 0.884576678125 0.4878731625 0.8864377296875 0.48520242031249994 0.885983309375 0.47218951875000004 0.887844359375 0.46951877656249996 0.8872990546875 0.45390329375 0.88916010625 0.45123255 0.8886148015625001 0.43561706874999995
0 0.8630310906249999 0.9342094890625001 0.860988271875 0.9316750734375001 0.8604429671875 0.916059590625 0.8584001484374999 0.9135251734375001 0.8580366109374999 0.9031148515625 0.8559937921874999 0.9005804359375 0.8559029078125 0.8979778546875 0.8518172703125 0.892909021875 0.8516355015625001 0.887703859375 0.8474589781249999 0.8800324453125 0.8472772109375001 0.874827284375 0.843191571875 0.8697584515625 0.8429189203125 0.8619507093750001 0.8408761 0.8594162921875 0.8406943312499999 0.8542111328124999 0.8386515125 0.8516767140624999 0.8383788609374999 0.8438689734375 0.8363360406250001 0.84133455625 0.8360633890625 0.8335268156250001 0.83402056875 0.8309923984375001 0.8338388015625 0.8257872374999999 0.83179598125 0.8232528218749999 0.8316142140625 0.8180476593750001 0.82957139375 0.8155132437500001 0.8293896265624999 0.81030808125 0.8273468062499999 0.807773665625 0.8270741546875 0.799965925 0.8250313359374999 0.7974315078124999 0.8248495671875 0.7922263468749999 0.8228067484375 0.7896919296875 0.8226249796875 0.78448676875 0.8205821609375 0.7819523515625 0.8204003921874999 0.7767471921875 0.8183575718749999 0.7742127734375 0.8181758046875001 0.7690076140625 0.816132984375 0.766473196875 0.8158603328125 0.7586654546875 0.8138175140625 0.7561310375 0.8136357453124999 0.750925878125 0.8115929265625 0.748391459375 0.8114111578125 0.7431863 0.8093683390624999 0.7406518828124999 0.8091865703125001 0.735446721875 0.8071437515625 0.7329123046875 0.8069619828124999 0.72770714375 0.8049191640625001 0.7251727265625 0.8047373953125 0.7199675671875 0.8026945765625 0.7174331484375001 0.8024219234375 0.7096254078124999 0.8003791046875 0.7070909921874999 0.8001973359375001 0.7018858296875 0.7981545171875 0.6993514140625 0.7979727484375 0.694146253125 0.7959299296875 0.6916118359375 0.7957481609375 0.686406675 0.7937053421875 0.683872259375 0.7934326890625 0.6760645171874999 0.7892561671875 0.668393103125 0.7890743984374999 0.6631879421875 0.7870315796875 0.6606535250000001 0.7859192859374999 0.6567837359375 0.7781115437499999 0.6570563890625001 0.77402590625 0.651987553125 0.7720739703125 0.6520557171875 0.76798833125 0.6469868828124999 0.7620416421875 0.6445887906250001 0.757956003125 0.6395199578125 0.7540521328125 0.6396562828125 0.7520093140624999 0.637121865625 0.750057378125 0.637190028125 0.745971740625 0.6321211953125 0.7440198046875001 0.6321893578125 0.7338965921875 0.6221198515624999 0.7319446578125001 0.6221880140625 0.7259070828125 0.6171873437500001 0.7220032125 0.6173236703125 0.7210726875 0.618659040625 0.72125445625 0.623864203125 0.7365756 0.64287233125 0.7385275359375 0.64280416875 0.7466988125 0.6529418359375 0.7486507484375 0.6528736734375 0.7517149765625 0.6566752984375 0.7518967453125 0.6618804609375 0.755982384375 0.6669492953125 0.75607326875 0.669551875 0.7581160875 0.6720862921874999 0.75829785625 0.6772914531249999 0.760340675 0.67982586875 0.76052244375 0.6850310312500001 0.7625652625 0.687565446875 0.76274703125 0.692770609375 0.76478985 0.695305025 0.76497161875 0.7005101859375 0.7670144375 0.7030446031250001 0.76719620625 0.7082497640625001 0.769239025 0.7107841796875001 0.7694207937499999 0.7159893421875 0.773597315625 0.7236607562499999 0.773779084375 0.7288659171874999 0.775821903125 0.731400334375 0.7760036718750001 0.7366054937500001 0.778046490625 0.7391399125 0.778228259375 0.744345071875 0.780271078125 0.746879490625 0.780452846875 0.75208465 0.7824956656250001 0.7546190671875 0.782677434375 0.7598242281250001 0.7847202531249999 0.7623586453125 0.784902021875 0.76756380625 0.786944840625 0.7700982234375 0.787126609375 0.7753033828125 0.7913031312500001 0.7829747984375001 0.7914849 0.7881799578125 0.7935277203125 0.7907143750000001 0.7937094874999999 0.7959195359375 0.7957523078125 0.798453953125 0.795934075 0.8036591140624999 0.7979768953125 0.8061935312499999 0.7981586625 0.811398690625 0.8002014828125 0.813933109375 0.80038325 0.8191382687500001 0.8024260703125 0.8216726859374999 0.8026078375000001 0.826877846875 0.8046506578124999 0.8294122640625 0.8048324250000001 0.834617425 0.8068752453125001 0.8371518421875 0.8070570125 0.8423570015624999 0.8112335359375 0.8500284171875 0.811415303125 0.8552335781249999 0.8134581234375 0.8577679953124999 0.8136398921874999 0.86297315625 0.8156827109375 0.865507571875 0.8158644796875001 0.8707127343750001 0.8179072984375001 0.8732471500000001 0.8180890671875 0.8784523125 0.8201318859375 0.880986728125 0.8203136546875 0.8861918890625 0.8223564734375 0.88872630625 0.8225382421875 0.8939314671874999 0.8245810609375 0.8964658828125 0.8247628296875 0.9016710453125001 0.8268056484375 0.9042054609375001 0.8268965328125001 0.9068080421875001 0.8289393515624999 0.9093424593749999 0.8291211203125 0.9145476203125 0.8332976421874999 0.9222190343750001 0.8335702953125 0.930026775 0.8377468171875 0.937698190625 0.8379285859375001 0.9429033499999999 0.8399714046875 0.9454377671874999 0.8401531734375001 0.950642928125 0.8432174031249999 0.954444553125 0.8451693375 0.954376390625 0.84721215625 0.9569108078124999 0.851116028125 0.9567744828125001 0.852046553125 0.9554391109375 0.8529770781250001 0.9541037375 0.8568809484375001 0.9539674125 0.8606030515624999 0.9486259265625 0.8625549859375001 0.9485577624999999 0.8653465625000001 0.9445516484375001 0.865255678125 0.9419490671874999 0.863212859375 0.93941465 0.8630310906249999 0.9342094890625001
0 0.81023795625 0.9334473125 0.8081951374999999 0.9309128953125001 0.80801336875 0.9257077359375 0.8038368468750001 0.9180363203124999 0.80356419375 0.9102285796875 0.799387671875 0.902557165625 0.7992059031250001 0.8973520031250001 0.7971630843749999 0.8948175875000001 0.796981315625 0.8896124249999999 0.7928047921875 0.8819410109374999 0.7926230249999999 0.8767358515625 0.7905802046875 0.8742014328125001 0.7903984375 0.8689962734375 0.7883556171875 0.8664618562499999 0.78817385 0.8612566953125 0.7861310296874999 0.858722278125 0.785858378125 0.8509145374999999 0.7816818546875 0.8432431218750001 0.7815000875 0.8380379625 0.7794572671875 0.83550354375 0.7792755 0.830298384375 0.7772326796875 0.8277639671875001 0.7770509125 0.82255880625 0.7750080921875 0.8200243890625 0.774826325 0.8148192296874999 0.7727835046875 0.8122848109374999 0.7726017374999999 0.8070796515625001 0.7705589171875 0.8045452328125 0.7703771500000001 0.7993400734375 0.7683343296875 0.79680565625 0.7681525625 0.7916004953125 0.7661097421874999 0.7890660781250001 0.765927975 0.7838609171875001 0.7638851546875001 0.7813265 0.7637033875 0.7761213406249999 0.7595268640625 0.768449925 0.7593450953125 0.763244765625 0.7573022765624999 0.7607103484375 0.7571205078125 0.7555051875000001 0.7529439859375 0.7478337734375 0.7527622171874999 0.7426286109375 0.7507193984375 0.7400941953125 0.7504467453125 0.7322864546875001 0.7484039265625 0.7297520375000001 0.7482221578125 0.7245468765624999 0.7440456359375001 0.7168754625 0.7438638671875 0.7116703 0.7418210484375 0.709135884375 0.7416392796875 0.703930721875 0.7395964609375001 0.70139630625 0.7394146921875 0.6961911453125 0.73523816875 0.6885197296875 0.7350564015625001 0.6833145703125 0.729949353125 0.6769785265625 0.7260454828125 0.677114853125 0.724275315625 0.682388178125 0.7223233796875 0.682456340625 0.7204623296875 0.6851270828125 0.7146974078125 0.687934153125 0.7137668828125 0.6892695234375 0.7139486500000001 0.6944746859375 0.7159914703125 0.6970091015625 0.7161732375 0.7022142640625 0.7182160578125 0.7047486796875 0.718397825 0.709953840625 0.7204406453125001 0.7124882578125 0.7206224125 0.7176934187499999 0.7226652328125 0.7202278343749999 0.722847 0.725432996875 0.7248898203125 0.7279674125 0.7250715875 0.733172575 0.7271144078125 0.735706990625 0.727296175 0.7409121515625 0.7293389953125 0.74344656875 0.7295207625 0.7486517296875 0.7336972859374999 0.7563231453125 0.7338790546875 0.7615283046875 0.7359218734375 0.764062721875 0.7361945249999999 0.7718704625 0.7403710484375 0.7795418781250001 0.7405528171875 0.7847470375000001 0.7425956359375 0.78728145625 0.7427774046875 0.792486615625 0.7448202234375 0.7950210328125 0.7450019921875 0.80022619375 0.7470448109375 0.8027606109375001 0.7472265796875 0.807965771875 0.7514031015625 0.8156371859375 0.7515848703125 0.8208423453125 0.7536276890625 0.8233767640625 0.7538094578125001 0.8285819234374999 0.7558522765625 0.8311163421875 0.7560340453125 0.8363215015625001 0.7580768640625 0.83885591875 0.7582586328125 0.8440610796874999 0.7624351546875 0.8517324937499999 0.7626169234375 0.8569376562500001 0.7646597421875 0.8594720718750001 0.7648415109375 0.8646772328125 0.76688433125 0.86721165 0.7670660984375 0.8724168109375 0.76910891875 0.8749512265625 0.7692906859375 0.8801563890624999 0.77133350625 0.8826908046874999 0.7715152734374999 0.8878959671875 0.775691796875 0.89556738125 0.7758735640625 0.900772540625 0.777916384375 0.9033069593749999 0.7780981515625001 0.90851211875 0.782274675 0.9161835343750001 0.78245644375 0.92138869375 0.7844992625 0.9239231109375 0.78468103125 0.929128271875 0.78672385 0.9316626890625 0.7868147343749999 0.9342652703125 0.79099125625 0.941936684375 0.7891302062500001 0.9446074265625001 0.791173025 0.9471418453125 0.79135479375 0.9523470046875 0.7933976125 0.9548814218749999 0.793488496875 0.957484003125 0.7985955453125 0.9638200453125 0.80147800625 0.9624165109374999 0.8043604671875 0.9610129765625001 0.8062215171875 0.9583422328125 0.8120773234374999 0.95813774375 0.8148688999999999 0.954131628125 0.8128260812500001 0.9515972109374999 0.81246254375 0.9411868906249999 0.810419725 0.9386524734374999 0.81023795625 0.9334473125
0 0.7656160984375 0.9428228046875 0.7635732796875 0.9402883875000001 0.7633915109375 0.9350832265625 0.7592149890625 0.9274118124999999 0.7589423359375 0.919604071875 0.7568995171874999 0.917069653125 0.7567177484375 0.9118644937499999 0.7546749296875 0.9093300765624999 0.7544022781249999 0.901522334375 0.7502257546875 0.8938509203124999 0.749953103125 0.8860431796875 0.7457765796875 0.878371765625 0.7455948109375 0.8731666046875001 0.7435519921875 0.8706321875 0.7433702234374999 0.8654270265624999 0.7413274046875 0.862892609375 0.7411456359375 0.85768745 0.7391028171875 0.8551530312500001 0.7389210484375 0.849947871875 0.7368782296874999 0.8474134531249999 0.7366055765625 0.8396057125 0.7324290546875 0.8319342984375 0.7322472859375 0.8267291390624999 0.7302044671875 0.8241947203125 0.7300226984375 0.8189895609375 0.7279798796875 0.8164551421875 0.7277981109375 0.8112499828124999 0.7257552921875 0.8087155656249999 0.7255735234375 0.8035104046875 0.7235307046874999 0.8009759875 0.7233489359374999 0.7957708265625001 0.7213061171875 0.7932364093750001 0.7211243484375001 0.78803125 0.7190815296874999 0.7854968312499999 0.7188997609375 0.7802916718749999 0.7147232390625 0.7726202578125 0.7145414703124999 0.7674150953125001 0.7124986515625 0.7648806796875001 0.7123168828125 0.7596755171875 0.7102740640625 0.7571411015625 0.7100922953125 0.751935940625 0.7080494749999999 0.7494015234375 0.7078677078125 0.7441963625 0.7058248875 0.7416619468750001 0.7056431203125 0.736456784375 0.7036003 0.7339223687499999 0.7034185328125 0.72871720625 0.7013757125 0.726182790625 0.7011939453125 0.7209776296875 0.699151125 0.7184432125 0.6989693578125 0.7132380515625 0.6969265375 0.710703634375 0.6967447703125 0.7054984734375 0.692568246875 0.697827059375 0.6923864796875 0.6926218984375 0.6903436593750001 0.69008748125 0.6901618921875 0.6848823203125 0.688119071875 0.6823479031249999 0.6879373046875 0.6771427437499999 0.685894484375 0.674608325 0.685712715625 0.669403165625 0.683669896875 0.6668687484375 0.6835790125 0.66426616875 0.6723435062500001 0.6503268734375001 0.6684396359375 0.6504632 0.6675999953125 0.6544011515625 0.6696428140624999 0.65693556875 0.6697336984375 0.6595381484375 0.667872646875 0.6622088921875 0.6684179515625 0.6778243734375 0.670460771875 0.6803587921875 0.6707334234375 0.6881665328125 0.6727762421875 0.6907009484375 0.6728671265624999 0.6933035296875001 0.67704365 0.70097494375 0.6773163015625 0.708782684375 0.6814928250000001 0.7164541 0.6817654765625 0.724261840625 0.685942 0.7319332546874999 0.6861237671875 0.737138415625 0.6881665875 0.7396728328125 0.6883483546875 0.7448779937500001 0.690391175 0.7474124109375 0.6905729421875 0.7526175703125 0.6926157625 0.7551519890625 0.69279753125 0.7603571484375 0.69484035 0.762891565625 0.6950221187500001 0.7680967265625 0.6970649375 0.77063114375 0.69724670625 0.7758363046875 0.701423228125 0.7835077187499999 0.701604996875 0.7887128796875 0.703647815625 0.7912472968750001 0.703829584375 0.7964524578125001 0.705872403125 0.798986875 0.706054171875 0.8041920359375 0.71023069375 0.81186345 0.7104124625 0.8170686109374999 0.71245528125 0.819603028125 0.7127279343749999 0.8274107687500001 0.714770753125 0.8299451859375001 0.714952521875 0.835150346875 0.71912904375 0.8428217609375 0.7193108125000001 0.848026921875 0.72135363125 0.8505613390625 0.7215353999999999 0.8557665 0.72357821875 0.8583009171875 0.7237599875 0.8635060765624999 0.7279365109375 0.8711774921875 0.728118278125 0.8763826515625001 0.7301610984375 0.8789170703125 0.7303428656250001 0.8841222296875 0.7323856859375 0.8866566468749999 0.7326583375 0.8944643875 0.7368348609375001 0.902135803125 0.737016628125 0.9073409625 0.7390594484374999 0.90987538125 0.739241215625 0.9150805406250001 0.7412840359375 0.9176149578125001 0.741465803125 0.92282011875 0.7435086234375 0.9253545359375 0.7436903906250001 0.9305596968750001 0.7478669140624999 0.9382311109374999 0.7480486828124999 0.943436271875 0.7500915015625 0.9459706890625 0.7502732703125 0.9511758499999999 0.7544497921875 0.958847265625 0.7546315609375001 0.964052425 0.7566743796875001 0.9665868421875 0.7568561484375 0.9717920031249999 0.7588989671874999 0.9743264203124999 0.7611235546875 0.9820659984375 0.764187784375 0.9858676234375 0.7680916546875001 0.9857312984375 0.7690221796875 0.984395925 0.7747871015625 0.9815888562499999 0.774423565625 0.971178534375 0.7723807453125 0.9686441171875 0.7721989781249999 0.9634389578125001 0.7680224546875001 0.9557675421875 0.7678406859375 0.9505623828124999 0.7657978671875 0.9480279640625 0.7656160984375 0.9428228046875
0 0.8358857671875001 0.9403689343750001 0.8356131140624999 0.93256119375 0.8335702953125 0.930026775 0.8333885265625 0.9248216156250001 0.8313457078125 0.922287196875 0.8311639390625001 0.9170820375 0.8270782999999999 0.9120132015625 0.8268965328125001 0.9068080421875001 0.8248537125000001 0.9042736250000001 0.8245810609375 0.8964658828125 0.8204045375 0.8887944687499999 0.8202227703125 0.883589309375 0.81817995 0.881054890625 0.8179981828124999 0.87584973125 0.8159553624999999 0.8733153124999999 0.8156827109375 0.865507571875 0.8115061875 0.8578361578125 0.8113244203125 0.8526309984375 0.8092815999999999 0.8500965796875001 0.8090998328125 0.8448914203125 0.8070570125 0.8423570015624999 0.8068752453125001 0.8371518421875 0.8048324250000001 0.834617425 0.8046506578124999 0.8294122640625 0.800474134375 0.82174085 0.8002014828125 0.813933109375 0.7981586625 0.811398690625 0.7979768953125 0.8061935312499999 0.795934075 0.8036591140624999 0.7957523078125 0.798453953125 0.7937094874999999 0.7959195359375 0.7935277203125 0.7907143750000001 0.789351196875 0.7830429609375 0.789169428125 0.7778378015625 0.787126609375 0.7753033828125 0.786944840625 0.7700982234375 0.784902021875 0.76756380625 0.7847202531249999 0.7623586453125 0.782677434375 0.7598242281250001 0.7824956656250001 0.7546190671875 0.780452846875 0.75208465 0.780271078125 0.746879490625 0.778228259375 0.744345071875 0.778046490625 0.7391399125 0.7760036718750001 0.7366054937500001 0.775821903125 0.731400334375 0.77164538125 0.7237289203125 0.7714636125000001 0.7185237578125 0.7694207937499999 0.7159893421875 0.769239025 0.7107841796875001 0.76719620625 0.7082497640625001 0.7670144375 0.7030446031250001 0.76497161875 0.7005101859375 0.76478985 0.695305025 0.76274703125 0.692770609375 0.7625652625 0.687565446875 0.76052244375 0.6850310312500001 0.760340675 0.67982586875 0.75829785625 0.6772914531249999 0.758206971875 0.674688871875 0.7540304484375 0.6670174578125 0.7518058609375 0.6592778796875 0.7487416328125 0.6554762546874999 0.746789696875 0.6555444171875 0.7406612390625 0.647941165625 0.738709303125 0.648009328125 0.7365756 0.64287233125 0.734623665625 0.6429404953125 0.7305380265625 0.637871659375 0.7245913374999999 0.6354735687499999 0.7102916015625 0.6177326484375001 0.7044357953125 0.6179371375 0.7035052703125 0.619272509375 0.7037779234375 0.62708025 0.7126979578125 0.6306773859375 0.7157621859375001 0.6344790125 0.7158530703125 0.6370815921874999 0.719847825 0.639547846875 0.72002959375 0.6447530078125 0.7171471328125001 0.6461565421875 0.7149225453125 0.6384169640625 0.7090667390625 0.6386214531250001 0.7081362140625 0.6399568265625 0.70849975 0.6503671453125001 0.7156496171875 0.6592376078125 0.7215963078125001 0.661635696875 0.73078899375 0.673040575 0.730879878125 0.67564315625 0.7329226984375 0.6781775734375 0.73301358125 0.680780153125 0.7350564015625001 0.6833145703125 0.7351472859375 0.6859171515625 0.7393238078125 0.693588565625 0.7395964609375001 0.70139630625 0.7437729828124999 0.709067721875 0.7439547515625 0.71427288125 0.7459975703125 0.7168072984375 0.7462702234374999 0.7246150390625 0.7504467453125 0.7322864546875001 0.7507193984375 0.7400941953125 0.7548959203125001 0.747765609375 0.7550776890625001 0.7529707703125 0.7571205078125 0.7555051875000001 0.7573022765624999 0.7607103484375 0.7593450953125 0.763244765625 0.7595268640625 0.768449925 0.7637033875 0.7761213406249999 0.7638851546875001 0.7813265 0.765927975 0.7838609171875001 0.7661097421874999 0.7890660781250001 0.7681525625 0.7916004953125 0.7683343296875 0.79680565625 0.7703771500000001 0.7993400734375 0.7705589171875 0.8045452328125 0.7726017374999999 0.8070796515625001 0.7727835046875 0.8122848109374999 0.776960028125 0.8199562265625 0.7772326796875 0.8277639671875001 0.7792755 0.830298384375 0.7794572671875 0.83550354375 0.7815000875 0.8380379625 0.7816818546875 0.8432431218750001 0.785858378125 0.8509145374999999 0.786040146875 0.8561196984375 0.788082965625 0.8586541140625 0.788264734375 0.8638592765625001 0.790307553125 0.8663936921875001 0.790489321875 0.8715988546875 0.792532140625 0.8741332703125 0.792713909375 0.8793384312500001 0.794756728125 0.8818728484375 0.794938496875 0.8870780093749999 0.79911501875 0.894749425 0.7992967875 0.8999545843750001 0.80133960625 0.9024890015624999 0.8015213749999999 0.9076941625 0.80356419375 0.9102285796875 0.8037459625000001 0.9154337390625 0.8079224843749999 0.9231051546875 0.808104253125 0.9283103140625 0.8122807765625 0.9359817296875 0.81246254375 0.9411868906249999 0.8145053640625 0.94372130625 0.81468713125 0.9489264687500001 0.8167299515625001 0.9514608843750001 0.8168208343750001 0.9540634656250001 0.8178422453125 0.9553306734375001 0.82072470625 0.9539271390625 0.8205429375 0.9487219796874999 0.8233345140624999 0.9447158640625 0.8252864484375 0.9446477015625 0.8293720875 0.949716534375 0.8312331390625 0.9470457906249999 0.8370889437500001 0.9468413015625 0.8379285859375001 0.9429033499999999 0.8358857671875001 0.9403689343750001
0 0.7728785359375 0.9269346703125001 0.7726058828125 0.9191269296875 0.7705630640625001 0.9165925125 0.7702904109375 0.908784771875 0.7661138890625 0.90111335625 0.7659321203125 0.895908196875 0.7638893015625 0.8933737781250001 0.7637075328125 0.88816861875 0.7616647140625 0.8856342015625 0.7614829453125 0.880429040625 0.7573064234375 0.8727576265625 0.7571246546875 0.8675524640625 0.755081834375 0.8650180484375 0.7549000671874999 0.8598128875000001 0.752857246875 0.8572784703125 0.7526754796875 0.8520733093749999 0.7536060046874999 0.8507379374999999 0.755648825 0.85327235625 0.758531284375 0.8518688203125 0.7582586328125 0.8440610796874999 0.7562158140624999 0.8415266625 0.7551035203125 0.8376568734375001 0.7531515843750001 0.8377250374999999 0.751108765625 0.8351906203125001 0.7481354203125 0.833991575 0.7480445359375001 0.8313889937500001 0.751857521875 0.8286500875 0.7517666390625 0.8260475078124999 0.7497238187499999 0.8235130890625 0.7494511671875 0.8157053484375 0.747408346875 0.81317093125 0.746296053125 0.8093011421874999 0.744435003125 0.8119718859375 0.7414616578125 0.8107728406250001 0.7413707734375 0.8081702609375 0.7371942515625001 0.8004988453124999 0.7369215984374999 0.7926911046875 0.7348787796875 0.7901566875 0.7358093046875 0.788821315625 0.739713175 0.788684990625 0.7405528171875 0.7847470375000001 0.738509996875 0.7822126203125 0.737397703125 0.77834283125 0.7356275359375 0.78361615625 0.7326541921875 0.7824171093750001 0.7325633078125 0.7798145296875 0.728386784375 0.772143115625 0.7282050171875001 0.7669379546874999 0.726162196875 0.7644035375 0.7258895453124999 0.756595796875 0.72970253125 0.753856890625 0.7295207625 0.7486517296875 0.7284993531249999 0.7473845203125 0.7267291859375 0.7526578453125 0.7247772515625 0.7527260078125 0.7217130218750001 0.7489243828125 0.7215312546875 0.7437192203125 0.71735473125 0.73604780625 0.7171729625000001 0.7308426453125 0.712996440625 0.72317123125 0.712814671875 0.7179660718750001 0.710771853125 0.715431653125 0.7105900843749999 0.71022649375 0.708547265625 0.7076920765625 0.7083654968750001 0.702486915625 0.706322678125 0.6999524984375001 0.706140909375 0.6947473375000001 0.71190583125 0.69194026875 0.7098630125 0.68940585 0.7087507171875 0.6855360609375001 0.7028949124999999 0.68574055 0.69862750625 0.67546655625 0.6908197640625 0.675739209375 0.6898892390625 0.6770745796875001 0.6901618921875 0.6848823203125 0.6922047109375 0.6874167390625 0.6923864796875 0.6926218984375 0.6944292984375 0.6951563171874999 0.6946110671875 0.7003614765624999 0.6966538859375 0.70289589375 0.6968356546875001 0.7081010546875001 0.6988784734375 0.710635471875 0.6990602421875 0.7158406328125 0.7011030609375 0.71837505 0.7012848296875 0.723580209375 0.7033276484375001 0.726114628125 0.7035094171875 0.7313197875 0.7055522359374999 0.7338542046875001 0.7057340046875 0.739059365625 0.7077768234375 0.7415937828125 0.7079585921875 0.74679894375 0.7100014109375 0.7493333609375 0.7101831796875 0.7545385203125 0.7122259984375 0.7570729390625 0.7124077671875 0.7622780984374999 0.7144505859375 0.764812515625 0.7146323546875 0.7700176765625 0.7166751734375 0.77255209375 0.7168569421875 0.7777572546875 0.7188997609375 0.7802916718749999 0.7190815296874999 0.7854968312499999 0.7232580515625 0.793168246875 0.7234398203125 0.79837340625 0.7254826390625 0.800907825 0.7257552921875 0.8087155656249999 0.7277981109375 0.8112499828124999 0.7279798796875 0.8164551421875 0.7321564015625001 0.8241265578125001 0.7323381703125 0.8293317171875 0.7343809890624999 0.8318661359374999 0.7345627578125 0.8370712953125 0.7366055765625 0.8396057125 0.7367873453125 0.8448108734374999 0.7388301640625 0.847345290625 0.7390119328125 0.8525504515625 0.7410547515625 0.85508486875 0.7412365203125 0.8602900281249999 0.7432793390625 0.8628244468749999 0.7434611078125 0.86802960625 0.7455039265625001 0.8705640234375001 0.7456856953125001 0.8757691843750001 0.7477285140625 0.8783036015624999 0.7479102828124999 0.8835087625 0.749953103125 0.8860431796875 0.7501348703125 0.8912483390625001 0.7521776906250001 0.8937827578125 0.7523594578125 0.8989879171874999 0.75653598125 0.9066593328125 0.7567177484375 0.9118644937499999 0.75876056875 0.9143989093749999 0.7590332203125 0.92220665 0.761076040625 0.9247410687500001 0.7612578078125 0.9299462281249999 0.763300628125 0.932480646875 0.7634823953125001 0.93768580625 0.76765891875 0.9453572203125 0.7678406859375 0.9505623828124999 0.76988350625 0.9530967984375 0.7700652734375 0.9583019609375001 0.77210809375 0.9608363765625001 0.7722898625 0.9660415375 0.77433268125 0.9685759546874999 0.7745144500000001 0.973781115625 0.777578678125 0.9775827421875001 0.78538641875 0.9773100890625 0.7863169453125 0.9759747171875001 0.7860442921875 0.9681669749999999 0.7818677703125 0.9604955609375001 0.7815042328125 0.9500852406250001 0.7794614140625 0.9475508234375001 0.7792796453124999 0.9423456625 0.7772368265625 0.9398112453125 0.7770550578125001 0.9346060859374999 0.7728785359375 0.9269346703125001
0 0.7413749203125 0.9202175390624999 0.7393321 0.9176831218749999 0.7391503328125 0.9124779609375 0.7371075125 0.9099435437500001 0.7369257453125 0.904738384375 0.732749221875 0.8970669687499999 0.7323856859375 0.8866566468749999 0.7303428656250001 0.8841222296875 0.7301610984375 0.8789170703125 0.725984575 0.8712456546875 0.72580280625 0.8660404953124999 0.721626284375 0.8583690796875001 0.721444515625 0.85316391875 0.719401696875 0.850629503125 0.719219928125 0.845424340625 0.717177109375 0.842889925 0.716995340625 0.8376847625 0.714952521875 0.835150346875 0.714770753125 0.8299451859375001 0.7127279343749999 0.8274107687500001 0.71245528125 0.819603028125 0.708278759375 0.8119316140624999 0.708096990625 0.8067264515625 0.706054171875 0.8041920359375 0.705872403125 0.798986875 0.70169588125 0.791315459375 0.7015141125000001 0.7861103 0.6994712937500001 0.78357588125 0.699289525 0.778370721875 0.69724670625 0.7758363046875 0.6970649375 0.77063114375 0.6950221187500001 0.7680967265625 0.69484035 0.762891565625 0.6906638265625 0.7552201515625 0.6904820593750001 0.7500149921875 0.6884392390625 0.7474805734375 0.688257471875 0.7422754140625 0.6862146515624999 0.739740996875 0.686032884375 0.7345358359375 0.6839900640625001 0.73200141875 0.683808296875 0.7267962578125 0.6817654765625 0.724261840625 0.681583709375 0.71905668125 0.6795408890625 0.7165222625000001 0.6793591218749999 0.7113171031250001 0.6773163015625 0.708782684375 0.677134534375 0.703577525 0.6729580109375 0.6959061109375 0.6727762421875 0.6907009484375 0.6707334234375 0.6881665328125 0.6705516546875 0.6829613703125 0.6685088359375 0.6804269546875 0.6683270671875 0.67522179375 0.6662842484375 0.6726873765625 0.6661024796875 0.667482215625 0.6640596609375 0.6649478 0.6638778921874999 0.6597426375000001 0.6618350734375 0.657208221875 0.6616533046875 0.6520030593749999 0.6596104859375 0.64946864375 0.6594287171875 0.6442634828125 0.6573858984375 0.641729065625 0.6572041296875 0.6365239046875 0.6551613109375001 0.6339894890625 0.6549795421875 0.6287843265624999 0.6508030203125 0.6211129125 0.6506212515625001 0.6159077515625 0.643471384375 0.6070372921875 0.6415194484375 0.6071054546875 0.6394766296875 0.6045710375 0.6385461046875001 0.605906409375 0.638909640625 0.61631673125 0.6430861625000001 0.6239881453125 0.64326793125 0.6291933046875 0.6453107499999999 0.6317277234375 0.64549251875 0.6369328828125 0.6475353375 0.6394673 0.6478079906249999 0.6472750421875 0.6519845125 0.65494645625 0.65216628125 0.660151615625 0.6542091 0.662686034375 0.65439086875 0.66789119375 0.6585673921875 0.675562609375 0.658749159375 0.6807677703125 0.6607919796874999 0.6833021859375 0.660973746875 0.6885073484374999 0.6630165671875 0.6910417640625 0.663198334375 0.696246925 0.6652411546875 0.6987813421875 0.6654229218750001 0.703986503125 0.6674657421875 0.7065209203125 0.667647509375 0.7117260812499999 0.6696903296875 0.7142604968749999 0.669872096875 0.7194656593750001 0.6719149171875001 0.722000075 0.672096684375 0.7272052375 0.6741395046875 0.729739653125 0.6742303890625 0.732342234375 0.6784069109375 0.7400136484375001 0.6786795640625 0.7478213890625 0.6807223828125 0.75035580625 0.6809041515625001 0.7555609671875 0.6829469703125 0.758095384375 0.6831287390624999 0.7633005453124999 0.6851715578124999 0.7658349624999999 0.6853533265625 0.771040121875 0.6873961453125 0.7735745406250001 0.6875779140625 0.7787797000000001 0.6917544359375001 0.786451115625 0.6919362046875001 0.791656275 0.6939790234375 0.7941906921874999 0.6941607921874999 0.7993958531249999 0.6962036109375 0.8019302703125 0.6963853796875 0.8071354312500001 0.6984281984375 0.8096698484375 0.6986099671875 0.8148750078125 0.7006527859375 0.8174094265624999 0.7008345546875 0.8226145859375 0.7028773734375 0.8251490031250001 0.7030591421875 0.8303541640625 0.7051019609375 0.83288858125 0.7052837296875001 0.8380937421875 0.7073265484375 0.840628159375 0.7075083171875 0.8458333187499999 0.7095511359375 0.8483677374999999 0.7097329046875 0.853572896875 0.713909428125 0.8612443125 0.7140911953125 0.8664494734374999 0.716134015625 0.8689838890624999 0.7163157828125 0.8741890515625 0.718358603125 0.8767234671875 0.7185403703125 0.881928628125 0.720583190625 0.8844630453125 0.7207649578125 0.88966820625 0.722807778125 0.8922026234375 0.7228986625 0.894805203125 0.7270751843750001 0.90247661875 0.7273478375 0.9102843593750001 0.731524359375 0.9179557734375001 0.731706128125 0.923160934375 0.733748946875 0.9256953515624999 0.733930715625 0.9309005109375 0.735973534375 0.9334349296875001 0.736155303125 0.9386400890625 0.738198121875 0.94117450625 0.738379890625 0.9463796671875 0.740422709375 0.948914084375 0.74051359375 0.951516665625 0.7445083484375 0.9539829187500001 0.7447809999999999 0.961790659375 0.7458024109375 0.96305786875 0.7467329359375 0.961722496875 0.750364153125 0.9537784296874999 0.7501823859375001 0.94857326875 0.7481395656250001 0.9460388515625 0.7479577984375 0.9408336921875 0.745914978125 0.9382992734375 0.7458240953125 0.9356966953124999 0.741647571875 0.9280252796875 0.7413749203125 0.9202175390624999
0 0.7228986625 0.894805203125 0.7208558421875 0.8922707859375001 0.720583190625 0.8844630453125 0.7185403703125 0.881928628125 0.718358603125 0.8767234671875 0.7141820796875 0.869052053125 0.713909428125 0.8612443125 0.7118666078125 0.8587098953125001 0.7117757234375001 0.8561073140625 0.7097329046875 0.853572896875 0.7095511359375 0.8483677374999999 0.7075083171875 0.8458333187499999 0.7072356656250001 0.838025578125 0.7051928453125 0.8354911625 0.705011078125 0.8302860000000001 0.7029682578124999 0.8277515843750001 0.702786490625 0.8225464234375 0.6986099671875 0.8148750078125 0.6984281984375 0.8096698484375 0.6963853796875 0.8071354312500001 0.6962036109375 0.8019302703125 0.6920270890625 0.79425885625 0.6917544359375001 0.786451115625 0.6897116171875 0.783916696875 0.6895298484375 0.7787115375 0.6853533265625 0.771040121875 0.6851715578124999 0.7658349624999999 0.6831287390624999 0.7633005453124999 0.6828560859375 0.7554928046875 0.6786795640625 0.7478213890625 0.6784977953125 0.7426162296875 0.6764549765625001 0.7400818109375 0.6762732078125 0.7348766515625 0.672096684375 0.7272052375 0.6719149171875001 0.722000075 0.669872096875 0.7194656593750001 0.6696903296875 0.7142604968749999 0.667647509375 0.7117260812499999 0.6674657421875 0.7065209203125 0.6654229218750001 0.703986503125 0.6652411546875 0.6987813421875 0.66106463125 0.6911099265625 0.6607919796874999 0.6833021859375 0.6566154562500001 0.675630771875 0.6564336875000001 0.6704256109375 0.65439086875 0.66789119375 0.6542091 0.662686034375 0.65216628125 0.660151615625 0.6519845125 0.65494645625 0.6478079906249999 0.6472750421875 0.647626221875 0.6420698812500001 0.6455834031250001 0.6395354640625001 0.645401634375 0.6343303031249999 0.643358815625 0.6317958859374999 0.6430861625000001 0.6239881453125 0.64104334375 0.621453728125 0.640861575 0.6162485671875 0.63881875625 0.6137141500000001 0.6386369875 0.6085089890625001 0.6335299390625 0.602172946875 0.6315780046875 0.602241109375 0.6295351859375 0.59970669375 0.62172744375 0.5999793453125 0.62079691875 0.6013147171875 0.6211604546875 0.6117250375000001 0.6232032750000001 0.6142594546875 0.6233850421875 0.619464615625 0.6254278625 0.6219990328125 0.6256096296875 0.62720419375 0.629786153125 0.6348756078125 0.629967921875 0.6400807687500001 0.632010740625 0.6426151859375 0.632192509375 0.647820346875 0.634235328125 0.6503547640625 0.634417096875 0.6555599234375 0.6364599156249999 0.6580943421875001 0.636641684375 0.6632995015625001 0.638684503125 0.66583391875 0.638866271875 0.6710390796875 0.640909090625 0.673573496875 0.641090859375 0.6787786578125 0.643133678125 0.681313075 0.643315446875 0.686518234375 0.64749196875 0.69418965 0.6476737375 0.699394809375 0.64971655625 0.701929228125 0.6499892093749999 0.7097369687499999 0.65416573125 0.7174083828125 0.6543475 0.7226135421875 0.65639031875 0.7251479609375 0.6565720875000001 0.7303531203125 0.65861490625 0.7328875390625 0.6587966749999999 0.7380926984375 0.66083949375 0.7406271156249999 0.6610212625 0.7458322765625 0.66306408125 0.74836669375 0.66324585 0.7535718546875 0.6674223734375 0.76124326875 0.667695025 0.769051009375 0.6718715484375 0.7767224234375 0.672053315625 0.7819275859375 0.6740961359375001 0.7844620015625 0.674277903125 0.7896671640624999 0.6763207234374999 0.7922015796874999 0.676502490625 0.7974067406249999 0.6785453109375 0.7999411578125 0.678727078125 0.80514631875 0.6807698984375 0.807680734375 0.6808607828125 0.810283315625 0.6850373046875 0.8179547312500001 0.6853099578124999 0.825762471875 0.6894864796875 0.8334338859375 0.6896682484375 0.8386390468749999 0.6917110671875 0.8411734640624999 0.6918928359375001 0.8463786234375 0.6939356546875 0.8489130421875 0.6941174234374999 0.8541182015625 0.6961602421875 0.8566526187499999 0.6963420109375 0.8618577796875 0.6983848296875 0.864392196875 0.6984757140625 0.866994778125 0.7026522374999999 0.8746661921875001 0.7028340046875 0.879871353125 0.704876825 0.8824057703125 0.7051494765624999 0.8902135109374999 0.709326 0.8978849265625 0.7095986515625 0.9056926671875001 0.7116414703125 0.9082270828125001 0.7117323546875001 0.9108296640625 0.713775175 0.9133640812499999 0.7159997625 0.921103659375 0.717021171875 0.9223708671875 0.7179516968749999 0.921035496875 0.7174972765625001 0.9080225937499999 0.720288853125 0.9040164781250001 0.721401146875 0.9078862671874999 0.7244653765625 0.9116878937499999 0.7253959015625 0.910352521875 0.72512325 0.9025447812499999 0.7230804296875 0.9000103640624999 0.7228986625 0.894805203125
0 0.7073740640625 0.8979530890625 0.7053312453125 0.895418671875 0.7051494765624999 0.8902135109374999 0.7031066578125 0.8876790937499999 0.7028340046875 0.879871353125 0.7007911859375 0.8773369343749999 0.7006094171874999 0.872131775 0.6985665984375 0.8695973578125 0.6983848296875 0.864392196875 0.6942083078125 0.8567207828125 0.6939356546875 0.8489130421875 0.6918928359375001 0.8463786234375 0.6917110671875 0.8411734640624999 0.6875345453125 0.8335020484375001 0.6873527765625 0.8282968890625 0.6853099578124999 0.825762471875 0.6851281890625 0.8205573109375001 0.6830853703125 0.81802289375 0.6829036015625001 0.812817734375 0.678727078125 0.80514631875 0.6784544265625 0.797338578125 0.674277903125 0.7896671640624999 0.6740961359375001 0.7844620015625 0.672053315625 0.7819275859375 0.6718715484375 0.7767224234375 0.667695025 0.769051009375 0.66751325625 0.7638458499999999 0.6654704375 0.76131143125 0.6651977859375 0.753503690625 0.663154965625 0.750969275 0.6629731984375 0.7457641125000001 0.660930378125 0.7432296968750001 0.6607486109375 0.7380245359375001 0.6565720875000001 0.7303531203125 0.65639031875 0.7251479609375 0.6543475 0.7226135421875 0.65416573125 0.7174083828125 0.6521229125 0.714873965625 0.652032028125 0.7122713859375 0.6499892093749999 0.7097369687499999 0.649807440625 0.7045318078125 0.64563091875 0.69686039375 0.645358265625 0.689052653125 0.643315446875 0.686518234375 0.643133678125 0.681313075 0.641090859375 0.6787786578125 0.640909090625 0.673573496875 0.638866271875 0.6710390796875 0.638684503125 0.66583391875 0.636641684375 0.6632995015625001 0.6364599156249999 0.6580943421875001 0.6322833921875 0.6504229265625 0.632101625 0.645217765625 0.6300588046875 0.6426833484375 0.629967921875 0.6400807687500001 0.6279251015625 0.63754635 0.6277433343750001 0.6323411906249999 0.6257005140625 0.6298067734374999 0.625336978125 0.619396453125 0.6211604546875 0.6117250375000001 0.6209786875 0.6065198765625001 0.6189358671875 0.6039854609375 0.618844984375 0.6013828796875 0.6147593453125 0.5963140453125 0.6145775765625 0.591108884375 0.6125347578125 0.5885744671875 0.6124438734375001 0.5859718875000001 0.60937964375 0.5821702609375 0.607427709375 0.582238425 0.605384890625 0.57970400625 0.6025933125 0.583710121875 0.60295685 0.59412044375 0.60499966875 0.5966548609375 0.6050905531249999 0.599257440625 0.607133371875 0.6017918578125 0.607315140625 0.60699701875 0.6114916640625 0.6146684328124999 0.611764315625 0.6224761734375 0.613807134375 0.625010590625 0.613988903125 0.6302157515625 0.616031721875 0.63275016875 0.6162134906250001 0.6379553296875 0.618256309375 0.6404897468749999 0.618438078125 0.6456949062499999 0.6226146015625 0.653366321875 0.62279636875 0.6585714828125 0.6248391890625 0.6611059 0.62502095625 0.6663110609375 0.6291974796875001 0.6739824750000001 0.629379246875 0.6791876359375 0.6314220671874999 0.681722053125 0.6316038359375 0.6869272140625 0.6336466546875 0.68946163125 0.6338284234375 0.694666790625 0.6358712421875 0.697201209375 0.6360530109375 0.70240636875 0.6380958296875 0.7049407859375 0.6382775984375 0.710145946875 0.6403204171875 0.7126803640625 0.6405021859375 0.717885525 0.6425450046875001 0.7204199421874999 0.6427267734375001 0.7256251015624999 0.6469032953125 0.7332965171875 0.6470850640625 0.7385016765625 0.6491278828125 0.7410360953125 0.6493096515625 0.7462412546875 0.6513524703125 0.748775671875 0.6516251234375 0.7565834125 0.6558016453125 0.764254828125 0.6559834140625 0.7694599875 0.6580262328125001 0.7719944062499999 0.6582080015625 0.7771995656249999 0.6602508203124999 0.7797339828125 0.6603417046875 0.7823365640625 0.664518228125 0.790007978125 0.6646999953125 0.7952131390625 0.6667428156249999 0.7977475562499999 0.6669245828125 0.8029527171874999 0.668967403125 0.805487134375 0.6692400546874999 0.8132948750000001 0.6712828734375 0.8158292906250001 0.6714646421875 0.821034453125 0.6735074625 0.82356886875 0.6736892296875 0.82877403125 0.6757320499999999 0.831308446875 0.6758229328125 0.8339110281250001 0.6778657531250001 0.8364454453124999 0.6780475203125 0.8416506046875 0.68222404375 0.8493220203125 0.6824058125 0.8545271796874999 0.68444863125 0.8570615984375 0.6846304 0.8622667578125001 0.68667321875 0.864801175 0.686764103125 0.8674037562500001 0.690940625 0.875075171875 0.69112239375 0.88028033125 0.6931652125000001 0.8828147484375 0.693437865625 0.8906224890625 0.695480684375 0.89315690625 0.6957533375 0.9009646468750001 0.699838975 0.9060334828125001 0.70002074375 0.9112386421875 0.7041972671875001 0.91891005625 0.70446991875 0.9267177984374999 0.7095769671875 0.933053840625 0.7105074921875 0.93171846875 0.7142295953125 0.9263769828124999 0.7140478265625 0.921171821875 0.7120050078125 0.9186374046875001 0.7118232390625 0.91343224375 0.7097804203125 0.9108978265625 0.7095077671875 0.9030900859375001 0.7074649484375 0.90055566875 0.7073740640625 0.8979530890625
0 0.7183152328125 0.931445815625 0.7162724140625001 0.9289113999999999 0.7160906453125 0.9237062390625 0.7119141234375 0.9160348234375 0.7117323546875001 0.9108296640625 0.7096895359375 0.9082952453124999 0.7095077671875 0.9030900859375001 0.7074649484375 0.90055566875 0.7072831796875 0.8953505078124999 0.7052403609375 0.892816090625 0.7050585921875 0.8876109296875001 0.7030157734375 0.8850765125000001 0.7028340046875 0.879871353125 0.7007911859375 0.8773369343749999 0.7006094171874999 0.872131775 0.6985665984375 0.8695973578125 0.6983848296875 0.864392196875 0.6963420109375 0.8618577796875 0.6961602421875 0.8566526187499999 0.6919837203125 0.8489812046875 0.6917110671875 0.8411734640624999 0.6875345453125 0.8335020484375001 0.6873527765625 0.8282968890625 0.6853099578124999 0.825762471875 0.6851281890625 0.8205573109375001 0.680951665625 0.812885896875 0.6807698984375 0.807680734375 0.678727078125 0.80514631875 0.6785453109375 0.7999411578125 0.6743687875 0.7922697421875 0.6740961359375001 0.7844620015625 0.6699196125 0.7767905875000001 0.66973784375 0.7715854265625001 0.667695025 0.769051009375 0.66751325625 0.7638458499999999 0.6654704375 0.76131143125 0.6651977859375 0.753503690625 0.6610212625 0.7458322765625 0.66083949375 0.7406271156249999 0.6587966749999999 0.7380926984375 0.65861490625 0.7328875390625 0.6565720875000001 0.7303531203125 0.65639031875 0.7251479609375 0.6543475 0.7226135421875 0.65416573125 0.7174083828125 0.6521229125 0.714873965625 0.652032028125 0.7122713859375 0.64785550625 0.704599971875 0.6476737375 0.699394809375 0.64563091875 0.69686039375 0.645358265625 0.689052653125 0.643315446875 0.686518234375 0.643133678125 0.681313075 0.6389571562499999 0.6736416609375 0.6387753875 0.6684364984375 0.6367325671875 0.6659020828125 0.6365508 0.6606969203124999 0.6345079796875 0.6581625046874999 0.6343262125 0.65295734375 0.6301496890625 0.6452859281250001 0.629967921875 0.6400807687500001 0.6279251015625 0.63754635 0.62765245 0.629738609375 0.6256096296875 0.62720419375 0.6254278625 0.6219990328125 0.6212513390625001 0.6143276171875 0.621069571875 0.6091224578125 0.6190267515625 0.6065880390625 0.618844984375 0.6013828796875 0.6147593453125 0.5963140453125 0.6145775765625 0.591108884375 0.6125347578125 0.5885744671875 0.6124438734375001 0.5859718875000001 0.607336825 0.57963584375 0.60148101875 0.5798403328124999 0.5912669234375 0.567168246875 0.5893149875 0.5672364109375 0.5852293484375 0.5621675765624999 0.5774216078125 0.5624402296875 0.5753787890625001 0.5599058109375 0.57147491875 0.5600421375 0.5696138671875 0.56271288125 0.5637580625 0.5629173703125 0.5628275359375 0.5642527421875 0.567934584375 0.5705887859375001 0.5738812734375001 0.572986875 0.576014978125 0.5781238734375 0.5799188484375 0.577987546875 0.5817798984375 0.575316803125 0.583731834375 0.575248640625 0.5888388828125 0.581584684375 0.58920241875 0.5919950046875 0.5933789421875 0.59966641875 0.5935607093749999 0.6048715796875 0.5956035296875 0.6074059968750001 0.595785296875 0.6126111578125 0.5978281171875001 0.615145575 0.5980098843749999 0.6203507359375 0.6000527046874999 0.6228851515625 0.600234471875 0.6280903140625 0.6022772921875 0.6306247296875 0.602459059375 0.6358298921875 0.6045018796875 0.6383643078125 0.6045927640625 0.6409668890625 0.6066355828125001 0.64350130625 0.6068173515625 0.648706465625 0.6109938734375 0.65637788125 0.6111756421875 0.661583040625 0.6132184609375 0.664117459375 0.6134002296875 0.66932261875 0.6154430484375 0.6718570359375 0.6156248171875001 0.677062196875 0.6176676359375 0.6795966140624999 0.6178494046874999 0.6848017734375 0.6198922234375 0.6873361921875001 0.6200739921875 0.6925413515625001 0.624250515625 0.7002127671875 0.6244322828125 0.7054179281249999 0.626475103125 0.7079523437499999 0.6265659859375 0.7105549250000001 0.62860880625 0.7130893421875 0.6287905734375 0.718294503125 0.6308333937499999 0.7208289203125 0.6311060453125 0.7286366609375 0.6331488656250001 0.731171078125 0.6334215171875 0.7389788187499999 0.6354643359375001 0.7415132359375 0.6355552203125 0.7441158171875 0.6346246953125 0.7454511875 0.630720825 0.7455875140625 0.6297902984375 0.7469228859375 0.6299720671875 0.752128046875 0.6320148859375 0.7546624625 0.6331271796875 0.7585322515625 0.634897346875 0.7532589296875 0.6368492828125001 0.753190765625 0.6399135109375 0.7569923921874999 0.6402770484375 0.7674027140625 0.638415996875 0.77007345625 0.6387795328125 0.7804837765625 0.64295605625 0.7881551921875001 0.6432287078125001 0.7959629328125 0.6474052312499999 0.8036343468749999 0.6476778828125 0.8114420890625 0.65185440625 0.8191135031250001 0.652036175 0.8243186625 0.65407899375 0.82685308125 0.654169878125 0.8294556609375 0.6562126968750001 0.831990078125 0.656394465625 0.8371952390624999 0.6605709875 0.8448666546875 0.660843640625 0.8526743953125001 0.662886459375 0.8552088109374999 0.663068228125 0.860413971875 0.6672447499999999 0.8680853875000001 0.667517403125 0.875893128125 0.6695602218750001 0.87842754375 0.6697419906250001 0.88363270625 0.6758704484375 0.8912359578125001 0.676233984375 0.9016462781250001 0.6803196234375 0.9067151125 0.680683159375 0.9171254328125 0.6827259796875 0.9196598500000001 0.682907746875 0.9248650109375 0.6869933859375 0.9299338468749999 0.6870842703125 0.932536425 0.695255546875 0.9426740953125 0.695437315625 0.9478792546875001 0.7056514125 0.9605513421874999 0.7067637062500001 0.96442113125 0.7086247578125 0.9617503875000001 0.7106675765625 0.9642848046875001 0.7165233828125 0.964080315625 0.7183844328125 0.9614095718750001 0.724512890625 0.9690128234375001 0.7254434171875 0.9676774515625001 0.7273044671875 0.9650067078125 0.727213584375 0.9624041265625 0.7251707640625 0.9598697109375 0.7248981125 0.9520619703125 0.7208124734375 0.946993134375 0.7206307046875 0.9417879750000001 0.7185878859375 0.9392535562500001 0.7183152328125 0.931445815625
0 0.6403245625 0.8247276421875 0.6400519109375 0.8169199 0.6380090921875 0.814385484375 0.6378273234375 0.8091803234375 0.6357845046875 0.80664590625 0.6356027359375 0.8014407453124999 0.6335599171874999 0.7989063296875 0.6334690328125 0.7963037484375 0.629292509375 0.7886323328125 0.6291107421875 0.7834271734375 0.62493421875 0.775755759375 0.62475245 0.7705505968749999 0.62270963125 0.7680161812499999 0.6225278624999999 0.76281101875 0.62048504375 0.760276603125 0.620303275 0.7550714421875 0.61826045625 0.752537025 0.6180786875 0.7473318640625 0.6160358687499999 0.7447974484375 0.6158541 0.7395922859375 0.6138112812500001 0.7370578703125 0.613720396875 0.7344552890625 0.609543875 0.726783875 0.609271221875 0.718976134375 0.6050946984375 0.71130471875 0.60491293125 0.706099559375 0.6028701109375 0.7035651406250001 0.60268834375 0.69835998125 0.6006455234375 0.6958255640625 0.60046375625 0.690620403125 0.5984209359375 0.6880859859374999 0.5982391687499999 0.682880825 0.5961963484374999 0.6803464078125 0.5960145812500001 0.6751412484375 0.5918380578125 0.6674698328125 0.591656290625 0.662264671875 0.5896134703125 0.65973025625 0.589431703125 0.65452509375 0.5873888828125 0.651990678125 0.5872071156249999 0.646785515625 0.5830305921875001 0.6391141015625 0.5828488234375 0.6339089421875 0.5808060046875 0.6313745234375 0.5806242359375 0.6261693640625 0.5785814171875 0.6236349453125001 0.5783996484375 0.6184297859375001 0.5763568296875 0.6158953687500001 0.5762659453125 0.6132927890625 0.5742231265625 0.610758371875 0.5740413578125 0.6055532109375 0.5698648359375 0.597881796875 0.5695921828125 0.59007405625 0.5675493640625 0.5875396375 0.5674584796875 0.5849370578124999 0.563372840625 0.5798682234375 0.56328195625 0.5772656421875 0.5479608125000001 0.5582575140625 0.54210500625 0.558462003125 0.5400621875 0.5559275859375 0.5381102515625 0.55599575 0.535318675 0.5600018640625 0.5434899515625 0.5701395328125 0.5435808359375 0.5727421125000001 0.547666475 0.577810946875 0.547757359375 0.580413528125 0.5560195203125 0.5931537765625 0.5561104046875001 0.5957563578125 0.5581532234375 0.5982907749999999 0.5582441078125 0.6008933546875 0.560286928125 0.6034277718750001 0.5603778109374999 0.606030353125 0.56242063125 0.60856476875 0.562511515625 0.61116735 0.5666880375 0.6188387640624999 0.566960690625 0.6266465046875 0.569003509375 0.6291809234375 0.56909439375 0.6317835015625 0.573270915625 0.6394549171875 0.57354356875 0.6472626578125 0.5755863875 0.6497970750000001 0.57576815625 0.6550022359375001 0.577810975 0.657536653125 0.578083628125 0.66534439375 0.580126446875 0.6678788124999999 0.580308215625 0.673083971875 0.582351034375 0.6756183890624999 0.582532803125 0.68082355 0.584575621875 0.6833579671875001 0.5846665062499999 0.685960546875 0.586709325 0.6884949640625 0.58689109375 0.693700125 0.591067615625 0.7013715390625 0.59134026875 0.7091792796874999 0.5933830875 0.711713696875 0.59356485625 0.7169188578125001 0.595607675 0.719453275 0.59578944375 0.7246584359375 0.5978322625 0.727192853125 0.59801403125 0.7323980125 0.60005685 0.7349324312500001 0.600147734375 0.7375350109375 0.6043242578125 0.7452064265625 0.6046877937499999 0.755616746875 0.6067306125 0.7581511640625 0.6068214968750001 0.7607537453125001 0.6109980203125 0.768425159375 0.6111797875 0.7736303203125 0.6132226078125 0.7761647375 0.613404375 0.781369896875 0.6154471953125 0.783904315625 0.6156289625 0.789109475 0.6176717828125 0.7916438921875 0.61785355 0.796849053125 0.6219391890625 0.8019178859375 0.6222118421875 0.809725628125 0.6242546609375 0.8122600453125 0.6243455453125 0.8148626265625 0.6263883640625 0.8173970421875 0.6265701328125 0.822602203125 0.6307466546875 0.83027361875 0.6309284234375 0.8354787781249999 0.6329712421875 0.838013196875 0.6331530109375 0.8432183562500001 0.637329534375 0.8508897703124999 0.6375113015625 0.85609493125 0.639554121875 0.8586293484375 0.6397358890625 0.8638345093750001 0.6439124125 0.8715059234375 0.6440941812500001 0.876711084375 0.646137 0.8792455015625 0.6483615875 0.8869850796875 0.651425815625 0.8907867046875 0.6543082765625 0.8893831703125 0.6533085515625 0.8607547875 0.6512657328125 0.8582203703125 0.6511748484375001 0.8556177890625 0.646998325 0.847946375 0.6468165578125 0.8427412140625 0.6447737375 0.840206796875 0.6445010859375 0.8323990562500001 0.6403245625 0.8247276421875
0 0.685132334375 0.9326045890625 0.6849505671875 0.927399428125 0.682907746875 0.9248650109375 0.6828168640625 0.9222624312500001 0.68077404375 0.9197280140625 0.6805922765625 0.914522853125 0.676415753125 0.9068514390625 0.6761431015625 0.8990436984375 0.67410028125 0.89650928125 0.6739185140624999 0.8913041203125 0.67187569375 0.8887697031249999 0.6716939265625 0.8835645421875 0.667517403125 0.875893128125 0.667335634375 0.8706879671875001 0.6631591125 0.8630165515625 0.66297734375 0.8578113921874999 0.6609345249999999 0.8552769734375 0.66075275625 0.8500718140625001 0.6587099375000001 0.8475373968750001 0.65852816875 0.8423322359375 0.6543516453125 0.8346608218749999 0.65407899375 0.82685308125 0.652036175 0.8243186625 0.651945290625 0.821716084375 0.6477687671875 0.81404466875 0.6475869999999999 0.8088395078125 0.6455441796875 0.806305090625 0.6453624125 0.8010999296874999 0.6433195921875 0.7985655140625 0.6431378249999999 0.7933603515625001 0.6389613015625 0.7856889375 0.6387795328125 0.7804837765625 0.6367367140625 0.777949359375 0.6365549453125 0.7727442 0.6345121265625 0.77020978125 0.634239475 0.7624020406249999 0.6301538359375 0.7573332078125 0.6299720671875 0.752128046875 0.6279292484375001 0.7495936296875 0.6277474796875 0.74438846875 0.6257046609375 0.7418540515625 0.6255228921875 0.7366488921875 0.6234800734375 0.7341144734375 0.6232983046875 0.7289093140625 0.6191217828125 0.7212378984375001 0.6189400140625 0.7160327375 0.6168971953125 0.7134983218750001 0.6167154265625 0.7082931593749999 0.6146726078125 0.7057587437499999 0.6144908390625 0.70055358125 0.61244801875 0.698019165625 0.6123571359375 0.695416584375 0.6081806125 0.6877451703124999 0.60799884375 0.6825400109374999 0.605956025 0.6800055921875 0.6057742562499999 0.6748004328125 0.6037314375 0.6722660140625 0.60354966875 0.6670608546875 0.60150685 0.6645264375 0.60132508125 0.6593212765625001 0.5992822624999999 0.656786859375 0.59910049375 0.6515817 0.594923971875 0.643910284375 0.594742203125 0.6387051234375 0.592699384375 0.6361707062499999 0.592517615625 0.6309655453125 0.5904747968749999 0.6284311296875 0.590293028125 0.6232259671875 0.58611650625 0.615554553125 0.5859347374999999 0.6103493921875 0.58389191875 0.6078149749999999 0.58371015 0.6026098156249999 0.5795336265625 0.5949384 0.579351859375 0.589733240625 0.5773090390625 0.587198821875 0.5750844515625 0.5794592453125 0.5721111078125001 0.5782602 0.5618970109375 0.5655881125 0.5591054343749999 0.5695942281249999 0.55919631875 0.5721968093750001 0.5672767109375 0.579731896875 0.5675493640625 0.5875396375 0.5695921828125 0.59007405625 0.5697739515625 0.595279215625 0.5718167703125 0.5978136328125 0.5719985390625 0.60301879375 0.5740413578125 0.6055532109375 0.5742231265625 0.610758371875 0.5762659453125 0.6132927890625 0.5764477140625 0.6184979484375 0.5784905328125001 0.6210323671875 0.5786723015625 0.6262375265625 0.5828488234375 0.6339089421875 0.5830305921875001 0.6391141015625 0.5850734109375 0.6416485187500001 0.5852551796875 0.6468536796875 0.589431703125 0.65452509375 0.5896134703125 0.65973025625 0.591656290625 0.662264671875 0.5918380578125 0.6674698328125 0.5960145812500001 0.6751412484375 0.5961963484374999 0.6803464078125 0.5982391687499999 0.682880825 0.5984209359375 0.6880859859374999 0.60046375625 0.690620403125 0.6006455234375 0.6958255640625 0.60268834375 0.69835998125 0.6028701109375 0.7035651406250001 0.60491293125 0.706099559375 0.6050946984375 0.71130471875 0.60713751875 0.7138391375 0.6073192875 0.719044296875 0.60936210625 0.7215787140625001 0.609543875 0.726783875 0.61158669375 0.7293182921875 0.611677578125 0.731920871875 0.6158541 0.7395922859375 0.616126753125 0.7474000265625 0.620303275 0.7550714421875 0.62048504375 0.760276603125 0.6225278624999999 0.76281101875 0.62270963125 0.7680161812499999 0.62475245 0.7705505968749999 0.62493421875 0.775755759375 0.6291107421875 0.7834271734375 0.629292509375 0.7886323328125 0.6313353296875001 0.7911667515625 0.631517096875 0.7963719109375 0.6335599171874999 0.7989063296875 0.633741684375 0.8041114890625 0.6357845046875 0.80664590625 0.6358753874999999 0.8092484859375 0.6400519109375 0.8169199 0.6403245625 0.8247276421875 0.6445010859375 0.8323990562500001 0.6446828546875001 0.8376042171875 0.6467256734375 0.8401386343749999 0.6469074421875 0.8453437953125 0.6489502609375 0.8478782109375 0.6491320296875001 0.8530833734375 0.6511748484375001 0.8556177890625 0.6513566171875 0.8608229515625 0.6555331390625 0.868494365625 0.6557149078125 0.8736995249999999 0.6577577265625 0.87623394375 0.6579394953125 0.8814391031250001 0.6599823140625001 0.883973521875 0.6600731984375 0.8865760999999999 0.664249721875 0.8942475156249999 0.6644314890625 0.8994526765625 0.6664743093750001 0.9019870921875001 0.6666560765625 0.9071922546875 0.668698896875 0.9097266703125 0.6688806640625 0.9149318328125 0.672966303125 0.920000665625 0.67323895625 0.9278084062499999 0.677415478125 0.935479821875 0.6776881312499999 0.9432875624999999 0.681864653125 0.9509589765625 0.682046421875 0.9561641375000001 0.684089240625 0.9586985546875001 0.6863138281250001 0.9664381328125 0.6873352374999999 0.967705340625 0.695142978125 0.9674326890625 0.6960735046875001 0.9660973171875 0.6959826203125 0.9634947359374999 0.6939398015625 0.9609603203124999 0.6937580328124999 0.955755159375 0.6917152140625 0.9532207421875001 0.6915334453125 0.94801558125 0.687356921875 0.9403441656249999 0.6871751546875 0.93513900625 0.685132334375 0.9326045890625
0 0.6904428359375 0.9167846171875 0.6902610671875 0.9115794578124999 0.6860845453125 0.9039080421874999 0.6859027765625 0.8987028828125 0.6838599578125 0.896168465625 0.6836781890625 0.8909633046875 0.6816353703125 0.8884288874999999 0.6814536015625 0.883223728125 0.6772770796875001 0.8755523125 0.6770953109375 0.8703471515625001 0.6750524921875 0.8678127343750001 0.6748707234375 0.8626075734375 0.6706942 0.854936159375 0.6705124328125 0.8497309984375001 0.6684696125 0.8471965812500001 0.6682878453125001 0.8419914203125 0.664111321875 0.8343200062499999 0.6639295546875 0.829114846875 0.661886734375 0.826580428125 0.6617049671874999 0.82137526875 0.659662146875 0.81884085 0.659480378125 0.8136356906250001 0.657437559375 0.8111012734375 0.6572557906250001 0.8058961124999999 0.65307926875 0.7982246984375 0.6528975 0.7930195359375001 0.65085468125 0.7904851203125001 0.6506729124999999 0.7852799593750001 0.6464963906250001 0.77760854375 0.646314621875 0.772403384375 0.644271803125 0.769868965625 0.644090034375 0.76466380625 0.642047215625 0.7621293890625 0.641865446875 0.756924228125 0.639822628125 0.7543898109375 0.639640859375 0.7491846515625 0.637598040625 0.7466502328125 0.637416271875 0.7414450734375 0.6353734531249999 0.7389106546875001 0.635191684375 0.7337054953125 0.6310151609375 0.72603408125 0.6308333937499999 0.7208289203125 0.6287905734375 0.718294503125 0.62860880625 0.7130893421875 0.6244322828125 0.7054179281249999 0.624250515625 0.7002127671875 0.6222076953125 0.69767835 0.6220259265625 0.6924731890625 0.6199831078125 0.6899387734375 0.6198013390625 0.6847336109375 0.6156248171875001 0.677062196875 0.6154430484375 0.6718570359375 0.6134002296875 0.66932261875 0.6132184609375 0.664117459375 0.6090419390624999 0.65644604375 0.6088601703125 0.651240884375 0.6068173515625 0.648706465625 0.6066355828125001 0.64350130625 0.6045927640625 0.6409668890625 0.6044109953125 0.635761728125 0.600234471875 0.6280903140625 0.5999618203125 0.6202825734374999 0.595785296875 0.6126111578125 0.5956035296875 0.6074059968750001 0.5935607093749999 0.6048715796875 0.5933789421875 0.59966641875 0.58920241875 0.5919950046875 0.5890206515624999 0.58678984375 0.583913603125 0.5804538 0.5800097328125 0.5805901265625 0.5772181562500001 0.5845962421875 0.579260975 0.587130659375 0.5795336265625 0.5949384 0.58371015 0.6026098156249999 0.58389191875 0.6078149749999999 0.5859347374999999 0.6103493921875 0.58611650625 0.615554553125 0.590293028125 0.6232259671875 0.5904747968749999 0.6284311296875 0.592517615625 0.6309655453125 0.592699384375 0.6361707062499999 0.59687590625 0.643842121875 0.5970576750000001 0.64904728125 0.59910049375 0.6515817 0.5992822624999999 0.656786859375 0.60132508125 0.6593212765625001 0.60150685 0.6645264375 0.60354966875 0.6670608546875 0.6037314375 0.6722660140625 0.6057742562499999 0.6748004328125 0.605956025 0.6800055921875 0.60799884375 0.6825400109374999 0.6081806125 0.6877451703124999 0.61022343125 0.6902795875 0.6103143156249999 0.6928821671875001 0.6144908390625 0.70055358125 0.6146726078125 0.7057587437499999 0.6167154265625 0.7082931593749999 0.6168971953125 0.7134983218750001 0.6189400140625 0.7160327375 0.6191217828125 0.7212378984375001 0.6211646015625 0.723772315625 0.6213463703125 0.7289774765625 0.6255228921875 0.7366488921875 0.6257046609375 0.7418540515625 0.6277474796875 0.74438846875 0.6279292484375001 0.7495936296875 0.6321057703124999 0.75726504375 0.6322875390625 0.7624702046875 0.6343303578125 0.765004621875 0.6345121265625 0.77020978125 0.63868865 0.777881196875 0.6388704171875 0.7830863578125 0.6409132375000001 0.785620775 0.6410950046874999 0.7908259359375001 0.645271528125 0.79849735 0.6454532953125 0.8037025109375 0.647496115625 0.8062369281249999 0.6476778828125 0.8114420890625 0.6497207031250001 0.8139765062500001 0.6499024703125 0.8191816656249999 0.65407899375 0.82685308125 0.6543516453125 0.8346608218749999 0.656394465625 0.8371952390624999 0.65648535 0.8397978187499999 0.660661871875 0.8474692328125 0.660843640625 0.8526743953125001 0.662886459375 0.8552088109374999 0.663068228125 0.860413971875 0.665111046875 0.8629483890625 0.665292815625 0.86815355 0.6694693375 0.8758249656249999 0.66965110625 0.881030125 0.6716939265625 0.8835645421875 0.67187569375 0.8887697031249999 0.6739185140624999 0.8913041203125 0.67410028125 0.89650928125 0.6761431015625 0.8990436984375 0.67632486875 0.9042488578125001 0.6783676890625 0.9067832765625001 0.6785494562500001 0.9119884359375 0.6827259796875 0.9196598500000001 0.682907746875 0.9248650109375 0.6849505671875 0.927399428125 0.685132334375 0.9326045890625 0.6893088578125 0.940276003125 0.6894906265625 0.9454811640624999 0.6915334453125 0.94801558125 0.6916243296875 0.9506181625 0.6946885578125 0.9544197875 0.7005443640625 0.9542152984375001 0.7014748890625 0.9528799265625001 0.701293121875 0.947674765625 0.6971165984375001 0.9400033515624999 0.6969348296875 0.934798190625 0.6948920109375 0.9322637734375 0.6947102421875 0.9270586125 0.6926674234375 0.9245241953125 0.6924856546875 0.9193190359375001 0.6904428359375 0.9167846171875
0 0.661618228125 0.930819965625 0.659575409375 0.9282855484375 0.659393640625 0.9230803890624999 0.65521711875 0.9154089734375 0.65503535 0.9102038125 0.65299253125 0.9076693953125 0.6528107624999999 0.9024642343749999 0.65076794375 0.8999298187500001 0.650677059375 0.8973272375000001 0.6465005359375 0.8896558234375 0.646227884375 0.88184808125 0.6420513609375 0.8741766671875 0.64186959375 0.8689715078125 0.6398267734374999 0.8664370890624999 0.63964500625 0.8612319296875001 0.6376021859375001 0.8586975125 0.63742041875 0.8534923515624999 0.6332438953125 0.8458209374999999 0.6330621265625 0.8406157750000001 0.6310193078124999 0.8380813593750001 0.6308375390625 0.8328761984374999 0.6287947203125 0.8303417812499999 0.6285220671875 0.822534040625 0.6244364296875 0.8174652046875 0.6243455453125 0.8148626265625 0.6223027265625001 0.8123282078124999 0.6220300734374999 0.8045204671875 0.6199872546874999 0.80198605 0.6198054859375 0.7967808890625 0.6177626671875001 0.794246471875 0.6175808984375 0.7890413125 0.6155380796875 0.78650689375 0.6154471953125 0.783904315625 0.6112706718750001 0.7762329 0.6110889046875 0.7710277390625 0.609046084375 0.7684933218750001 0.6088643171875 0.7632881609375 0.6068214968750001 0.7607537453125001 0.6066397296875 0.7555485828124999 0.60246320625 0.74787716875 0.6022814375000001 0.7426720078125 0.60023861875 0.7401375906250001 0.60005685 0.7349324312500001 0.59801403125 0.7323980125 0.5978322625 0.727192853125 0.593655740625 0.7195214390625 0.5934739718750001 0.714316278125 0.591431153125 0.7117818609375 0.591249384375 0.7065767000000001 0.589206565625 0.7040422828125 0.58911568125 0.7014397015625 0.5870728625 0.6989052859375 0.58689109375 0.693700125 0.5827145703125 0.686028709375 0.5824419187500001 0.67822096875 0.5782653953125 0.6705495546875 0.578083628125 0.66534439375 0.5760408078125 0.6628099765625 0.5758590406249999 0.657604815625 0.5738162203125 0.6550703984374999 0.573634453125 0.6498652390624999 0.5715916328125 0.6473308203125 0.5715007484375 0.6447282421875 0.5694579296875 0.6421938234375 0.5692761609375 0.6369886640625 0.5650996390625 0.6293172484375 0.5649178703125 0.6241120875 0.5628750515625 0.621577671875 0.5626023984375 0.61376993125 0.55545253125 0.60489946875 0.554612890625 0.608837421875 0.5518213125 0.6128435359375 0.549869378125 0.6129117 0.5480083265625 0.6155824437499999 0.5421525218750001 0.6157869328125 0.5393609453125 0.619793046875 0.539451828125 0.622395628125 0.5435374671875 0.6274644625 0.5436283515625 0.63006704375 0.5456711703125 0.632601459375 0.5458529390625 0.6378066203125 0.5500294625000001 0.6454780359375001 0.5502112296874999 0.6506831953125001 0.5522540499999999 0.6532176125 0.5524358171875 0.6584227734375 0.556612340625 0.6660941874999999 0.5567941078125 0.6712993484374999 0.5588369281250001 0.673833765625 0.5590186953125 0.679038925 0.56319521875 0.686710340625 0.5633769875 0.6919155015625 0.56541980625 0.69444991875 0.565601575 0.6996550796875 0.56764439375 0.7021894953125 0.5678261625000001 0.7073946578125 0.56986898125 0.7099290734375 0.5700507499999999 0.7151342359374999 0.574227271875 0.72280565 0.574499925 0.7306133906250001 0.5765427437499999 0.73314780625 0.576633628125 0.7357503875 0.58081015 0.7434218031250001 0.5810828031249999 0.75122954375 0.5852593265625 0.7589009578125 0.585531978125 0.7667086984375 0.587574796875 0.7692431171874999 0.5876656812500001 0.7718456953125 0.5918422046875 0.7795171109375 0.592023971875 0.784722271875 0.5940667921875 0.7872566875 0.594248559375 0.79246185 0.5962913796875 0.794996265625 0.596473146875 0.8002014281250001 0.5985159671875 0.8027358437500001 0.59878861875 0.810543584375 0.6008314390625 0.8130780015625 0.60101320625 0.8182831625 0.6030560265625 0.8208175796875 0.60323779375 0.8260227406249999 0.6052806140625 0.8285571578125 0.605553265625 0.8363648984375001 0.6075960859375 0.8388993156250001 0.607777853125 0.8441044765625 0.6119543765625 0.851775890625 0.61213614375 0.8569810515625 0.6141789640625 0.85951546875 0.61436073125 0.864720628125 0.6185372546875 0.87239204375 0.6187190234375 0.8775972046874999 0.6207618421875 0.8801316218749999 0.6208527265625 0.8827342015624999 0.6250292484375 0.8904056171875 0.6253019015625 0.8982133578125 0.6273447203125 0.9007477749999999 0.6275264890625001 0.9059529359375 0.6317030109374999 0.9136243500000001 0.6318847796875 0.918829509375 0.6339275984375 0.921363928125 0.6341093671875 0.9265690875000001 0.6361521859375 0.92910350625 0.6363339546875 0.9343086656249999 0.6405104781250001 0.9419800796875 0.6406922453125 0.9471852421875001 0.6427350656249999 0.9497196578124999 0.6428259484375001 0.9523222390624999 0.6458901781249999 0.9561238640624999 0.6487726390625 0.9547203296875001 0.6497031640625 0.9533849578125 0.6555589703125 0.95318046875 0.6574200218749999 0.9505097265625 0.6631849421875 0.94770265625 0.66411546875 0.9463672843750001 0.66375193125 0.9359569625 0.6617091125 0.9334225453125 0.661618228125 0.930819965625
0 0.6429168328125 0.9549248203125 0.6408740140625 0.9523904015625 0.6406013609375 0.9445826609375001 0.6385585421875 0.9420482437500001 0.6383767734375 0.9368430828125 0.6342002515625 0.9291716687499999 0.6340184828125001 0.9239665078125 0.6319756640625 0.921432090625 0.6317938953125 0.91622693125 0.6297510765625 0.9136925124999999 0.6295693078125 0.9084873531250001 0.6253927859374999 0.9008159390625 0.6252110171874999 0.8956107765624999 0.6231681984375 0.8930763609374999 0.6229864296875001 0.8878711984375001 0.6209436109375 0.8853367828125001 0.6207618421875 0.8801316218749999 0.61658531875 0.8724602062500001 0.6164035515624999 0.867255046875 0.61436073125 0.864720628125 0.6141789640625 0.85951546875 0.61213614375 0.8569810515625 0.6119543765625 0.851775890625 0.6099115562499999 0.8492414734375 0.6097297890625 0.8440363124999999 0.605553265625 0.8363648984375001 0.6053714984375 0.8311597390625 0.603328678125 0.8286253203125 0.6030560265625 0.8208175796875 0.60101320625 0.8182831625 0.6008314390625 0.8130780015625 0.5966549156250001 0.8054065874999999 0.5963822640625 0.7975988468749999 0.59433944375 0.7950644296875 0.5941576765625001 0.78985926875 0.59211485625 0.7873248515625 0.5919330890625 0.782119690625 0.587756565625 0.7744482765625 0.587574796875 0.7692431171874999 0.583489159375 0.7641742812500001 0.58321650625 0.756366540625 0.579039984375 0.748695125 0.57876733125 0.740887384375 0.5767245125 0.73835296875 0.576633628125 0.7357503875 0.574590809375 0.7332159703125 0.574409040625 0.728010809375 0.5702325171875 0.7203393953125 0.569959865625 0.7125316546875 0.567917046875 0.7099972375 0.567735278125 0.7047920765625 0.5656924578125 0.7022576593750001 0.565510690625 0.6970524984375001 0.5634678703125 0.69451808125 0.563286103125 0.689312921875 0.5591095796875 0.68164150625 0.5589278125 0.676436346875 0.5568849921875 0.673901928125 0.5567032249999999 0.6686967687500001 0.5546604046875 0.6661623515625 0.5544786375 0.660957190625 0.5524358171875 0.6584227734375 0.5522540499999999 0.6532176125 0.5502112296874999 0.6506831953125001 0.5501203453125 0.6480806140625 0.5459438234375 0.6404092 0.5457620546874999 0.635204040625 0.541676415625 0.6301352062500001 0.5415855328125 0.627532625 0.535457075 0.6199293734375 0.535366190625 0.6173267921875001 0.5312805515625 0.612257959375 0.5311896671875 0.609655378125 0.5291468484374999 0.6071209625 0.5290559640625 0.60451838125 0.5270131453125 0.6019839640625 0.5269222609375 0.599381384375 0.524879440625 0.5968469671875 0.523767146875 0.5929771781250001 0.5218152125 0.593045340625 0.5177295734375 0.58797650625 0.5157776390625 0.5880446703125 0.5101036015625 0.59345431875 0.5042477953125 0.5936588078125 0.50238674375 0.596329553125 0.49262706874999995 0.5966703671875 0.4898354921875 0.6006764828125 0.49010814375 0.6084842234375001 0.49215096249999996 0.6110186390625 0.49242361562500003 0.61882638125 0.49446643437500004 0.6213607984375 0.49455731875 0.6239633796875 0.4966001390625 0.6264977953125 0.49678190625 0.6317029562500001 0.4988247265625 0.6342373734375 0.499097378125 0.6420451140625001 0.501140196875 0.64457953125 0.50159461875 0.6575924328125 0.5036374375 0.6601268499999999 0.50381920625 0.6653320109374999 0.505862025 0.667866428125 0.50604379375 0.6730715875 0.510220315625 0.680743003125 0.510402084375 0.6859481640625 0.512444903125 0.6884825796875 0.512626671875 0.6936877421875 0.5168031937500001 0.70135915625 0.5169849625 0.7065643171875 0.5190277812499999 0.709098734375 0.51920955 0.71430389375 0.5233860734375 0.721975309375 0.523567840625 0.7271804687500001 0.5256106609375 0.7297148875 0.525792428125 0.734920046875 0.5278352484375 0.7374544640625 0.52792613125 0.7400570453124999 0.5321026546875001 0.7477284609375 0.53237530625 0.7555362015625 0.5365518296875 0.7632076156250001 0.5367335984375 0.768412775 0.5387764171875 0.77094719375 0.5389581859375 0.776152353125 0.5431347078125001 0.78382376875 0.5433164765625 0.789028928125 0.5453592953124999 0.7915633453125 0.5455410640625 0.7967685062500001 0.5497175859375 0.8044399203125 0.5498993546875 0.8096450828125 0.5519421734375001 0.8121794984375 0.5521239421875 0.8173846593749999 0.556300465625 0.825056075 0.5564822328125001 0.8302612343750001 0.558525053125 0.832795653125 0.5587068203125 0.8380008125 0.560749640625 0.8405352296874999 0.5608405249999999 0.843137809375 0.565017046875 0.8508092234375001 0.5652897 0.858616965625 0.569466221875 0.8662883796875 0.5696479906249999 0.871493540625 0.5716908093749999 0.8740279578125 0.571872578125 0.87923311875 0.573915396875 0.881767534375 0.57400628125 0.8843701156250001 0.5760491 0.886904534375 0.5761399843749999 0.8895071124999999 0.5781828046874999 0.89204153125 0.5782736875000001 0.8946441109375 0.5824502109374999 0.9023155265625 0.5826319796874999 0.9075206859374999 0.5846747984375 0.9100551031249999 0.5848565671875 0.9152602640625 0.5868993859375 0.91779468125 0.5871720375 0.925602421875 0.5892148578125 0.9281368390625 0.5893057421875 0.93073941875 0.5934822640624999 0.9384108343750001 0.5936640328125 0.9436159937499999 0.5957068515625 0.9461504125 0.5957977359375 0.9487529921875 0.5978405546875 0.951287409375 0.5979314390625 0.9538899890625 0.6021079625 0.9615614046875001 0.6022897296874999 0.9667665640625 0.60433255 0.96930098125 0.604423434375 0.9719035625 0.60544484375 0.9731707703125 0.6230122609375 0.9725573031250001 0.6239427859375 0.97122193125 0.626825246875 0.9698183968749999 0.6286862984375 0.9671476531250001 0.6306382328125 0.967079490625 0.6324992843749999 0.964408746875 0.63445121875 0.9643405843749999 0.6363122703124999 0.961669840625 0.63826420625 0.9616016765625 0.6429168328125 0.9549248203125
0 0.5914394453125 0.935876415625 0.589396625 0.933342 0.5892148578125 0.9281368390625 0.5871720375 0.925602421875 0.5869902703125 0.9203972609375001 0.58494745 0.9178628453125001 0.5847656828125001 0.9126576828124999 0.5827228625 0.9101232671874999 0.5825410953125 0.9049181046875001 0.580498275 0.9023836890625001 0.5804073921875 0.8997811078125 0.578364571875 0.8972466906250001 0.5782736875000001 0.8946441109375 0.574097165625 0.8869726968749999 0.573915396875 0.881767534375 0.569738875 0.8740961203125 0.56955710625 0.8688909609375 0.5675142875 0.8663565421874999 0.56733251875 0.8611513828125 0.5652897 0.858616965625 0.56510793125 0.8534118046874999 0.5630651125 0.8508773875 0.5629742281250001 0.8482748078125001 0.5609314078125001 0.8457403906250001 0.560749640625 0.8405352296874999 0.5565731171875 0.8328638156249999 0.556300465625 0.825056075 0.5542576453125 0.82252165625 0.5541667609375 0.8199190765625 0.5499902390625 0.8122476609374999 0.5498084703125 0.8070425015625 0.5477656515625 0.804508084375 0.5475838828125 0.7993029234375 0.5434073609375 0.7916315093749999 0.5432255921875 0.7864263484375 0.5411827734375 0.78389193125 0.5410010046875 0.778686771875 0.5389581859375 0.776152353125 0.5387764171875 0.77094719375 0.5367335984375 0.768412775 0.5365518296875 0.7632076156250001 0.53237530625 0.7555362015625 0.5321935390625 0.7503310390625 0.5301507187500001 0.7477966234375 0.5300598359375 0.7451940421875001 0.5280170156249999 0.742659625 0.5278352484375 0.7374544640625 0.523658725 0.72978305 0.52347695625 0.724577890625 0.5214341375 0.722043471875 0.52125236875 0.7168383125 0.51920955 0.71430389375 0.5190277812499999 0.709098734375 0.5169849625 0.7065643171875 0.516894078125 0.7039617359375 0.514851259375 0.7014273203125 0.514669490625 0.6962221578125 0.51049296875 0.68855074375 0.5103112000000001 0.6833455828125 0.50826838125 0.680811165625 0.5080866125 0.67560600625 0.5039100890625 0.667934590625 0.5037283218749999 0.6627294312500001 0.5016855015624999 0.6601950140625 0.5015037343750001 0.654989853125 0.49732721093750004 0.6473184390625 0.497054559375 0.6395106984375001 0.49287803593749996 0.6318392828125 0.492605384375 0.6240315421875 0.4905625640625 0.621497125 0.49038079687499997 0.6162919640625 0.48833797656250005 0.613757546875 0.4872256828125 0.6098877578125 0.48136987812500004 0.6100922468750001 0.4795088265625 0.6127629906250001 0.47662636562499994 0.614166525 0.47717167031249996 0.6297820062499999 0.47921448906249997 0.632316425 0.4796689109375 0.645329325 0.4817117296875 0.64786374375 0.4825296859375 0.671286965625 0.48457250625 0.67382138125 0.4847542734375 0.6790265437499999 0.48679709375 0.6815609593749999 0.48688797812500006 0.684163540625 0.49106449999999996 0.6918349546875 0.49124626875 0.697040115625 0.4932890875 0.6995745328125 0.49347085625 0.7047796921875 0.49551367500000004 0.7073141109375001 0.49569544375 0.7125192703125001 0.4977382625 0.7150536890625 0.49792003124999995 0.7202588484375 0.49996285 0.722793265625 0.50014461875 0.7279984265625 0.504321140625 0.735669840625 0.504502909375 0.740875003125 0.506545728125 0.74340941875 0.5066366125 0.746012 0.5086794328125 0.7485464171875 0.5088612 0.7537515765625 0.5130377234375 0.7614229921875 0.5132194906249999 0.7666281515625 0.5152623109375 0.7691625703125 0.515444078125 0.7743677296875 0.5174868984375001 0.776902146875 0.517668665625 0.7821073078125 0.5218451890625 0.789778721875 0.5220269578125001 0.794983884375 0.5240697765625 0.7975183 0.5242515453125 0.8027234609375 0.5262943640625 0.805257878125 0.5263852484375 0.8078604578125 0.5284280671875 0.8103948765625001 0.5286098359375 0.8156000359375 0.5327863578125 0.8232714515625 0.5329681265625 0.8284766109374999 0.5350109453125 0.8310110281249999 0.5351927140625 0.8362161890625 0.5372355328125 0.83875060625 0.5374173015625 0.8439557656250001 0.5394601203125 0.8464901843750001 0.5395510046875 0.8490927656249999 0.541593825 0.8516271812499999 0.5417755921875 0.8568323421875 0.545952115625 0.8645037578125001 0.546133884375 0.8697089171875 0.548176703125 0.872243334375 0.5483584718750001 0.8774484953125 0.5525349937499999 0.885119909375 0.5527167625 0.8903250703125 0.55475958125 0.8928594875 0.55494135 0.8980646468750001 0.55698416875 0.900599065625 0.5570750531249999 0.9032016468749999 0.5612515765625 0.9108730609375 0.56143334375 0.9160782203125001 0.5634761640625 0.9186126390625 0.5636579312500001 0.9238177984375 0.5657007515625 0.9263522156249999 0.56588251875 0.9315573765625 0.5700590421875 0.9392287906250001 0.570240809375 0.9444339515625 0.5744173328125 0.952105365625 0.5745991015625 0.9573105265624999 0.5766419203125001 0.95984494375 0.5767328046875 0.962447525 0.5797970328125001 0.96624915 0.5856528390625 0.9660446609375001 0.5865833640625 0.9647092890625 0.587513890625 0.9633739171875 0.5914177609375 0.9632375906249999 0.5942093374999999 0.959231475 0.594118453125 0.956628896875 0.5959795046874999 0.9539581531250001 0.5957977359375 0.9487529921875 0.5916212125 0.9410815781249999 0.5914394453125 0.935876415625
0 0.5487003234375 0.915219990625 0.5507431421875 0.9177544078125001 0.5565989484375 0.91754991875 0.5576203578125 0.9188171281249999 0.5577112421875 0.92141970625 0.5597540609375 0.9239541250000001 0.560117596875 0.934364446875 0.5611390078125 0.9356316546875 0.565042878125 0.9354953281249999 0.565973403125 0.9341599578125 0.565791634375 0.9289547953125 0.563748815625 0.9264203796875 0.5636579312500001 0.9238177984375 0.5595722921874999 0.9187489640625 0.55920875625 0.90833864375 0.5571659375 0.905804225 0.55698416875 0.900599065625 0.55494135 0.8980646468750001 0.554850465625 0.89546206875 0.5528076468750001 0.8929276500000001 0.552625878125 0.887722490625 0.5484493546875 0.8800510765625 0.5482675875 0.8748459140625 0.5462247671875 0.8723114984375 0.546043 0.8671063359375 0.5440001796875 0.8645719203125 0.5438184125000001 0.8593667593750001 0.5396418890625 0.85169534375 0.5394601203125 0.8464901843750001 0.5374173015625 0.8439557656250001 0.5372355328125 0.83875060625 0.5330590109375 0.8310791921874999 0.5328772421875 0.82587403125 0.5308344234375 0.8233396140625 0.5307435390624999 0.8207370328125 0.5287007203125 0.8182026171875 0.5285189515625001 0.8129974546875 0.524342428125 0.805326040625 0.5241606609375 0.80012088125 0.522117840625 0.7975864625 0.5219360734375 0.792381303125 0.51775955 0.7847098875 0.5175777828125 0.7795047281249999 0.5155349625000001 0.7769703109375 0.5153531953125 0.77176515 0.513310375 0.7692307328125 0.5131286078125 0.764025571875 0.508952084375 0.7563541578125 0.508770315625 0.751148996875 0.50459379375 0.74347758125 0.5044120249999999 0.738272421875 0.50236920625 0.7357380046875 0.5021874375000001 0.73053284375 0.50014461875 0.7279984265625 0.49996285 0.722793265625 0.495786328125 0.7151218515625 0.495604559375 0.7099166921875 0.49356174062499997 0.7073822734374999 0.49337997187499993 0.7021771140624999 0.4892034484375 0.6945056984375 0.48902168125 0.6893005375000001 0.4869788609375 0.6867661218750001 0.48679709375 0.6815609593749999 0.4826205703125 0.6738895453125 0.48243880156249996 0.668684384375 0.48039598281250007 0.6661499671875 0.48012333125 0.6583422265625 0.4780805109375 0.6558078109375 0.47789874374999997 0.6506026484375 0.47585592343750005 0.6480682328125 0.475583271875 0.6402604921874999 0.4735404515625 0.6377260734375 0.47308603125 0.6247131734375 0.4710432125 0.6221787546875001 0.47086144374999994 0.6169735953125 0.4649147546875 0.614575503125 0.46427856562500003 0.5963574406250001 0.46223574687499996 0.5938230250000001 0.46214486250000003 0.5912204437499999 0.46400591406249997 0.5885497 0.46298450312500006 0.5872824921875 0.45322482812500003 0.5876233078124999 0.4511820078125 0.585088890625 0.4409462265625 0.5997779796875 0.44103711093750003 0.602380559375 0.44307993124999995 0.6049149765624999 0.4436252359375 0.6205304578125 0.4456680546875 0.6230648750000001 0.4457589390625 0.62566745625 0.44389788750000003 0.6283381984374999 0.44407965625 0.6335433593750001 0.44035755312499997 0.638884846875 0.4424003734375 0.6414192640625 0.442582140625 0.6466244234375 0.44462496093750004 0.6491588421875 0.444806728125 0.6543640015625 0.4468495484375 0.65689841875 0.447031315625 0.6621035796875 0.45120783906249995 0.66977499375 0.4513896078125 0.6749801546875001 0.4534324265625 0.677514571875 0.4536141953125 0.68271973125 0.45565701406250003 0.68525415 0.4558387828125 0.690459309375 0.45788160156249996 0.692993728125 0.4580633703125 0.6981988875 0.4622398921875 0.7058703015625001 0.4624216609375 0.7110754640625 0.46446447968750004 0.7136098796875 0.4645553640625 0.7162124609375 0.4665981828125 0.7187468781249999 0.4667799515625 0.7239520390624999 0.47095647500000004 0.731623453125 0.4711382421875 0.7368286125 0.47318106249999997 0.73936303125 0.4733628296875 0.744568190625 0.47540565 0.747102609375 0.4755874171875 0.7523077687499999 0.4776302375 0.7548421859375 0.477721121875 0.7574447671875 0.479763940625 0.7599791828125 0.47994570937500003 0.7651843453125 0.48412223125000003 0.772855759375 0.484304 0.7780609203125 0.48634681874999997 0.7805953375 0.48652858749999994 0.7858004968750001 0.48857140625 0.788334915625 0.488753175 0.793540075 0.49079599375000005 0.7960744921875 0.490886878125 0.798677071875 0.492929696875 0.801211490625 0.493111465625 0.8064166500000001 0.49728798906250005 0.8140880640624999 0.497560640625 0.8218958046875 0.499603459375 0.8244302234375 0.49969434375 0.8270328046875 0.5038708671875 0.83470421875 0.504052634375 0.839909378125 0.5060954546875001 0.842443796875 0.506277221875 0.8476489562499999 0.5104537453125 0.855320371875 0.5106355140625001 0.8605255312500001 0.5126783328125 0.8630599484375001 0.5127692171875 0.8656625296874999 0.5148120359374999 0.8681969453124999 0.5149938046875 0.8734021078125 0.5191703265625 0.8810735218750001 0.5193520953124999 0.8862786828125 0.5213949140625 0.8888130999999999 0.5215766828125 0.894018259375 0.5236195015625 0.8965526781250001 0.5237103859375 0.89915525625 0.527886909375 0.906826671875 0.5280686765625 0.9120318328125 0.5322452 0.9197032484375001 0.5325178515625 0.9275109890625 0.534560671875 0.9300454046875 0.5346515562499999 0.9326479859375001 0.536694375 0.935182403125 0.536785259375 0.9377849828124999 0.538828078125 0.9403193999999999 0.541052665625 0.948058978125 0.542074075 0.9493261859375 0.5430046015625 0.947990815625 0.5448656515625 0.9453200703125001 0.54477476875 0.9427174921875 0.5427319484375001 0.9401830734375001 0.5463631671875 0.9322390078125 0.5461813984375 0.9270338468749999 0.5441385796875 0.9244994296875 0.5440476953125 0.9218968484375001 0.5487003234375 0.915219990625
0 0.5179929796875 0.95928725625 0.51762944375 0.9488769343750001 0.5155866234375 0.9463425171875001 0.5151322031250001 0.933329615625 0.5169932546875 0.930658871875 0.5149504359375 0.92812445625 0.5145868984375 0.9177141343749999 0.5174693593749999 0.9163106000000001 0.5195121796875 0.9188450171874999 0.5214641140625 0.918776853125 0.525549753125 0.9238456890625001 0.5284322140625 0.922442153125 0.5281595609374999 0.9146344125000001 0.5261167421875 0.9120999968750001 0.5259349734375001 0.906894834375 0.5238921546875 0.90436041875 0.5237103859375 0.89915525625 0.5216675671875 0.896620840625 0.5214857984375 0.8914156796875 0.5194429796875 0.8888812625 0.5193520953124999 0.8862786828125 0.515175571875 0.8786072671875 0.5149938046875 0.8734021078125 0.512950984375 0.8708676890625 0.5127692171875 0.8656625296874999 0.50859269375 0.8579911156250001 0.5084109265625 0.8527859531249999 0.50636810625 0.8502515374999999 0.5061863390625 0.8450463750000001 0.502009815625 0.8373749609375001 0.5018280468749999 0.8321698015625 0.49978522812500004 0.8296353828124999 0.49969434375 0.8270328046875 0.49765152500000004 0.8244983859374999 0.49746975625 0.8192932265625 0.493293234375 0.8116218109375 0.493111465625 0.8064166500000001 0.49106864687499996 0.8038822343750001 0.490886878125 0.798677071875 0.48671035468749996 0.7910056578125 0.48652858749999994 0.7858004968750001 0.4844857671875 0.7832660796875001 0.484304 0.7780609203125 0.4822611796875 0.7755265015624999 0.48207941249999997 0.7703213421874999 0.48003659218749994 0.767786925 0.479854825 0.7625817640625 0.4756783015625 0.7549103500000001 0.47549653281250004 0.7497051890625 0.47345371406250003 0.747170771875 0.4732719453125 0.7419656125 0.4690954234375 0.734294196875 0.4689136546875 0.7290890359375 0.46687083593749995 0.72655461875 0.4666890671875 0.7213494578125 0.4646462484375 0.7188150421875 0.4645553640625 0.7162124609375 0.4625125453125 0.71367804375 0.46233077656250005 0.7084728828125 0.458154253125 0.70080146875 0.4579724859375 0.6955963078125 0.455929665625 0.693061890625 0.45574789843749997 0.68785673125 0.45370507812499994 0.6853223125000001 0.4535233109375 0.680117153125 0.451480490625 0.6775827343749999 0.4512987234375 0.672377575 0.44925590312499997 0.6698431578124999 0.44916502031250005 0.6672405765625 0.44498849687500003 0.6595691625 0.44471584531249997 0.6517614203125001 0.44267302500000005 0.6492270046875 0.442582140625 0.6466244234375 0.44053932187499995 0.64409000625 0.4404484375 0.6414874265625 0.43840561874999995 0.638953009375 0.437293325 0.6350832203125 0.42753364843749997 0.6354240359375 0.425672596875 0.6380947796875 0.4217687265625 0.63823110625 0.4209290859375 0.6421690578125 0.42687577499999996 0.6445671484375 0.42714842812500003 0.6523748890625 0.429191246875 0.65490930625 0.42937301562499997 0.6601144671875 0.4275119640625 0.6627852109375 0.4285116890625 0.6914135921875 0.430554509375 0.6939480109375 0.4307362765625 0.6991531703125 0.43277909687499994 0.7016875890625001 0.43296086406249995 0.7068927484375 0.435003684375 0.709427165625 0.4351854515625 0.7146323265625 0.439361975 0.7223037406249999 0.43954374218750003 0.727508903125 0.44158656250000006 0.7300433187500001 0.4417683296875 0.7352484796875001 0.44381115 0.737782896875 0.44390203437500003 0.7403854765625 0.445944853125 0.7429198953125 0.44603573750000003 0.7455224734375 0.45021225937500003 0.7531938890625 0.450394028125 0.75839905 0.45243684687499996 0.7609334671875 0.45261861562499994 0.766138628125 0.454661434375 0.76867304375 0.454843203125 0.77387820625 0.45688602187500005 0.776412621875 0.457067790625 0.7816177843750001 0.459110609375 0.7841522000000001 0.45929237812499996 0.7893573609375 0.461335196875 0.791891778125 0.461516965625 0.7970969390625 0.4656934890625 0.804768353125 0.46587525625000004 0.8099735140625001 0.46791807656250006 0.8125079312500001 0.46809984375 0.8177130921875 0.4701426640625 0.8202475093749999 0.47032443125 0.82545266875 0.47236725156250003 0.8279870875 0.47254901875 0.8331922468749999 0.4745918390625 0.8357266640625 0.47477360625 0.840931825 0.4768164265625 0.8434662421875 0.47699819374999997 0.8486714031249999 0.4811747171875 0.8563428171874999 0.4813564859375 0.8615479781250001 0.48339930468750003 0.8640823953125001 0.4835810734375 0.8692875546875 0.48562389218749996 0.8718219734374999 0.4857147765625 0.874424553125 0.48775759531249996 0.8769589703125 0.48793936406249994 0.88216413125 0.4921158859375 0.8898355453125 0.4923885390625 0.8976432875 0.49443135781249997 0.900177703125 0.4945222421875 0.9027802843750001 0.49869876562500004 0.9104516984375 0.4988805328125 0.9156568578125001 0.5009233531249999 0.9181912765625 0.5011051203125 0.9233964359375 0.503147940625 0.9259308546874999 0.5033297078125 0.9311360140625 0.505372528125 0.93367043125 0.5054634124999999 0.9362730125000001 0.509639934375 0.9439444265624999 0.509821703125 0.9491495875 0.511864521875 0.9516840046875 0.5120462906250001 0.956889165625 0.514089109375 0.9594235828125001 0.51417999375 0.9620261625 0.5162228125 0.9645605796875 0.5184474 0.9723001578125 0.519468809375 0.973567365625 0.5272765515625 0.9732947125000001 0.5282070765625 0.9719593421875 0.5310895375 0.9705558078125 0.5338811140625 0.9665496921875001 0.5337902296875 0.9639471125 0.5307260015625 0.9601454859375 0.5248701953125 0.960349975 0.52300914375 0.96302071875 0.521057209375 0.9630888828125 0.5179929796875 0.95928725625
0 0.4627934890625 0.9455803406250001 0.46224818437500004 0.929964859375 0.46410923593750003 0.9272941156250001 0.4638365828125 0.919486375 0.465697634375 0.9168156312500001 0.46524321406249997 0.9038027296875001 0.467104265625 0.9011319859375 0.4666498453125 0.8881190859375 0.464607025 0.8855846671875 0.4644252578125 0.8803795078125001 0.46238243749999997 0.8778450890625 0.4621097859375 0.8700373484374999 0.460066965625 0.8675029328124999 0.4598851984375 0.862297771875 0.45784237812499995 0.8597633546875001 0.4576606109375 0.85455819375 0.455617790625 0.8520237765625 0.4554360234375 0.846818615625 0.453393203125 0.8442842 0.4532114359375 0.8390790375 0.451168615625 0.836544621875 0.4509868484375 0.8313394609375001 0.44681032500000006 0.8236680453125 0.44662855625000003 0.8184628859374999 0.4445857375 0.8159284671875 0.44440396875 0.8107233078125 0.440227446875 0.80305189375 0.440045678125 0.7978467328125001 0.43800285937499994 0.795312315625 0.43782109062499996 0.7901071546875 0.43364456875 0.782435740625 0.43346280000000004 0.7772305796875 0.43141998125000003 0.7746961625 0.43114732812499995 0.766888421875 0.429104509375 0.7643540046874999 0.42855920468750003 0.748738521875 0.426516384375 0.7462041046875 0.4261528484375 0.735793784375 0.4280139 0.733123040625 0.42746859531250003 0.717507559375 0.429329646875 0.714836815625 0.42760284843749996 0.665387790625 0.42658143906249996 0.66412058125 0.41096595625 0.6646658859375 0.410126315625 0.6686038375 0.40826526406249997 0.67127458125 0.40844703281249994 0.6764797421875001 0.40658598125 0.6791504859375 0.40694951718750005 0.6895608078125 0.4050884671875 0.69223155 0.405452003125 0.7026418718749999 0.40172990156250005 0.7079833578125 0.401820784375 0.7105859390625 0.399959734375 0.7132566828125 0.4012321109375 0.74969280625 0.40327493125 0.7522272234375 0.404002003125 0.7730478656249999 0.40604482343750004 0.7755822828125 0.4066810125 0.79380034375 0.40872383125 0.7963347609375 0.4095417875 0.819757984375 0.4115846078125 0.8222924015625 0.41212991250000003 0.8379078828125 0.41417273125 0.8404423 0.41471803593749995 0.85605778125 0.4167608546875 0.8585921984375 0.41739704375000003 0.8768102609374999 0.4194398625 0.879344678125 0.42007605156250005 0.897562740625 0.42211887187499997 0.9000971578125 0.42284594374999995 0.9209178 0.4248887640625 0.9234522171874999 0.42543406875 0.9390676984375 0.4274768875 0.9416021156250001 0.42802219218750004 0.9572175968750001 0.4300650109375 0.9597520140625001 0.43061031562499996 0.9753674953125 0.4326531359375 0.9779019140624999 0.4329257875 0.9857096546875 0.4358991328125 0.9869087000000001 0.4379419515625 0.9894431171875 0.4496535625 0.9890341390625 0.45058408906249997 0.987698765625 0.45346655 0.98629523125 0.4581191765625 0.9796183734374999 0.457846525 0.9718106328125 0.4597075765625 0.9691398906250001 0.4593440390625 0.9587295687499999 0.46120509062500004 0.9560588250000001 0.4609324390625 0.9482510828124999 0.4627934890625 0.9455803406250001
0 0.5120462906250001 0.956889165625 0.5078697671875 0.9492177500000001 0.507688 0.944012590625 0.5056451796875 0.9414781718749999 0.5054634124999999 0.9362730125000001 0.5034205921875 0.9337385953125 0.5032388234375 0.928533434375 0.49906230156250003 0.9208620203125 0.4988805328125 0.9156568578125001 0.4968377140625 0.9131224421875 0.4966559453125 0.9079172812499999 0.49461312656249995 0.9053828640624999 0.4945222421875 0.9027802843750001 0.4903457203125 0.8951088687500001 0.4901639515625 0.889903709375 0.48812113124999995 0.8873692921874999 0.48793936406249994 0.88216413125 0.48589654375 0.8796297140625 0.4857147765625 0.874424553125 0.48367195625 0.8718901359375 0.48349018906249996 0.8666849765625001 0.48144736874999994 0.8641505578125 0.4812656015625 0.8589453984375 0.47922278125 0.8564109796875 0.4790410140625 0.8512058203124999 0.47699819374999997 0.8486714031249999 0.4768164265625 0.8434662421875 0.47477360625 0.840931825 0.4745918390625 0.8357266640625 0.47041531562500005 0.82805525 0.47023354843750004 0.8228500890625 0.468190728125 0.820315671875 0.468008959375 0.8151105109375001 0.46596614062499997 0.8125760953125001 0.465784371875 0.8073709328125 0.46374155312500004 0.8048365171875 0.463559784375 0.7996313546875 0.461516965625 0.7970969390625 0.461335196875 0.791891778125 0.45715867499999996 0.7842203624999999 0.45688602187500005 0.776412621875 0.4527095 0.7687412078125 0.45252773125 0.763536046875 0.4504849125 0.7610016296875 0.45030314374999997 0.7557964703125 0.448260325 0.7532620515625 0.44807855625000004 0.7480568921875 0.44603573750000003 0.7455224734375 0.445944853125 0.7429198953125 0.44390203437500003 0.7403854765625 0.44381115 0.737782896875 0.43963462656249996 0.73011148125 0.43945285937499995 0.724906321875 0.43741003906250003 0.722371903125 0.4351854515625 0.7146323265625 0.43212122343750003 0.7108307 0.429329646875 0.714836815625 0.4296022984375 0.72264455625 0.427741246875 0.7253153 0.42901362499999995 0.7617514234375 0.4331901484375 0.7694228375 0.433371915625 0.774628 0.4354147359375 0.777162415625 0.43559650312500003 0.782367578125 0.43763932343749995 0.7849019937499999 0.43782109062499996 0.7901071546875 0.4398639109375 0.7926415718750001 0.440045678125 0.7978467328125001 0.44208849843750003 0.8003811484375 0.44227026562500005 0.8055863109375 0.44431308593749996 0.8081207265625 0.444494853125 0.8133258890624999 0.4465376734375 0.8158603046874999 0.446719440625 0.821065465625 0.4508959640625 0.82873688125 0.4510777328125 0.833942040625 0.45312055156250003 0.8364764593749999 0.45330232031250006 0.84168161875 0.45534513906249996 0.8442160359375 0.4555269078125 0.849421196875 0.4597034296875 0.8570926109375 0.4599760828125 0.8649003515624999 0.4620189015625 0.8674347703124999 0.4621097859375 0.8700373484374999 0.46415260468749997 0.8725717671875 0.46433437343749995 0.8777769265625001 0.4685108953125 0.8854483421875001 0.46878354843750003 0.8932560828125 0.4708263671875 0.8957905 0.4709172515625 0.8983930812500001 0.4729600703125 0.9009274968750001 0.47314183906249996 0.9061326578125 0.4773183625 0.9138040734375 0.47759101406250004 0.9216118140624999 0.4817675375 0.929283228125 0.4820401890625 0.9370909703124999 0.4862167125 0.9447623843749999 0.4863984796875 0.94996754375 0.4884413 0.9525019625000001 0.48862306718750004 0.957707121875 0.49066588749999995 0.9602415390625 0.49084765468749997 0.9654467 0.495024178125 0.9731181140625 0.49520594687499997 0.9783232749999999 0.5003129937499999 0.98465931875 0.5012435203125001 0.9833239468749999 0.5021740453125 0.9819885734374999 0.5099817859375 0.981715921875 0.5118428374999999 0.9790451796875 0.5137947734375 0.9789770171875001 0.5147252984375 0.97764164375 0.5142708781249999 0.9646287421874999 0.5122280578125 0.962094325 0.5120462906250001 0.956889165625
0 0.41703350781250004 0.8663999390624999 0.4149906875 0.863865521875 0.4144453828125 0.8482500406250001 0.4124025640625 0.8457156250000001 0.411766375 0.8274975625 0.40972355625 0.82496314375 0.4089964828125 0.8041425015625 0.40695366406250005 0.801608084375 0.40640835937500003 0.785992603125 0.404365540625 0.7834581875 0.4036384671875 0.76263754375 0.40159564843749995 0.760103128125 0.4004141546875 0.7262695828125 0.39837133593749996 0.7237351656250001 0.39828045156249997 0.7211325859375 0.40014150156249995 0.7184618421875 0.399777965625 0.7080515203125 0.4016390171875 0.705380778125 0.40145724843749997 0.7001756171875 0.4033183 0.697504875 0.403045646875 0.689697134375 0.4049066984375 0.6870263890625 0.4045431625 0.67661606875 0.40640421406250005 0.6739453265625001 0.4062224453125 0.6687401640624999 0.40808349687499995 0.666069421875 0.4075381921875 0.6504539406250001 0.4044739625 0.6466523140625 0.38885848125 0.64719761875 0.3860669046875 0.651203734375 0.3861577890625 0.6538063140625 0.38429673750000004 0.6564770578125 0.3844785046875 0.6616822171875001 0.38261745468749997 0.6643529609375001 0.382799221875 0.669558121875 0.3791680046875 0.6775021875 0.3793497734375 0.68270735 0.37571855468750004 0.6906514171875 0.3759003234375 0.6958565765625 0.37403927187499997 0.6985273203125 0.3723599890625 0.7064032250000001 0.3744028078125 0.7089376406250001 0.37512988125 0.729758284375 0.37717269999999997 0.7322927 0.37799065781249996 0.7557159234374999 0.3800334765625 0.758250340625 0.38076055000000003 0.7790709828125 0.38280336875 0.7816054 0.383712209375 0.8076312031249999 0.3857550296875 0.8101656187499999 0.3865729859375 0.8335888421875 0.3886158046875 0.836123259375 0.389342878125 0.8569439015625001 0.391385696875 0.8594783187499999 0.39211277031249997 0.8802989609375 0.39415558906250003 0.8828333781250001 0.39515531406250004 0.9114617609375 0.397198134375 0.9139961781249999 0.3978343234375 0.932214240625 0.3998771421875 0.9347486578125 0.40060421562500004 0.9555693 0.402647034375 0.9581037171875 0.40282880312499997 0.9633088781250001 0.40385021249999997 0.9645760859375001 0.4077540828125 0.9644397609375 0.4097969015625 0.966974178125 0.419556578125 0.9666333625 0.420487103125 0.9652979890625 0.426252025 0.962490921875 0.42534318437499996 0.9364651187499999 0.42330036406250005 0.9339307 0.422755059375 0.9183152187499999 0.420712240625 0.9157808031249999 0.41989428437500004 0.8923575796875 0.4178514640625 0.8898231624999999 0.41703350781250004 0.8663999390624999
0 0.39488266250000004 0.9036540203125 0.39283984375 0.9011196046875 0.39184011875 0.8724912203124999 0.3897972984375 0.8699568031249999 0.389161109375 0.851738740625 0.387118290625 0.8492043234375 0.3864821015625 0.8309862625 0.3844392828125 0.8284518453124999 0.3835304421875 0.8024260421875 0.38148762187499996 0.799891625 0.3803970125 0.7686606625 0.37835419375 0.7661262437499999 0.3776271203125 0.745305603125 0.3755843015625 0.742771184375 0.3746754609375 0.71674538125 0.372632640625 0.714210965625 0.3720873359375 0.698595484375 0.3739483875 0.695924740625 0.3736757359375 0.6881169984375 0.3755367859375 0.6854462546875 0.37535501875 0.6802410953125 0.37721606875 0.6775703515625 0.3769434171875 0.6697626109375 0.37880446874999996 0.66709186875 0.3786227 0.66188670625 0.3804837515625 0.6592159640624999 0.3803019828125 0.654010803125 0.382163034375 0.6513400609375 0.381799496875 0.6409297390625001 0.3836605484375 0.6382589953125 0.383024359375 0.620040934375 0.37996013125 0.6162393078124999 0.37800819531249996 0.616307471875 0.37614714375 0.6189782140625 0.374195209375 0.6190463765625001 0.3714036328125 0.6230524921875 0.37158540156250003 0.628257653125 0.36972435 0.6309283953125 0.36981523437499997 0.6335309765625 0.36618401562499997 0.6414750437500001 0.366365784375 0.6466802031250001 0.3645047328125 0.6493509468750001 0.36282545 0.6572268515624999 0.3591033484375 0.6625683375 0.35919423125 0.66517091875 0.35733318125 0.6678416625 0.3585146734375 0.7016752046875 0.36055749375 0.704209621875 0.3611936828125 0.722427684375 0.3632365015625 0.7249621015625001 0.3640544578125 0.7483853234375 0.366097278125 0.750919740625 0.3671878875 0.7821507046875 0.36923070625 0.7846851218750001 0.3699577796875 0.8055057640625 0.3720005984375 0.80804018125 0.37290943906249996 0.8340659828125 0.374952259375 0.8366004015625 0.3758611 0.8626262046875001 0.37790391875 0.8651606203125001 0.3785401078125 0.8833786828125 0.3805829265625 0.8859131 0.381219115625 0.9041311609375 0.3832619359375 0.9066655796875001 0.3841707765625 0.9326913828125001 0.3862135953125 0.9352257984375001 0.38703155312500004 0.9586490218750001 0.389074371875 0.9611834390625 0.389347025 0.9689911796875 0.392411253125 0.97279280625 0.3952937140625 0.9713892718749999 0.398176175 0.9699857359375 0.399015815625 0.9660477843749999 0.4008768671875 0.963377040625 0.40051333125 0.9529667203125 0.3984705109375 0.9504323015624999 0.3976525546875 0.9270090796874999 0.39560973593750004 0.9244746640624999 0.39488266250000004 0.9036540203125
0 0.3780856875 0.8703657828125 0.37604286875000004 0.8678313640624999 0.3752249109375 0.8444081421874999 0.3731820921875 0.8418737234375 0.3722732515625 0.8158479218749999 0.37023043125 0.8133135046875 0.369503359375 0.7924928625 0.3674605390625 0.7899584453124999 0.3662790453125 0.7561249015625 0.3642362265625 0.753590484375 0.3634182703125 0.7301672625 0.36137545000000004 0.7276328453125 0.36055749375 0.704209621875 0.3585146734375 0.7016752046875 0.3575149484375 0.673046821875 0.35547212968749997 0.6705124046875001 0.35733318125 0.6678416625 0.35724229687500003 0.66523908125 0.3608735140625 0.6572950140625 0.36050997812499996 0.6468846921875 0.36423208125 0.6415432062499999 0.364141196875 0.638940625 0.366002246875 0.6362698828125 0.36582047968750003 0.631064721875 0.369633465625 0.628325815625 0.36861205625000004 0.62705860625 0.36275625 0.6272630953125 0.36191660937500003 0.6312010484374999 0.35819450625 0.6365425359375 0.35651522343750003 0.6444184390625 0.352793121875 0.649759925 0.3529748890625 0.6549650859375 0.35111383906250004 0.6576358296875 0.35120472343750003 0.6602384109375 0.3474826203125 0.665579896875 0.34757350468750003 0.668182478125 0.343851403125 0.6735239640625 0.3439422859375 0.6761265437499999 0.3420812359375 0.6787972859375 0.3431718453125 0.7100282499999999 0.3452146640625 0.7125626671874999 0.3463961578125 0.7463962125 0.3484389765625 0.748930628125 0.3493478171875 0.77495643125 0.3513906375 0.7774908484374999 0.35257213125 0.8113243921875 0.35461495 0.813858809375 0.35543290625 0.83728203125 0.35747572656250004 0.83981645 0.3585663359375 0.8710474125 0.3606091546875 0.8735818296875 0.3616088796875 0.9022102125 0.3636516984375 0.9047446296875 0.364560540625 0.9307704328125 0.366603359375 0.9333048500000001 0.3675122 0.9593306515625001 0.3695550203125 0.9618650703125 0.370191209375 0.9800831328124999 0.3732554375 0.9838847578125 0.3830151140625 0.9835439421875 0.3839456390625 0.9822085703125 0.3876677421875 0.976867084375 0.3867589 0.95084128125 0.38471608125 0.9483068640625 0.38362547187499996 0.9170759015625001 0.381582653125 0.9145414828125 0.3808555796875 0.8937208421875 0.3788127609375 0.8911864234375001 0.3780856875 0.8703657828125
0 0.33645885937500003 0.85357914375 0.335459134375 0.8249507625 0.33341631562499996 0.82241634375 0.33223482187500003 0.7885828 0.3301920015625 0.786048384375 0.329010509375 0.7522148390625001 0.3269676890625 0.7496804218750001 0.3260588484375 0.7236546203125 0.3240160296875 0.721120203125 0.3230163046875 0.6924918203125 0.320973484375 0.6899574015625001 0.32042817968750004 0.6743419203125 0.32228923125 0.6716711765625 0.3239685140625 0.6637952734375 0.327690615625 0.6584537859374999 0.3275997328125 0.65585120625 0.3294607828125 0.6531804640625001 0.331140065625 0.645304559375 0.3384933859375 0.6320190046875 0.33840250156249996 0.629416425 0.340263553125 0.62674568125 0.339151259375 0.6228758921875001 0.3332954546875 0.62308038125 0.326781775 0.6324279828125 0.326872659375 0.6350305640625 0.32315055625 0.6403720500000001 0.3214712734375 0.6482479546875 0.3140270703125 0.658930928125 0.314117953125 0.661533509375 0.3094653265625 0.668210365625 0.30556145625000003 0.6683466921875 0.3046309296875 0.669682065625 0.30608507500000004 0.7113233484375 0.3081278953125 0.713857765625 0.3092185046875 0.7450887296875 0.3112613234375 0.747623146875 0.3125337015625 0.7840592703125 0.3145765203125 0.7865936890625 0.3156671296875 0.8178246515625001 0.3177099484375 0.8203590671875001 0.3188914421875 0.8541926125 0.3209342625 0.8567270296875 0.32184310312500003 0.88275283125 0.323885921875 0.88528725 0.32497653125000003 0.9165182125 0.32701935 0.9190526296874999 0.3277464234375 0.939873271875 0.3297892421875 0.9424076890625 0.3308798515625 0.973638653125 0.332922671875 0.97617306875 0.33301355625 0.97877565 0.3311525046875 0.98144639375 0.3342167328125 0.9852480203124999 0.3478802796875 0.9847708781250001 0.3488108046875 0.9834355046875001 0.3480837328125 0.9626148640625001 0.3460409140625 0.9600804453125 0.3445867671875 0.9184391625 0.3425439484375 0.9159047453125 0.3415442234375 0.8872763625 0.339501403125 0.8847419453124999 0.338501678125 0.8561135625 0.33645885937500003 0.85357914375
0 0.32397680625 0.8878898296875001 0.3219339875 0.8853554125 0.32102514531250004 0.859329609375 0.3189823265625 0.8567951921875 0.3178008328125 0.8229616484375001 0.3157580140625 0.82042723125 0.3146674046875 0.7891962671874999 0.3126245859375 0.7866618515625 0.3115339765625 0.7554308875 0.30949115625 0.7528964703125001 0.308400546875 0.7216655078125 0.306357728125 0.7191310890625 0.3045400453125 0.6670794843750001 0.30742250625 0.66567595 0.3157972375 0.6536576046875 0.31561546875 0.64845244375 0.3174765203125 0.6457817015625 0.3173856359375 0.6431791203125 0.3211077375 0.6378376343750001 0.321016853125 0.635235053125 0.32473895625 0.6298935671875 0.3264182390625 0.6220176625 0.330140340625 0.616676175 0.32911893124999997 0.6154089671875 0.3252150609375 0.61554529375 0.321492959375 0.6208867796875001 0.3184287296875 0.617085153125 0.32028978124999996 0.6144144109375 0.3172255515625 0.6106127859375 0.3152736171875 0.6106809484375 0.312482040625 0.6146870640625 0.3126638078125 0.6198922234375 0.308850821875 0.62263113125 0.309032590625 0.627836290625 0.313118228125 0.632905125 0.311257178125 0.6355758687499999 0.3113480609375 0.6381784500000001 0.30297333125 0.6501967953125 0.301021396875 0.6502649578125 0.2991603453125 0.6529357 0.29627788437499997 0.6543392359375 0.29636876874999996 0.656941815625 0.2889245640625 0.6676247890625 0.2890154484375 0.6702273703125 0.287154396875 0.6728981125 0.28742705 0.680705853125 0.28946986875 0.6832402703125 0.290378709375 0.7092660734375 0.2924215296875 0.7118004906250001 0.2935121390625 0.743031453125 0.29555495781249996 0.745565871875 0.29655468281249997 0.774194253125 0.298597503125 0.776728671875 0.299597228125 0.8053570546875 0.301640046875 0.8078914718749999 0.3023671203125 0.8287121140625 0.3044099390625 0.83124653125 0.3053187796875 0.8572723343750001 0.3073616 0.8598067500000001 0.308452209375 0.8910377140625 0.31049502812499996 0.89357213125 0.31140386875 0.919597934375 0.3134466890625 0.9221323515625001 0.31444641406249996 0.9507607359374999 0.3164892328125 0.9532951515624999 0.31748895781250003 0.9819235359375 0.3205531875 0.9857251609375 0.33031286249999997 0.9853843453125 0.3312433890625 0.9840489734375 0.3331044390625 0.9813782312500001 0.332922671875 0.97617306875 0.3308798515625 0.973638653125 0.3297892421875 0.9424076890625 0.3277464234375 0.939873271875 0.32701935 0.9190526296874999 0.32497653125000003 0.9165182125 0.32397680625 0.8878898296875001
0 0.308361325 0.888435134375 0.3074524828125 0.86240933125 0.30540966406250003 0.8598749140624999 0.3045917078125 0.8364516906249999 0.30254888750000003 0.8339172749999999 0.3015491625 0.8052888906250001 0.29950634374999996 0.8027544750000001 0.29868838593749997 0.7793312515624999 0.2966455671875 0.776796834375 0.2956458421875 0.7481684515625 0.2936030234375 0.745634034375 0.2924215296875 0.7118004906250001 0.290378709375 0.7092660734375 0.28946986875 0.6832402703125 0.28742705 0.680705853125 0.287154396875 0.6728981125 0.2890154484375 0.6702273703125 0.2888336796875 0.6650222078125 0.2981389359375 0.6516684921875 0.2980480515625 0.6490659109375 0.30456173125 0.639718309375 0.306513665625 0.639650146875 0.3093052421875 0.63564403125 0.3091234734375 0.630438871875 0.3137761015625 0.6237620125000001 0.31767997187499997 0.6236256859375 0.3186104984375 0.622290315625 0.3183378453125 0.614482575 0.3173164359375 0.613215365625 0.3114606296875 0.6134198546875 0.3095995796875 0.6160905984375 0.305695709375 0.616226925 0.3026314796875 0.6124252984375 0.3004068921875 0.6046857203125 0.2993854828125 0.6034185125 0.2954816125 0.6035548390625001 0.28710688281249996 0.615573184375 0.287197765625 0.6181757625000001 0.2778925109375 0.6315294812500001 0.2779833953125 0.6341320609375 0.2742612921875 0.6394735484375 0.2743521765625 0.6420761265625 0.26876902343750003 0.6500883578125001 0.2688599078125 0.6526909375 0.26132481875 0.66077133125 0.26232454375 0.6893997140625 0.2643673640625 0.69193413125 0.2651853203125 0.7153573546875001 0.2672281390625 0.717891771875 0.2683187484375 0.749122734375 0.27036156875 0.7516571515625 0.27136129375 0.7802855359375 0.2734041125 0.7828199515625001 0.2743129546875 0.8088457546875001 0.2763557734375 0.811380171875 0.2775372671875 0.845213715625 0.2795800859375 0.8477481328125 0.2805798109375 0.8763765156250001 0.28262262968749996 0.8789109328125001 0.28362235625 0.907539315625 0.285665175 0.9100737328124999 0.28684666875 0.943907278125 0.2888894875 0.94644169375 0.2896165609375 0.9672623375 0.2916593796875 0.969796753125 0.2919320328125 0.97760449375 0.2949053765625 0.978803540625 0.29694819687499996 0.98133795625 0.3106117421875 0.9808608156249999 0.31154226875 0.9795254437500001 0.3144247296875 0.978121909375 0.31721630625 0.9741157953125 0.3165801171875 0.9558977328125 0.314537296875 0.9533633140625 0.3133558046875 0.919529771875 0.311312984375 0.9169953546875 0.31040414375 0.8909695515625 0.308361325 0.888435134375
0 0.2863013640625 0.9282917953125001 0.28425854375 0.925757378125 0.283167934375 0.8945264140625 0.281125115625 0.891991996875 0.279943621875 0.8581584546875 0.277900803125 0.8556240374999999 0.27681019375 0.8243930734375 0.27476737500000004 0.8218586562500001 0.2739494171875 0.7984354328125 0.2719065984375 0.7959010171875 0.27081598906250004 0.7646700531249999 0.2687731703125 0.7621356359375 0.2676825609375 0.7309046718750001 0.265639740625 0.7283702546875 0.264640015625 0.6997418718749999 0.262597196875 0.6972074546875 0.261484903125 0.693337665625 0.2575810328125 0.6934739921874999 0.25571998125 0.6961447359374999 0.2518161109375 0.6962810625 0.24875188124999997 0.6924794359375 0.24857011406249999 0.6872742765625001 0.24652729375 0.6847398578125 0.2464364109375 0.682137278125 0.2413293625 0.6758012359375 0.2374254921875 0.6759375624999999 0.23658585 0.6798755140625 0.2282111203125 0.691893859375 0.226259184375 0.691962021875 0.2225370828125 0.6973035078125001 0.22058514687500003 0.697371671875 0.2159325203125 0.7040485296875 0.2166595921875 0.724869171875 0.21870241250000003 0.7274035890625 0.2200656734375 0.7664422937500001 0.2221084921875 0.768976709375 0.22310821875000003 0.79760509375 0.2251510375 0.8001395109375 0.226241646875 0.8313704734374999 0.228284465625 0.833904890625 0.229375075 0.8651358546875001 0.23141789375 0.867670271875 0.232508503125 0.8989012359374999 0.2345513234375 0.9014356515624999 0.2357328171875 0.9352691953125 0.2377756359375 0.9378036140624999 0.23868447656249997 0.963829415625 0.240727296875 0.9663638328124999 0.24136348437500002 0.9845818953125001 0.24442771406250002 0.9883835218750001 0.2658990015625 0.987633728125 0.2668295265625 0.9862983546875 0.2677600515625 0.984962984375 0.2794716640625 0.9845540046875 0.28784639375 0.972535659375 0.287755509375 0.9699330796875 0.2896165609375 0.9672623375 0.2895256765625 0.96465975625 0.28748285625 0.9621253390625 0.2863013640625 0.9282917953125001
0 0.2325241421875 1 0.2340101640625 0.9978674484375001 0.23391927968749998 0.99526486875 0.239502434375 0.9872526374999999 0.23823005625000002 0.9508165140625 0.23618723749999998 0.948282096875 0.23509662812499998 0.9170511328125001 0.2330538078125 0.9145167171875 0.2323267359375 0.8936960734375001 0.230283915625 0.8911616578125001 0.2289206546875 0.8521229531250001 0.22687783593750002 0.8495885359375001 0.2256963421875 0.8157549921875 0.22365352187499998 0.8132205750000001 0.22238114531250003 0.77678445 0.2203383265625 0.774250034375 0.2193386 0.74562165 0.21729578125 0.743087234375 0.2161142875 0.709253690625 0.21407146875 0.706719271875 0.213980584375 0.70411669375 0.2158416359375 0.70144595 0.2156598671875 0.6962407890625 0.21752091875000001 0.6935700453125 0.21743003437500003 0.6909674640625 0.22031249531250002 0.6895639296875 0.23892300625 0.662856496875 0.2408749421875 0.6627883328124999 0.24171458281249997 0.65885038125 0.245436684375 0.6535088953125 0.2462763265625 0.64957094375 0.2482282625 0.6495027796875 0.25939456875 0.6334783203125001 0.261346503125 0.63341015625 0.26506860625 0.6280686703125 0.267020540625 0.6280005078124999 0.2698121171875 0.6239943921875 0.268176203125 0.577147946875 0.266133384375 0.5746135296875 0.2657698484375 0.5642032078125 0.262796503125 0.5630041625 0.260753684375 0.5604697453124999 0.2470901375 0.5609468875 0.2452290859375 0.56361763125 0.22766166875 0.5642310984375001 0.22580061875 0.5669018421875001 0.22189674843749999 0.56703816875 0.2163135953125 0.5750503984375 0.2105486734375 0.5778574671875 0.20115253281249998 0.5886086046875 0.1972486625 0.5887449296875 0.1898044578125 0.5994279046875 0.1878525234375 0.5994960671875 0.185991471875 0.602166809375 0.1840395375 0.6022349734375 0.1821784859375 0.6049057171875 0.18022655 0.6049738796875 0.1783655 0.6076446234375 0.1764135640625 0.6077127859375 0.1745525140625 0.6103835296875 0.17260057812500001 0.6104516921875 0.1707395265625 0.6131224359375 0.167857065625 0.6145259703125 0.1688567921875 0.6431543546875 0.1708996109375 0.6456887703125 0.1717175671875 0.6691119921875 0.1737603875 0.6716464109375 0.17466922812500002 0.6976722140625 0.176712046875 0.7002066296875 0.17780265625 0.7314375937500001 0.1798454765625 0.7339720109375001 0.1809360859375 0.765202975 0.1829789046875 0.7677373921874999 0.1839786296875 0.796365775 0.1860214484375 0.7989001921875001 0.1872029421875 0.8327337343749999 0.1892457609375 0.8352681531249999 0.19015460312500002 0.8612939562499999 0.192197421875 0.863828371875 0.19328803125 0.8950593359375001 0.19533085 0.897593753125 0.19623969218749998 0.92361955625 0.1982825109375 0.9261539734375 0.19910046875 0.9495771953125001 0.20114328750000002 0.9521116125000001 0.20232478125000003 0.9859451578125 0.2043676 0.9884795734375 0.2047311359375 0.9988898953125 0.205625915625 1 0.2325241421875 1
0 0.20014870937499998 1 0.200827265625 0.9990262218750001 0.20268831718749997 0.9963554765625 0.2015068234375 0.962521934375 0.1994640046875 0.9599875171875001 0.1984642796875 0.931359134375 0.196421459375 0.9288247171874999 0.195421734375 0.9001963343750001 0.193378915625 0.8976619171875001 0.192379190625 0.869033534375 0.1903363703125 0.866499115625 0.1893366453125 0.8378707343749999 0.1872938265625 0.835336315625 0.1860214484375 0.7989001921875001 0.1839786296875 0.796365775 0.1831606734375 0.7729425515624999 0.181117853125 0.770408134375 0.18002724375 0.739177171875 0.177984425 0.7366427546875001 0.17707558437499998 0.7106169515625 0.17503276406249998 0.708082534375 0.17394215468750002 0.6768515703125 0.1718993359375 0.6743171546875 0.1708996109375 0.6456887703125 0.1688567921875 0.6431543546875 0.167857065625 0.6145259703125 0.1706486421875 0.6105198546875 0.17260057812500001 0.6104516921875 0.17632267968749998 0.60511020625 0.178274615625 0.6050420421875 0.18013566718750001 0.6023712984375 0.18208760156249998 0.6023031359375 0.1858097046875 0.59696165 0.1877616390625 0.5968934859374999 0.1933447921875 0.58888125625 0.1991097140625 0.5860741859374999 0.20283181562500002 0.5807327 0.2047837515625 0.5806645375 0.208505853125 0.5753230515625 0.21045778906249998 0.5752548875 0.214179890625 0.5699134 0.2161318265625 0.5698452374999999 0.21892340312499997 0.5658391218750001 0.21883251874999998 0.5632365421875 0.217811109375 0.5619693328124999 0.2139072390625 0.562105659375 0.21186441875 0.55957124375 0.166969909375 0.56113899375 0.1651088578125 0.5638097359375001 0.1612049875 0.5639460625 0.1593439375 0.56661680625 0.1573920015625 0.56668496875 0.15553095 0.5693557124999999 0.153579015625 0.5694238765625 0.1517179640625 0.57209461875 0.1459530421875 0.5749016890624999 0.141300415625 0.581578546875 0.141936603125 0.5997966078125 0.1439794234375 0.6023310265624999 0.1447064953125 0.6231516671875 0.146749315625 0.6256860859375 0.1473855046875 0.6439041484375 0.1494283234375 0.6464385640625 0.15024627968749998 0.6698617875 0.1522891 0.6723962046875 0.15310705625 0.6958194265625 0.1551498765625 0.6983538453125 0.15596783281249998 0.7217770671875 0.1580106515625 0.7243114828125 0.15910126093750002 0.755542446875 0.16114408125 0.7580768640625 0.162052921875 0.7841026671875 0.16409574062500001 0.786637084375 0.165277234375 0.8204706281249999 0.167320053125 0.8230050453125 0.1679562421875 0.84122310625 0.16999906250000002 0.843757525 0.1709987875 0.8723859062500001 0.17304160625 0.874920325 0.1737686796875 0.8957409671875001 0.1758114984375 0.898275384375 0.1764476875 0.9164934468749999 0.17849050625000001 0.9190278624999999 0.17921757968750002 0.93984850625 0.1812603984375 0.9423829218750001 0.1822601234375 0.97101130625 0.18430294375 0.973545721875 0.1846664796875 0.9839560437499999 0.1867092984375 0.9864904624999999 0.1870728359375 0.9969007812499999 0.1895709015625 1 0.20014870937499998 1