0 0.0989610125 0 0.09759597812500001 0.0111173109375 0.0992171765625 0.013940093749999998 0.0938219203125 0.057880939062500004 0.09544311875 0.0607037203125 0.090682596875 0.0994750546875 0.0923037953125 0.10229783750000002 0.08722590625 0.14365392500000002 0.0888471046875 0.1464767078125 0.0859907921875 0.1697395078125 0.087611990625 0.172562290625 0.0828514703125 0.21133362500000002 0.08447266875000001 0.21415640468750002 0.0793947796875 0.2555124953125 0.081015978125 0.2583352765625 0.077524928125 0.2867675890625 0.079146128125 0.2895903703125 0.075655078125 0.31802268125 0.0772762765625 0.3208454640625 0.0731504921875 0.35444728593749997 0.074771690625 0.3572700671875 0.0709632734375 0.388287134375 0.072584471875 0.3911099171875 0.0690934234375 0.41954222812499997 0.07071462187500001 0.4223650109375 0.067540940625 0.448212565625 0.06916214062500001 0.4510353484375 0.068527403125 0.45620485781250003 0.069338003125 0.45761624999999995 0.09260080312499999 0.4604725625 0.0937287703125 0.459299196875 0.0967953046875 0.458363859375 0.1069470109375 0.4478035765625 0.10532581249999999 0.44498079375 0.111673175 0.3932856828125 0.11005197656250001 0.3904629 0.11417776093750001 0.356861078125 0.11255656249999998 0.354038296875 0.11668234687500001 0.3204364734375 0.1150611484375 0.3176136921875 0.1185521984375 0.2891813796875 0.11693099843750002 0.2863585984375 0.1204220484375 0.2579262859375 0.11880085 0.25510350625 0.12133979375 0.234425459375 0.1197185953125 0.2316026796875 0.12416174843750001 0.1954161 0.12254055 0.19259331875000002 0.12571423125 0.1667457625 0.12409303281249999 0.1639229796875 0.1282188171875 0.1303211578125 0.12659761875 0.12749837656250002 0.1288191953125 0.10940508593750001 0.127197996875 0.10658230625000001 0.1294195734375 0.088489015625 0.127798375 0.08566623437500001 0.13033731875000001 0.0649881890625 0.1287161203125 0.0621654078125 0.13062032968749998 0.0466568734375 0.1289991296875 0.043834093750000004 0.13280754687500002 0.0128170265625 0.13118634843750002 0.00999424375 0.13241348749999998 0 0.0989610125 0
0 0.14618803593750002 0 0.1457084203125 0.003906159375 0.14732961875 0.006728942187500001 0.1463775140625 0.014483207812500001 0.1441215796875 0.0168299375 0.143169475 0.024584203125000002 0.14479067343750002 0.0274069859375 0.14066488906250002 0.061008809374999994 0.1422860875 0.063831590625 0.13339978125000002 0.136204746875 0.1350209796875 0.1390275296875 0.1264520421875 0.20881593125000003 0.128073240625 0.21163871093750003 0.124899559375 0.23748626874999998 0.1265207578125 0.24030904999999997 0.12302970937499999 0.2687413609375 0.12465090781249999 0.27156414375 0.12052512343749999 0.305165965625 0.122146321875 0.307988746875 0.11738580000000001 0.34676008125 0.1190069984375 0.3495828640625 0.11519858125 0.38059993125 0.11681977968749999 0.3834227109375 0.1142808359375 0.4041007578125 0.11590203437499999 0.4069235375 0.115584665625 0.40950829375 0.11332873125000001 0.41185502500000004 0.1149499296875 0.41467780468750004 0.1108241453125 0.448279628125 0.11244534375 0.4511024109375 0.1118106078125 0.456271921875 0.11262120625000001 0.45768331093750003 0.12425260625000001 0.4591114671875 0.125380575 0.45793810312499994 0.12763650937499998 0.4555913734375 0.1260153109375 0.45276859218750004 0.126332678125 0.4501838375 0.1285886140625 0.44783710625 0.1269674140625 0.4450143265625 0.1310932 0.41141250312500005 0.1294720015625 0.40858972031249996 0.1367714671875 0.3491403421875 0.13515026875 0.346317559375 0.1459407828125 0.2584358703125 0.144319584375 0.2556130890625 0.150349578125 0.20650273125 0.1487283796875 0.20367995 0.15380626875 0.1623238609375 0.1521850703125 0.159501078125 0.1544410046875 0.15715435 0.1547583734375 0.15456959374999998 0.153137175 0.1517468109375 0.16234084843750002 0.07678890000000001 0.16071965 0.0739661171875 0.165480171875 0.0351947828125 0.1638589734375 0.032372003125 0.16639791718750002 0.01169395625 0.16477671875 0.0088711765625 0.16586596250000002 0 0.14618803593750002 0
0 0.1678337546875 0 0.16703265312499999 0.006524446875000001 0.16865385156249998 0.009347228124999999 0.168019115625 0.0145167390625 0.16576318125 0.01686346875 0.1673843796875 0.01968625 0.1632585953125 0.05328807343750001 0.16487979375 0.0561108546875 0.154724015625 0.13882303437500002 0.1563452140625 0.141645815625 0.1519020609375 0.17783239374999998 0.153523259375 0.18065517656250002 0.145906425 0.24268931093749999 0.1475276234375 0.24551209218749998 0.1405455265625 0.302376715625 0.142166725 0.305199496875 0.1335977859375 0.3749878984375 0.135218984375 0.3778106796875 0.129823728125 0.421751525 0.1314449265625 0.42457430625 0.127319140625 0.45817612968750004 0.1289403390625 0.4609989125 0.128622971875 0.46358366562500003 0.13105477031249999 0.46781783906249996 0.1601332703125 0.4713882296875 0.16126123750000002 0.47021486562500003 0.1623892046875 0.46904150156249996 0.1662663375 0.46951755312500004 0.16852227343749998 0.4671708234375 0.1704608390625 0.46740885 0.172716775 0.46506211875 0.17465534062500002 0.4653001453125 0.1769112765625 0.4629534171875 0.18304434375 0.4610827390625 0.1875562140625 0.4563892796875 0.1894947796875 0.45662730625 0.1928786828125 0.45310721249999997 0.1941481546875 0.44276818906250004 0.19252695625 0.4399454078125 0.19538326875 0.41668260625000003 0.19376207031249998 0.41385982656250003 0.1969357515625 0.38801226875 0.19531455312499998 0.38518948750000004 0.21626084531249998 0.2145956171875 0.21463964687499998 0.2117728375 0.21686122343749997 0.193679546875 0.215240025 0.190856765625 0.2161921296875 0.18310249843749998 0.2184480640625 0.1807557703125 0.21908280000000002 0.17558625781249998 0.2174616015625 0.1727634765625 0.2266652765625 0.0978055625 0.225044078125 0.0949827828125 0.22730001249999998 0.09263605312499999 0.22567881406249998 0.0898132703125 0.2329782796875 0.0303638921875 0.23135708125 0.027541109375 0.23473870468750002 0 0.1678337546875 0
0 0.2383261765625 0 0.23646932812500002 0.0019315812500000002 0.22758302187499999 0.0743047359375 0.22920422031249998 0.07712751875 0.2209526515625 0.1443311640625 0.22257385 0.147153946875 0.21559175156250002 0.2040185703125 0.21721295000000002 0.20684135 0.207057171875 0.28955353125 0.2086783703125 0.2923763109375 0.19566627812499998 0.3983512921875 0.197287478125 0.40117407343749995 0.19474853281249999 0.42185211875000006 0.19636973124999998 0.4246749 0.1928786828125 0.45310721249999997 0.19531047968749998 0.457341384375 0.20306474687499998 0.4582934890625 0.2041927140625 0.45712012343749997 0.2045100828125 0.45453536874999995 0.2067660171875 0.4521886390625 0.2096223296875 0.4289258375 0.20800113125 0.42610305625 0.210891803125 0.418586815625 0.2092706046875 0.415764034375 0.21720480625 0.35114514375 0.21558360781250002 0.3483223609375 0.2241525453125 0.2785339609375 0.222531346875 0.2757111796875 0.23332186250000003 0.18782948906250002 0.2317006625 0.18500670624999999 0.2390001296875 0.125557328125 0.23737893125 0.12273454531250001 0.241504715625 0.089132725 0.2398835171875 0.0863099421875 0.249721928125 0.0061825171875 0.24617114375 0 0.2383261765625 0
0 0.23592137812499997 0.34294835625000003 0.2343001796875 0.34012557499999996 0.253024896875 0.18762499375 0.2514036984375 0.1848022125 0.25429436875 0.177285971875 0.2526731703125 0.1744631890625 0.26219421249999997 0.096920521875 0.2605730140625 0.09409773906249999 0.265968271875 0.050156895312500005 0.2635364734375 0.045922721875 0.24996650625 0.0442565390625 0.2465826046875 0.047776634375 0.2453131328125 0.05811565625 0.24693433125 0.0609384375 0.2466169625 0.06352319375 0.244361028125 0.0658699234375 0.23960050625 0.1046412578125 0.24122170625 0.10746403906249999 0.2310659265625 0.19017621875 0.232687125 0.192999 0.2231660828125 0.2705416671875 0.22478728124999997 0.27336445 0.21494887187499997 0.3534918734375 0.21657007031250003 0.3563146546875 0.206414290625 0.439026834375 0.208035490625 0.44184961562499997 0.2057795546875 0.4441963453125 0.2054621875 0.4467811015625 0.2070833859375 0.4496038828125 0.2067660171875 0.4521886390625 0.209197815625 0.4564228109375 0.22082921562500002 0.45785096718749996 0.2219571828125 0.456677603125 0.2232266546875 0.4463385796875 0.22548259062499998 0.44399185 0.2267520625 0.43365282812499995 0.2251308640625 0.430830046875 0.234969275 0.350702621875 0.2333480765625 0.3478798421875 0.2356040109375 0.3455331109375 0.23592137812499997 0.34294835625000003
0 0.2916850125 0.28944962812499997 0.2900638140625 0.286626846875 0.29069855 0.2814573359375 0.292954484375 0.27911060625 0.295810796875 0.2558478046875 0.2941895984375 0.253025025 0.312596946875 0.1031091984375 0.31097574843750003 0.1002864171875 0.3132316828125 0.0979396890625 0.3151358921875 0.0824311546875 0.31351469375 0.0796083734375 0.314466796875 0.07185410625000001 0.3167227328125 0.0695073765625 0.318626940625 0.05399884218749999 0.31619514375 0.049764670312499995 0.277423809375 0.0450041484375 0.27580261093749997 0.0421813671875 0.269986909375 0.0414672890625 0.2666030078125 0.044987384375 0.2621598546875 0.0811739625 0.263781053125 0.08399674375 0.25679895625000004 0.140861365625 0.2584201546875 0.1436841484375 0.2476296390625 0.2315658390625 0.2492508375 0.2343886203125 0.2486161015625 0.2395581328125 0.24636016718749998 0.2419048609375 0.243821221875 0.26258290624999997 0.24544242187499998 0.26540568750000004 0.23243032968750002 0.37138066875 0.23405152812500002 0.3742034484375 0.2242131171875 0.45433087343749995 0.22664491562500003 0.4585650453125 0.2615391171875 0.46284951406249997 0.26316031562500003 0.46567229687499995 0.2670374484375 0.4661483484375 0.268165415625 0.46497498281249994 0.2726772859375 0.46028152499999997 0.2768030703125 0.4266797015625 0.275181871875 0.42385692031250005 0.2761339765625 0.416102653125 0.2783899109375 0.4137559234375 0.2799767515625 0.400832146875 0.27835555312500004 0.3980093640625 0.2916850125 0.28944962812499997
0 0.329199090625 0.088093484375 0.34083049062500004 0.089521640625 0.3442143921875 0.08600154531250001 0.345166496875 0.0782472796875 0.3435452984375 0.075424496875 0.343862665625 0.07283974062500001 0.34111349999999996 0.071190325 0.3330075078125 0.05707641718749999 0.331068940625 0.056838390625 0.3294477421875 0.0540156078125 0.31975490781250004 0.052825478125000006 0.318626940625 0.05399884218749999 0.2973632796875 0.22717746874999997 0.298984478125 0.23000025000000002 0.2770860796875 0.40834838749999997 0.2787072796875 0.41117116718749996 0.27172518125 0.468035790625 0.27253578125 0.46944718124999996 0.280290046875 0.4703992859375 0.2814180140625 0.469225921875 0.298555890625 0.32964911875 0.2969346921875 0.3268263375 0.31248572812500003 0.2001733140625 0.3147416640625 0.1978265828125 0.3160111359375 0.18748756093750002 0.3143899375 0.1846647796875 0.3258151875 0.091613578125 0.329199090625 0.088093484375
0 0.335014790625 0.0888075625 0.3272605234375 0.08785545781250001 0.32613255625000004 0.089028821875 0.2909046984375 0.37593669375 0.292525896875 0.37875947656250003 0.2902699625 0.3811062046875 0.2918911609375 0.3839289875 0.2817353828125 0.466641165625 0.28416718125 0.4708753375 0.28804431406250003 0.47135139062500003 0.28917228125 0.47017802656249996 0.291428215625 0.4678312953125 0.323165025 0.2093557359375 0.3215438265625 0.20653295468750002 0.332334340625 0.1186512640625 0.334590275 0.11630453437499999 0.3368118515625 0.0982112453125 0.3390677875 0.09586451562500001 0.335014790625 0.0888075625
0 0.321681259375 0.26951919375 0.32393719375 0.2671724625 0.3242545609375 0.26458770781249996 0.3226333625 0.2617649265625 0.32295073125 0.25918017031249996 0.325206665625 0.2568334421875 0.342979278125 0.1120871265625 0.34054748125 0.1078529546875 0.33667034687499997 0.10737690156249999 0.3332864453125 0.11089699687500001 0.32535224218750003 0.1755158875 0.3269734421875 0.17833866874999998 0.32633870468750004 0.1835081796875 0.3240827703125 0.185854909375 0.3228132984375 0.19619393125 0.32443449687500003 0.19901671406250002 0.3028534671875 0.37478009375 0.30447466562500003 0.3776028765625 0.302887825 0.390526653125 0.300631890625 0.39287338437499997 0.29936241875 0.40321240625000004 0.3009836171875 0.4060351875 0.29812730468750004 0.42929798750000003 0.3005591015625 0.43353216093749997 0.30168707031249997 0.432358796875 0.3020044375 0.429774040625 0.3003832390625 0.426951259375 0.3026391734375 0.42460452968749995 0.3204117859375 0.279858215625 0.322667721875 0.27751148593749997 0.3229850890625 0.2749267296875 0.321363890625 0.27210395 0.321681259375 0.26951919375
0 0.33564545468749996 0.155789946875 0.33726665312500004 0.158612728125 0.33631454843749997 0.16636699375 0.33405861406250004 0.16871372499999998 0.33310650937499997 0.17646799062500002 0.3347277078125 0.1792907734375 0.3337756046875 0.187045040625 0.33151966875 0.18939176875 0.330250196875 0.1997307921875 0.3318713953125 0.2025535734375 0.331554028125 0.20513832812500002 0.3292980921875 0.207485059375 0.3134296890625 0.3367228375 0.3150508875 0.3395456203125 0.312794953125 0.34189235 0.3144161515625 0.34471513125 0.313781415625 0.34988464375 0.3115254796875 0.352231371875 0.31314667812499997 0.3550541546875 0.2991824828125 0.46878339999999996 0.3019316484375 0.47043281875 0.30355284843749997 0.4732555984375 0.3093685484375 0.4739696765625 0.310496515625 0.4727963125 0.31275244999999996 0.47044958281250004 0.36353134374999996 0.0568886875 0.36272074375 0.055477295312499994 0.35108934375 0.054049139062499994 0.3499613765625 0.05522250468749999 0.33853612499999997 0.14827370625 0.33628019062500003 0.150620434375 0.33564545468749996 0.155789946875
0 0.38016784375 0.057619529687500004 0.3704750109375 0.0564294 0.3688538125 0.05360661875 0.365469909375 0.057126712499999996 0.36515254218750004 0.0597114671875 0.36289660625 0.0620581984375 0.36451780624999996 0.06488097968749999 0.36388306875 0.07005049062499999 0.361627134375 0.0723972203125 0.31243508124999997 0.47303433906250003 0.31324568125 0.4744457296875 0.32875421562499996 0.47634993750000004 0.3298821828125 0.47517657343749997 0.355906365625 0.2632266125 0.3581623 0.260879884375 0.380060696875 0.0825317484375 0.3823166328125 0.08018501875 0.38390347187499996 0.067261240625 0.3822822734375 0.0644384578125 0.38259964218750003 0.061853701562499995 0.38016784375 0.057619529687500004
0 0.37807962812499996 0.2108509546875 0.3803355625 0.208504225 0.3895392375 0.1335463125 0.391795171875 0.1311995828125 0.3927472765625 0.1234453171875 0.3950032109375 0.1210985859375 0.3972247875 0.103005296875 0.399480721875 0.10065856875000001 0.4004328265625 0.0929043015625 0.39637982968749996 0.085847346875 0.392502696875 0.0853712953125 0.39088149843750003 0.0825485125 0.38312723125 0.08159640781250001 0.3797433296875 0.08511650312499999 0.352449675 0.3074054859375 0.3501937390625 0.30975221406250003 0.33908585625 0.4002186609375 0.3407070546875 0.40304144218750004 0.3397549515625 0.410795709375 0.337499015625 0.4131424390625 0.3368642796875 0.41831195 0.338485478125 0.42113473125 0.33721600625 0.43147375468750004 0.334960071875 0.43382048281249996 0.33051691875 0.4700070625 0.3321381171875 0.47282984375000003 0.3326313484375 0.4768259890625 0.34038561562499997 0.47777809375 0.3415135828125 0.47660472968749995 0.34376951718750004 0.474258 0.3558295046875 0.3760372875 0.3580854390625 0.3736905578125 0.3761754203125 0.22635948749999998 0.3784313546875 0.224012759375 0.37906609062499996 0.21884324687499998 0.3774448921875 0.216020465625 0.37807962812499996 0.2108509546875
0 0.414388878125 0.12347884687499999 0.41890074843749997 0.1187853890625 0.419535484375 0.11361587656250001 0.4179142859375 0.11079309531249999 0.418231653125 0.1082083390625 0.41579985625000004 0.10397416718750001 0.400291321875 0.102069959375 0.3988459859375 0.1058280796875 0.3965900515625 0.10817480937499999 0.394368475 0.126268096875 0.3959896734375 0.1290908796875 0.3947202015625 0.139429903125 0.3924642671875 0.14177663125 0.394085465625 0.1445994125 0.39218125625 0.16010794687500002 0.389925321875 0.1624546765625 0.3896079546875 0.16503943125 0.391229153125 0.1678622140625 0.39091178437499996 0.1704469703125 0.38865585 0.1727936984375 0.35469746562500004 0.4493625484375 0.3524415296875 0.4517092765625 0.34736364062499997 0.49306536718749994 0.3489848390625 0.49588815 0.3494780703125 0.4998842953125 0.3591709046875 0.5010744265625 0.360298871875 0.49990106093750003 0.36255480625000003 0.4975543328125 0.366997959375 0.46136775312499995 0.36925389375 0.4590210234375 0.379727040625 0.3737240890625 0.3819829765625 0.371377359375 0.407372421875 0.1645969109375 0.4096283578125 0.16225018125 0.414388878125 0.12347884687499999
0 0.4551593515625 0.3042743078125 0.45353815312499995 0.301451525 0.45417288906250003 0.2962820140625 0.45642882343749996 0.293935284375 0.4624588171875 0.2448249265625 0.4647147515625 0.24247819843750001 0.4739184265625 0.16752028593749999 0.47617436093750004 0.16517355625000002 0.47934804218749993 0.139326 0.47691624375 0.135091828125 0.45365344375000005 0.132235515625 0.45203224531249997 0.12941273281250001 0.42101517812499994 0.12560431562500002 0.41939397968750003 0.12278153437499999 0.4174554125 0.122543509375 0.4140715109375 0.126063603125 0.4128020375 0.136402625 0.410546103125 0.1387493546875 0.39150401874999996 0.293834690625 0.3892480828125 0.2961814203125 0.3908692828125 0.29900420156249996 0.3829350796875 0.3636230921875 0.38067914531249997 0.365969821875 0.36925389375 0.4590210234375 0.366997959375 0.46136775312499995 0.36255480625000003 0.4975543328125 0.3649866046875 0.5017885046874999 0.407635071875 0.5070250781250001 0.4092562703125 0.5098478578125001 0.4208876703125 0.511276015625 0.42201563750000004 0.51010265 0.42427157343750005 0.5077559203125 0.4344273515625 0.42504374218749996 0.4366832859375 0.4226970125 0.4439827515625 0.3632476328125 0.4462386875 0.360900903125 0.4522686796875 0.3117905484375 0.454524615625 0.30944381718749997 0.4551593515625 0.3042743078125
0 0.478070425 0.2939688140625 0.4803263609375 0.2916220859375 0.48762582656250003 0.23217270625 0.4898817609375 0.229825978125 0.496863859375 0.1729613546875 0.49911979375 0.1706146234375 0.5070539953125001 0.10599573437500001 0.504622196875 0.10176156249999999 0.4949293640625 0.1005714328125 0.49330816562499996 0.09774865 0.4913695984375 0.0975106234375 0.48911366406249995 0.0998573546875 0.48604712968749997 0.1007926921875 0.4819213453125 0.134394515625 0.479665409375 0.13674124375000002 0.47046173593749996 0.21169915781249998 0.46820580156249997 0.21404588593749999 0.4602715984375 0.2786647765625 0.4580156640625 0.28101150625 0.44881198906249997 0.35596941875 0.44655605468750004 0.35831614843750004 0.4395739578125 0.4151807703125 0.437318021875 0.4175275015625 0.42938382031250005 0.4821463921875 0.4271278859375 0.4844931203125 0.42458894062499997 0.505171165625 0.4270207390625 0.5094053390625 0.44252927187499996 0.511309546875 0.443657240625 0.51013618125 0.445913175 0.507789453125 0.45162579999999997 0.4612638515625 0.453881734375 0.458917121875 0.45959436093750006 0.4123915203125 0.4618502953125 0.41004479062500004 0.46914976093750005 0.35059541250000004 0.4714056953125 0.3482486828125 0.478070425 0.2939688140625
0 0.4943167703125 0.3379431921875 0.49657270468750003 0.3355964609375 0.503554803125 0.2787318390625 0.5058107374999999 0.276385109375 0.5108886265625 0.23502901875 0.5131445609374999 0.23268229062499998 0.5121580984375 0.2246899984375 0.514414034375 0.2223432671875 0.519809290625 0.17840242343749999 0.5220652265625 0.1760556921875 0.5290473234374999 0.11919106875 0.5313032578125 0.116844340625 0.5319379953125 0.111674828125 0.529506196875 0.10744065625000002 0.5217519296875001 0.10648855156249999 0.52013073125 0.10366577031249999 0.5162535984375001 0.10318971875 0.5139976625 0.105536446875 0.510931128125 0.1064717875 0.5093442890625 0.1193955640625 0.507088353125 0.1217422953125 0.4994715203125 0.18377642968750002 0.497215584375 0.1861231578125 0.491502959375 0.2326487578125 0.48924702499999995 0.23499548906249998 0.48321703125 0.2841058453125 0.48096109687500005 0.28645257343749997 0.4752484703125 0.332978175 0.47299253593749996 0.3353249046875 0.47267516875000004 0.33790966093749997 0.47429636718749996 0.3407324421875 0.4727095265625 0.3536562203125 0.47045359218750005 0.35600295000000004 0.46601043906250006 0.39218952812499996 0.463754503125 0.3945362578125 0.45804187812499997 0.44106185781249996 0.45578594375000003 0.4434085875 0.447851740625 0.508027478125 0.4502835390625 0.5122616515625 0.46385350625 0.513927834375 0.4649814734375 0.5127544671875001 0.4672374078125 0.5104077390625 0.4719979296875 0.4716364046875 0.4742538640625 0.469289675 0.479331753125 0.427933584375 0.4815876890625 0.42558685625 0.48698294531249997 0.3816460109375 0.48923888125000004 0.37929928125 0.4943167703125 0.3379431921875
0 0.5146889 0.3483157453125 0.516944834375 0.34596901562500004 0.520118515625 0.32012145937500003 0.5223744499999999 0.3177747296875 0.526500234375 0.28417290624999997 0.5287561703125 0.281826178125 0.533516690625 0.24305484375000003 0.535772625 0.24070811406249998 0.5411678828125 0.19676726875 0.5434238171875 0.1944205390625 0.5481843390625001 0.15564920468750001 0.5504402734375 0.153302475 0.5555181625000001 0.11194638593749999 0.5547075640625 0.1105349953125 0.535321896875 0.108154734375 0.5338765609375 0.11191285468750001 0.5316206265625001 0.11425958437499999 0.533241825 0.11708236718750001 0.530985890625 0.11942909531250001 0.5259080015625 0.1607851859375 0.523652065625 0.163131915625 0.518256809375 0.207072759375 0.5160008734375 0.20941949062499998 0.511240353125 0.2481908234375 0.50898441875 0.250537553125 0.503906528125 0.29189364218749997 0.50165059375 0.2942403734375 0.4933990234375 0.36144401875 0.4911430890625 0.3637907484375 0.48733467187499996 0.394807815625 0.4850787375 0.39715454375000003 0.47904874375000006 0.4462649015625 0.476792809375 0.44861163125000003 0.470762815625 0.49772198593750006 0.46850688125 0.5000687171875 0.4675547765625 0.5078229828125 0.469175975 0.510645765625 0.46966920625 0.5146419125 0.4851777390625 0.5165461203125 0.48630570781250004 0.5153727546875 0.4885616421875 0.5130260265625 0.49078321875 0.49493273593750003 0.49303915312499996 0.49258600625 0.497799675 0.453814671875 0.500055609375 0.45146794375 0.5054508671875 0.407527096875 0.5077068015624999 0.40518036874999996 0.5146889 0.3483157453125
0 0.5267750999999999 0.410145384375 0.5321703578125 0.3662045390625 0.5344262921875 0.363857809375 0.5375999734375 0.3380102546875 0.5398559078125 0.3356635234375 0.5433469578125 0.30723121249999996 0.5456028921875 0.3048844828125 0.5490939406249999 0.27645217187500004 0.551349875 0.2741054421875 0.5551582921875 0.243088375 0.5574142281250001 0.24074164531250003 0.5621747484374999 0.2019703109375 0.5644306828125 0.19962358125 0.5695085734374999 0.1582674921875 0.5717645078125 0.1559207625 0.5765250281250001 0.117149428125 0.57409323125 0.11291525468750001 0.5605232640625 0.11124907343749998 0.559077928125 0.11500719374999999 0.5568219937500001 0.1173539234375 0.5533309453124999 0.145786234375 0.551075009375 0.1481329640625 0.5463144890625 0.1869042984375 0.544058553125 0.189251028125 0.538663296875 0.23319187343749997 0.5364073625 0.23553860312500002 0.531646840625 0.2743099375 0.52939090625 0.276656665625 0.524630384375 0.315428 0.5223744499999999 0.3177747296875 0.516661825 0.36430033125 0.5144058890625 0.3666470609375 0.5118669453125 0.38732510468750003 0.509611009375 0.3896718359375 0.5045331203125001 0.43102792343749996 0.5022771859375 0.4333746546875 0.49783403281250005 0.46956123125 0.4955780984375 0.4719079625 0.490182840625 0.51584880625 0.49099344062499994 0.5172601984375 0.50456340625 0.51892638125 0.5056913749999999 0.517753015625 0.5060087421875 0.5151682609375 0.5082646765625001 0.51282153125 0.5114383578125 0.4869739734375 0.5136942921875 0.48462724531249995 0.517820078125 0.451025421875 0.5200760125 0.4486786921875 0.524519165625 0.4124921140625 0.5267750999999999 0.410145384375
0 0.536253640625 0.46115995 0.539109953125 0.43789714843749994 0.5413658875 0.43555041875 0.5454916734374999 0.40194859687499995 0.5477476078125 0.3996018671875 0.55123865625 0.37116955625000003 0.5534945921875 0.3688228265625 0.557303009375 0.337805759375 0.55955894375 0.335459028125 0.5630499921875 0.30702671718749996 0.5653059265625 0.3046799875 0.567844871875 0.28400194375 0.5701008062499999 0.2816552125 0.5742265921875 0.24805339062499998 0.5764825265625 0.2457066609375 0.5809256796875 0.20952008281249998 0.5831816140625 0.20717335312500001 0.5860379265625 0.183910553125 0.5882938625 0.1815638234375 0.592419646875 0.1479620015625 0.59467558125 0.1456152703125 0.5959450546875 0.1352762484375 0.59351325625 0.131042075 0.578004721875 0.1291378671875 0.5768767546875 0.1303112328125 0.574972546875 0.1458197671875 0.5727166125 0.14816649531249998 0.5685908265624999 0.18176831875 0.5663348921875 0.18411504843749998 0.56284384375 0.21254735937499997 0.5605879078125 0.21489408906250002 0.556779490625 0.24591115624999998 0.55452355625 0.24825788593749998 0.5503977718749999 0.281859709375 0.5481418359375 0.2842064390625 0.5440160515625 0.31780826093750003 0.5417601171875 0.32015499062499997 0.5382690671875 0.3485873015625 0.5360131328125 0.35093403125 0.532204715625 0.38195109843749997 0.52994878125 0.38429782968750004 0.525822996875 0.41789965156250003 0.5235670609375 0.42024638124999997 0.5175370671875 0.46935673749999995 0.5152811328125 0.4717034671875 0.5124248203125 0.49496626718750003 0.5101688859375 0.497312996875 0.507629940625 0.517991040625 0.508440540625 0.5194024328125 0.514256240625 0.5201165109375 0.5158774390625 0.5229392921875 0.5181333734375 0.5205925640625 0.5200719406250001 0.5208305890625 0.5216931390624999 0.5236533703124999 0.52282110625 0.52248000625 0.525077040625 0.520133275 0.52698125 0.5046247421875 0.529237184375 0.5022780140625 0.5330456015625 0.47126094687500003 0.5353015359375 0.468914215625 0.5336803375 0.466091434375 0.53399770625 0.4635066796875 0.536253640625 0.46115995
0 0.563007490625 0.4355839515625 0.565863803125 0.41232115 0.5681197375 0.4099744203125 0.5712934187500001 0.3841268640625 0.573549353125 0.38178013593750004 0.5770404015625 0.3533478234375 0.5792963359375001 0.35100109375 0.583104753125 0.31998402656249997 0.5853606890624999 0.317637296875 0.587582265625 0.2995440078125 0.5898382 0.29719727812499996 0.5926945124999999 0.273934478125 0.594950446875 0.2715877484375 0.5990762328125 0.237985925 0.6013321671875 0.235639196875 0.6045058484375 0.209791640625 0.6067617828125 0.20744490937500001 0.6096180953125 0.18418210937499999 0.6118740296875 0.18183538125 0.6166345515625 0.14306404687500002 0.6188904859375 0.1407173171875 0.6172692875 0.13789453437500002 0.6175866562500001 0.1353097796875 0.6151548578125 0.1310756078125 0.5996463234375 0.1291713984375 0.596262421875 0.13269149375 0.5934061093749999 0.15595429375 0.591150175 0.158301021875 0.587659125 0.186733334375 0.585403190625 0.1890800640625 0.5822295093750001 0.21492762031249998 0.579973575 0.21727435 0.5764825265625 0.2457066609375 0.5742265921875 0.24805339062499998 0.5697834390625001 0.28423996875 0.567527503125 0.2865867 0.5653059265625 0.3046799875 0.5630499921875 0.30702671718749996 0.5586068390625 0.3432132953125 0.5563509046874999 0.345560025 0.5531772234375001 0.37140758281249997 0.5509212890625 0.3737543109375 0.5477476078125 0.3996018671875 0.5454916734374999 0.40194859687499995 0.5407311515625 0.44071993125000003 0.5384752171875 0.443066659375 0.5346668 0.47408372656250003 0.532410865625 0.47643045781250004 0.5282850796874999 0.5100322796875 0.5260291453125 0.512379009375 0.525077040625 0.520133275 0.5258876406249999 0.5215446671875 0.5278262078125 0.52178269375 0.52944740625 0.524605475 0.5391402390625 0.5257956046875 0.54026820625 0.5246222406250001 0.543334740625 0.5236869015625001 0.54671864375 0.5201668078125 0.5495749562500001 0.49690400781250005 0.551830890625 0.494557278125 0.555004571875 0.4687097203125 0.55726050625 0.4663629921875 0.5607515546874999 0.43793067968750005 0.563007490625 0.4355839515625
0 0.582007071875 0.409055846875 0.5842630078125 0.40670911875 0.5871193203125 0.38344631875 0.5893752546875 0.3810995875 0.5919142 0.36042154375 0.594170134375 0.35807481406249997 0.5976611828125 0.329642503125 0.5999171171875 0.327295771875 0.6024560625000001 0.306617728125 0.604711996875 0.3042709984375 0.6069335734375 0.28617770781249996 0.6091895093749999 0.2838309796875 0.6114110859374999 0.265737690625 0.6136670203125 0.263390959375 0.6168407 0.23754340468750001 0.6190966359375001 0.235196675 0.6219529484375 0.211933875 0.6242088828125001 0.20958714375 0.6280173 0.17857007656249999 0.6302732343749999 0.1762233484375 0.6340816515625 0.14520628124999999 0.6363375859375 0.14285955156250002 0.6382417953124999 0.1273510171875 0.6354926296875 0.12570160156250001 0.63387143125 0.12287881875 0.624178596875 0.12168868906250001 0.6207946953125 0.1252087828125 0.6160341734375 0.1639801171875 0.6137782390625001 0.166326846875 0.6106045578125 0.192174403125 0.6083486234375 0.1945211328125 0.605809678125 0.2151991765625 0.60355374375 0.21754590624999998 0.5997453265625 0.24856297343749997 0.5974893921875 0.2509097046875 0.5943157109375 0.276757259375 0.5920597765625 0.2791039890625 0.5892034640625 0.30236678906250003 0.586947528125 0.3047135203125 0.584408584375 0.32539156406249997 0.58215265 0.32773829375 0.5786616 0.3561706046875 0.5764056656250001 0.3585173359375 0.5729146171874999 0.386949646875 0.5706586812500001 0.3892963765625 0.5674850015625 0.41514393125 0.5652290671875 0.41749066093750004 0.56142065 0.44850772812499995 0.5591647140625 0.450854459375 0.5563084015624999 0.474117259375 0.5540524671875 0.4764639875 0.5508787859375001 0.50231154375 0.5486228515625 0.5046582749999999 0.546401275 0.5227515625 0.547211875 0.5241629546875 0.558843275 0.5255911109375 0.5599712421875 0.5244177453125001 0.5622271765625 0.522071015625 0.56603559375 0.49105394843749994 0.568291528125 0.48870721875 0.5701957375 0.4731986859375 0.572451671875 0.4708519546875 0.575307984375 0.44758915468750005 0.57756391875 0.4452424265625 0.582007071875 0.409055846875
0 0.5934241796874999 0.46030843906249996 0.596597859375 0.43446088125 0.5988537953125 0.432114153125 0.601075371875 0.41402086406249994 0.6033313062500001 0.411674134375 0.60618761875 0.3884113328125 0.608443553125 0.3860646046875 0.6109824984375 0.365386559375 0.6132384328125 0.36303982968750004 0.6164121140625001 0.3371922734375 0.6186680484375 0.33484554375000003 0.620889625 0.31675225625 0.6231455593749999 0.314405525 0.6253671359374999 0.2963122359375 0.627623071875 0.29396550781249997 0.6301620156250001 0.2732874609375 0.6324179515624999 0.27094073281250003 0.6352742640625 0.2476779328125 0.6375301984374999 0.24533120312499998 0.6397517749999999 0.2272379125 0.642007709375 0.22489118437500003 0.6448640218749999 0.20162838437500002 0.6471199578125 0.19928165312499999 0.6502936375 0.173434096875 0.6525495734375 0.17108736875 0.655723253125 0.1452398125 0.6579791890625 0.14289308125 0.6592486609375 0.1325540609375 0.6584380609375 0.13114266875 0.654560928125 0.1306666171875 0.6529397296874999 0.12784383593749998 0.6451854625 0.12689173125 0.642929528125 0.1292384609375 0.63986299375 0.1301738 0.6379587859375 0.145682334375 0.63570285 0.1480290625 0.6322118015625 0.176461375 0.6299558671875001 0.178808103125 0.627416921875 0.1994861484375 0.6251609874999999 0.201832878125 0.62198730625 0.227680434375 0.619731371875 0.2300271640625 0.616875059375 0.25328996406250004 0.614619125 0.25563669375 0.6123975484375 0.2737299828125 0.6101416125 0.2760767125 0.60760266875 0.2967547578125 0.6053467328125001 0.2991014875 0.60312515625 0.31719477500000004 0.600869221875 0.31954150625 0.5986476453125 0.33763479531249996 0.5963917109375 0.3399815234375 0.5932180296875 0.3658290796875 0.5909620953125 0.3681758109375 0.5881057828125 0.3914386109375 0.5858498484375 0.3937853390625 0.5826761671875 0.4196328953125 0.58042023125 0.4219796265625 0.57756391875 0.4452424265625 0.575307984375 0.44758915468750005 0.572134303125 0.47343671093750006 0.56987836875 0.47578344218749996 0.565752584375 0.5093852640625001 0.5634966484375 0.51173199375 0.561909809375 0.5246557703125 0.5627204078125 0.5260671625 0.576290375 0.5277333453125 0.5774183421875 0.5265599796875 0.5783704468749999 0.5188057125000001 0.58062638125 0.516458984375 0.581895853125 0.5061199609375 0.5841517890625 0.5037732312500001 0.586373365625 0.48567994218750005 0.5886293 0.4833332125 0.59116824375 0.46265516875 0.5934241796874999 0.46030843906249996
0 0.6137275921875001 0.439187871875 0.6159835265625 0.4368411421875 0.618839840625 0.4135783421875 0.621095775 0.41123161406250003 0.6233173515625 0.3931383234375 0.6255732859375 0.39079159375 0.6277948624999999 0.37269830625 0.630050796875 0.37035157500000004 0.63195500625 0.3548430421875 0.6342109406249999 0.3524963125 0.637067253125 0.32923351093750003 0.6393231875 0.3268867828125 0.641227396875 0.31137825 0.64348333125 0.30903151875 0.6460222765625 0.28835347499999997 0.6482782109375 0.28600674531250003 0.6504997875 0.2679134546875 0.652755721875 0.2655667265625 0.655612034375 0.2423039265625 0.6578679703125 0.239957196875 0.659772178125 0.2244486625 0.6620281125 0.2221019328125 0.6642496890625 0.20400864375 0.666505625 0.2016619140625 0.6693619375 0.1783991140625 0.671617871875 0.17605238437499998 0.674791553125 0.150204828125 0.6770474875 0.1478580984375 0.6789516953125 0.132349565625 0.6762025296874999 0.1307001484375 0.67458133125 0.1278773671875 0.6668270640625 0.1269252625 0.6634431625 0.13044535625 0.66312579375 0.13303011250000002 0.660869859375 0.135376840625 0.6589656515625 0.15088537500000002 0.656709715625 0.15323210468749998 0.6544881390625 0.1713253953125 0.6522322046875 0.1736721234375 0.650327996875 0.18918065625 0.6480720609375 0.1915273875 0.645850484375 0.2096206765625 0.64359455 0.21196740468750003 0.6407382375 0.23523020625000002 0.638482303125 0.2375769359375 0.6362607265625 0.255670225 0.6340047906249999 0.258016953125 0.6317832140624999 0.27611024375 0.6295272796875 0.27845697343750003 0.6269883359375 0.2991350171875 0.6247324 0.3014817484375 0.62219345625 0.3221597921875 0.6199375203125 0.324506521875 0.6177159453125001 0.3425998109375 0.615460009375 0.34494654062499996 0.6119689609375001 0.3733788515625 0.6097130265625 0.37572558125 0.60749145 0.39381887187500003 0.6052355140625 0.3961656 0.6020618343749999 0.42201315624999997 0.5998058984375 0.4243598859375 0.597584321875 0.442453175 0.5953283875000001 0.4447999046875 0.5931068109375001 0.4628931953125 0.5908508765625 0.46523992343750004 0.5879945640625001 0.4885027234375 0.585738628125 0.49084945312499995 0.582882315625 0.5141122546875 0.58062638125 0.516458984375 0.5793569093750001 0.5267980062500001 0.58178870625 0.531032178125 0.591481540625 0.5322223078125 0.5926095078125 0.53104894375 0.5974387453125 0.5237707296874999 0.5999776906250001 0.503092684375 0.602233625 0.5007459546875 0.6041378328125 0.48523742187499996 0.6063937687500001 0.482890690625 0.60925008125 0.45962789062500004 0.6115060156250001 0.4572811625 0.6137275921875001 0.439187871875
0 0.63734211875 0.45520598906250004 0.6398810640625 0.43452794531250005 0.6421369984374999 0.4321812140625 0.6443585749999999 0.41408792656250004 0.646614509375 0.411741196875 0.6488360859375 0.39364790625 0.6510920203125 0.391301178125 0.6533135984375 0.3732078890625 0.6555695328125 0.3708611578125 0.6584258453125 0.34759835781250004 0.6606817796875 0.3452516296875 0.6622686203125 0.33232785 0.6645245546874999 0.329981121875 0.66674613125 0.31188783125 0.6690020671875 0.3095411015625 0.670906275 0.29403256875 0.673162209375 0.2916858390625 0.6753837859375 0.27359255 0.677639721875 0.2712458203125 0.680178665625 0.250567775 0.6824346 0.2482210453125 0.6849735453125 0.2275430015625 0.6872294796875 0.22519627187500002 0.68945105625 0.2071029828125 0.6917069921875 0.204756253125 0.6942459359375001 0.184078209375 0.6918141375 0.1798440359375 0.6724284703125 0.177463775 0.671300503125 0.178637140625 0.6706657671875 0.18380665000000002 0.6684098328125 0.18615338125 0.66618825625 0.20424667031250002 0.6639323218750001 0.2065933984375 0.6613933765625 0.2272714453125 0.6591374421875 0.22961817343750002 0.6572332328125 0.24512670625 0.6549772984375 0.2474734375 0.652755721875 0.2655667265625 0.6504997875 0.2679134546875 0.6479608421874999 0.2885915015625 0.6457049078125 0.2909382296875 0.64348333125 0.30903151875 0.641227396875 0.31137825 0.6390058203125 0.3294715375 0.6367498859375 0.33181826718749996 0.6345283078125 0.3499115578125 0.6322723734375 0.35225828593749997 0.630050796875 0.37035157500000004 0.6277948624999999 0.37269830625 0.62493855 0.39596110625000003 0.6226826156249999 0.398307834375 0.6204610390624999 0.416401125 0.618205103125 0.4187478546875 0.6159835265625 0.4368411421875 0.6137275921875001 0.439187871875 0.6111886484375 0.45986591718750003 0.6089327124999999 0.462212646875 0.6063937687500001 0.482890690625 0.6041378328125 0.48523742187499996 0.6015988890624999 0.505915465625 0.5993429546875 0.5082621953124999 0.596486640625 0.531524996875 0.597297240625 0.5329363859375 0.6186214750000001 0.5355546734375001 0.6197494421874999 0.534381309375 0.6219710187499999 0.51628801875 0.624226953125 0.5139412906249999 0.6264485296875 0.4958480015625 0.6287044640625 0.4935012703125 0.6306086734374999 0.4779927375 0.6328646078125 0.475646009375 0.635086184375 0.45755271875 0.63734211875 0.45520598906250004
0 0.651864190625 0.44911790468749996 0.6537683984375 0.4336093703125 0.6560243328124999 0.4312626421875 0.6582459093749999 0.41316935312499997 0.6605018453125 0.41082262187499996 0.662406053125 0.3953140890625 0.6646619874999999 0.3929673609375 0.6665661968750001 0.37745882656249996 0.66882213125 0.375112096875 0.6710437078125 0.3570188078125 0.6732996421874999 0.354672078125 0.6758385875 0.3339940328125 0.6780945218750001 0.33164730468750003 0.67999873125 0.3161387703125 0.682254665625 0.313792040625 0.6841588734374999 0.29828350625 0.686414809375 0.2959367765625 0.6886363859375 0.2778434890625 0.6908923203125 0.2754967578125 0.6934312640625 0.2548187140625 0.6956872 0.25247198437499996 0.6979087765624999 0.23437869375 0.7001647109375 0.232031965625 0.70206891875 0.2165234328125 0.7043248546875 0.21417670156250002 0.7068637984375 0.1934986578125 0.7091197328125001 0.19115192812499998 0.7113413109375 0.1730586375 0.7105307109375001 0.1716472484375 0.706653578125 0.1711711953125 0.7050323781250001 0.1683484140625 0.7011552453125 0.1678723609375 0.6955154078125 0.17373918593749998 0.6913896234375 0.20734100937500002 0.6891336890625 0.2096877375 0.68659474375 0.2303657828125 0.684338809375 0.23271251249999997 0.68275196875 0.24563629062499998 0.6804960343750001 0.24798302031250002 0.677639721875 0.2712458203125 0.6753837859375 0.27359255 0.673162209375 0.2916858390625 0.670906275 0.29403256875 0.6690020671875 0.3095411015625 0.66674613125 0.31188783125 0.6648419234375 0.32739636562499996 0.6625859890625 0.3297430953125 0.66004704375 0.350421140625 0.657791109375 0.3527678703125 0.6555695328125 0.3708611578125 0.6533135984375 0.3732078890625 0.650457284375 0.3964706890625 0.64820135 0.39881741875 0.6462971421875 0.414325953125 0.64404120625 0.41667268125 0.6418196296875001 0.4347659703125 0.6395636953125 0.4371127 0.6367073828125001 0.46037550156249996 0.6344514484375 0.4627222296875 0.6325472390625 0.4782307640625 0.6302913046875 0.48057749375 0.6280697281250001 0.4986707828125 0.62581379375 0.5010175109375 0.6232748484374999 0.5216955578125 0.6210189140625 0.5240422859375 0.6197494421874999 0.534381309375 0.620560040625 0.5357926984375 0.632191440625 0.53722085625 0.6333194078125 0.536047490625 0.6352236171875 0.5205389578124999 0.6374795515625 0.518192228125 0.6406532328125001 0.49234467187500003 0.6429091671875 0.4899979421875 0.64513074375 0.471904653125 0.647386678125 0.469557925 0.6496082546874999 0.451464634375 0.651864190625 0.44911790468749996
0 0.65972153125 0.49730968750000004 0.6619774656249999 0.494962959375 0.6638816750000001 0.479454425 0.666137609375 0.4771076953125 0.6686765546875 0.45642965156250004 0.6709324890625 0.454082921875 0.6725193296875001 0.44115914375000004 0.6747752640625 0.4388124140625 0.6766794734375 0.42330387968750005 0.6789354078125001 0.42095715 0.6805222484375 0.40803337187500005 0.6827781828124999 0.4056866421875 0.684999759375 0.3875933546875 0.68725569375 0.385246625 0.689159903125 0.36973809062499996 0.6914158375 0.3673913609375 0.6933200453125 0.3518828265625 0.69557598125 0.3495360984375 0.6974801890625 0.3340275640625 0.6997361234375 0.331680834375 0.7019577 0.3135875453125 0.7042136359375 0.31124081718749996 0.70611784375 0.2957322828125 0.708373778125 0.293385553125 0.7102779875 0.27787701875000004 0.712533921875 0.2755302890625 0.7147554984375 0.2574370015625 0.7170114328125 0.2550902703125 0.7189156421875 0.2395817375 0.7211715765625 0.2372350078125 0.7227584171875 0.2243112296875 0.7250143515625 0.22196449999999998 0.7297748734375 0.18319316562500002 0.7281536734375 0.180370384375 0.7284710421875 0.177785628125 0.7260392437500001 0.17355145624999999 0.71440784375 0.1721233 0.7132798765625 0.1732966640625 0.7126451406250001 0.1784661765625 0.71038920625 0.1808129046875 0.707215525 0.2066604609375 0.704959590625 0.2090071921875 0.70305538125 0.224515725 0.700799446875 0.226862453125 0.699529975 0.23720147656249999 0.6972740390625 0.23954820625 0.6953698312500001 0.255056740625 0.693113896875 0.25740346875000003 0.6908923203125 0.2754967578125 0.6886363859375 0.2778434890625 0.686414809375 0.2959367765625 0.6841588734374999 0.29828350625 0.6819372968749999 0.31637679687500003 0.6796813625 0.318723525 0.6777771546875 0.334232059375 0.6755212187499999 0.3365787890625 0.6732996421874999 0.354672078125 0.6710437078125 0.3570188078125 0.66882213125 0.375112096875 0.6665661968750001 0.37745882656249996 0.6646619874999999 0.3929673609375 0.662406053125 0.3953140890625 0.6601844765625 0.41340737812499995 0.6579285421875001 0.415754109375 0.6557069656250001 0.43384739687499996 0.65345103125 0.4361941265625 0.651546821875 0.4517026609375 0.6492908875000001 0.454049390625 0.6467519421875 0.474727434375 0.6444960078124999 0.47707416562500005 0.6425918 0.4925826984375 0.6403358640625 0.49492942656250005 0.63843165625 0.5104379609375 0.636175721875 0.512784690625 0.6333194078125 0.536047490625 0.6357512062499999 0.5402816640625 0.64156690625 0.5409957421875 0.6426948734375 0.539822378125 0.6438228421875001 0.5386490125 0.6496385421875 0.539363090625 0.650766509375 0.5381897265625 0.6514012453125 0.533020215625 0.6536571796875 0.5306734843750001 0.6549266515625 0.5203344624999999 0.6571825875 0.517987734375 0.65972153125 0.49730968750000004
0 0.69130461875 0.464455475 0.6932088265624999 0.44894694062499996 0.6954647625 0.4466002109375 0.696734234375 0.4362611890625 0.69899016875 0.43391445937500006 0.7012117453125 0.4158211703125 0.7034676796875 0.41347444062500005 0.7053718890625 0.3979659078125 0.7076278234375 0.39561917812499997 0.7095320328125 0.38011064375000003 0.7117879671875 0.3777639140625 0.7133748078125 0.36484013593750003 0.7156307421875 0.36249340625 0.71753495 0.3469848734375 0.7197908859375 0.34463814375 0.72169509375 0.32912961093750004 0.723951028125 0.32678288125 0.7261726046875 0.308689590625 0.7284285406250001 0.3063428625 0.7303327484375 0.290834328125 0.7325886828125 0.2884875984375 0.734810259375 0.270394309375 0.73706619375 0.26804758125 0.738970403125 0.252539046875 0.7412263375 0.2501923171875 0.742813178125 0.2372685390625 0.7450691125 0.23492180937499998 0.7472906890625 0.21682851875 0.749546625 0.214481790625 0.7517682015625 0.1963885015625 0.7540241359375 0.194041771875 0.7556109765625 0.18111799374999998 0.7548003765625 0.179706603125 0.747046109375 0.1787544984375 0.7454249109375 0.1759317171875 0.7337935109375 0.1745035609375 0.73266554375 0.175676925 0.7288571265625 0.2066939921875 0.7266011921875 0.20904072187499997 0.724379615625 0.2271340125 0.72212368125 0.22948074062499998 0.7208542078125 0.2398197640625 0.7185982734375 0.24216649375000002 0.716694065625 0.25767502656249996 0.7144381296875 0.26002175625 0.712216553125 0.2781150453125 0.70996061875 0.28046177499999997 0.7080564109374999 0.295970309375 0.705800475 0.2983170375 0.7038962671875 0.3138255703125 0.7016403328124999 0.3161723015625 0.6997361234375 0.331680834375 0.6974801890625 0.3340275640625 0.69557598125 0.3495360984375 0.6933200453125 0.3518828265625 0.69109846875 0.3699761171875 0.688842534375 0.372322846875 0.68725569375 0.385246625 0.684999759375 0.3875933546875 0.6827781828124999 0.4056866421875 0.6805222484375 0.40803337187500005 0.6786180390625 0.42354190625 0.6763621046875 0.42588863593750004 0.674457896875 0.44139717031250003 0.6722019609375 0.44374389843750006 0.6706151203124999 0.456667678125 0.6683591859375 0.45901440625 0.6658202421875 0.4796924515625 0.66356430625 0.4820391796875 0.6616600984375001 0.49754771406250003 0.6594041640625 0.49989444375 0.6571825875 0.517987734375 0.6549266515625 0.5203344624999999 0.654609284375 0.52291921875 0.6570410812499999 0.527153390625 0.6592970171875 0.5248066609375 0.667051284375 0.525758765625 0.6686724828124999 0.528581546875 0.6744881828125 0.5292956249999999 0.67561615 0.5281222609375 0.676568253125 0.52036799375 0.6788241890625 0.5180212640625 0.680728396875 0.5025127312500001 0.6829843328125 0.500166 0.6845711718749999 0.48724222343749996 0.6868271078125 0.48489549375 0.689048684375 0.46680220468750006 0.69130461875 0.464455475
0 0.732048878125 0.48520058125 0.7343048125 0.48285385156249994 0.735891653125 0.4699300734375 0.7381475875 0.46758334375 0.7400517953125 0.4520748109375 0.74230773125 0.44972808124999997 0.743577203125 0.439389059375 0.7458331375 0.4370423296875 0.7477373468749999 0.4215337953125 0.74999328125 0.4191870671875 0.751262753125 0.40884804375000006 0.7535186890625 0.4065013140625 0.7554228968750001 0.3909927796875 0.75767883125 0.3886460515625 0.759583040625 0.37313751875 0.7618389750000001 0.3707907875 0.7637431828125 0.35528225468749997 0.76599911875 0.352935525 0.7675859578125 0.340011746875 0.76984189375 0.3376650171875 0.7720634703125 0.319571728125 0.7743194046874999 0.3172249984375 0.7755888765625001 0.30688597500000003 0.7778448109375 0.304539246875 0.7797490203125 0.2890307140625 0.7820049546875001 0.28668398281249996 0.7835917953125 0.27376020625 0.7858477296874999 0.2714134765625 0.7877519390625001 0.25590494218750004 0.7900078734375 0.2535582125 0.7915947140624999 0.24063443437499998 0.7938506484375 0.2382877046875 0.7957548578125 0.2227791703125 0.7980107921874999 0.2204324421875 0.799915 0.204923909375 0.7958620046875 0.19786695468749999 0.790046303125 0.1971528765625 0.7884251046874999 0.19433009375000002 0.7709780046875 0.192187859375 0.76935680625 0.189365078125 0.75772540625 0.187936921875 0.754341503125 0.1914570171875 0.7533894 0.1992112828125 0.7511334656249999 0.2015580125 0.7489118875 0.21965130156249998 0.746655953125 0.22199803125 0.7447517453125 0.237506565625 0.7424958109375 0.23985329375000003 0.7405916015625 0.25536182812499997 0.7383356671875 0.2577085578125 0.7367488265625 0.270632334375 0.7344928921875 0.272979065625 0.731953946875 0.293657109375 0.7296980125 0.2960038390625 0.727793803125 0.3115123734375 0.72553786875 0.313859103125 0.7236336609375 0.3293676375 0.7213777265625 0.331714365625 0.7197908859375 0.34463814375 0.71753495 0.3469848734375 0.7153133734375 0.3650781625 0.7130574390625 0.36742489218749996 0.71115323125 0.3829334265625 0.7088972953125 0.3852801546875 0.7069930875 0.4007886890625 0.704737153125 0.40313541875 0.70283294375 0.41864395156249995 0.700577009375 0.42099068281249996 0.6986728015625 0.43649921562499994 0.696416865625 0.43884594374999997 0.694830025 0.45176972343750005 0.692574090625 0.45411645156249997 0.6906698828125 0.4696249859375 0.688413946875 0.47197171562499995 0.6865097390625 0.48748024843750004 0.6842538046875 0.4898269796875 0.6823495953125 0.5053355125000001 0.6800936609375 0.507682240625 0.678189453125 0.523190775 0.6759335171874999 0.5255375046874999 0.67529878125 0.530707015625 0.6809729765625 0.540586753125 0.68872724375 0.54153885625 0.6903484421875 0.5443616375 0.7136112421874999 0.5472179500000001 0.714739209375 0.5460445859374999 0.7192510796875 0.5413511265625 0.7202031843750001 0.5335968609374999 0.72245911875 0.5312501296875001 0.7243633265625 0.515741596875 0.7266192625000001 0.5133948671875 0.7282061015625 0.5004710890624999 0.7304620374999999 0.49812435937500005 0.732048878125 0.48520058125
0 0.7647215015625 0.5075783406250001 0.766625709375 0.49206980624999996 0.7688816453125 0.4897230765625 0.7701511171875 0.4793840546875 0.7724070515625 0.47703732499999996 0.774628628125 0.4589440359375 0.7768845640625 0.45659730625000006 0.7778366671875 0.4488430390625 0.7800926015625 0.4464963109375 0.7816794421875 0.43357253125 0.783935378125 0.431225803125 0.7852048500000001 0.42088677968750005 0.787460784375 0.41854005 0.78936499375 0.40303151562500006 0.791620928125 0.40068478750000003 0.79320776875 0.387761009375 0.795463703125 0.3854142796875 0.7973679109375 0.369905746875 0.799623846875 0.3675590171875 0.80089331875 0.35721999375 0.8031492531250001 0.354873265625 0.8047360937500001 0.34194948593749996 0.806992028125 0.3396027578125 0.8082615015625001 0.329263734375 0.8105174359375 0.32691700468749996 0.8121042765625001 0.3139932265625 0.8143602109374999 0.311646496875 0.8159470515624999 0.29872271875 0.8182029859375 0.2963759890625 0.8197898265625 0.28345221249999997 0.8220457609375 0.28110548125 0.823315234375 0.2707664609375 0.82557116875 0.2684197296875 0.8274753765625 0.252911196875 0.8297313125000001 0.2505644671875 0.8313181515625001 0.23764068906250002 0.8335740875000001 0.235293959375 0.8354782953125 0.21978542499999998 0.8377342296875 0.217438696875 0.8383689671875001 0.21226918437500003 0.8367477671874999 0.20944640468750003 0.8362545359375 0.2054502578125 0.8285002703125001 0.204498153125 0.8268790718749999 0.201675371875 0.8133091046875001 0.20000918906249998 0.8116879062500001 0.19718640625 0.8058722062499999 0.19647232812499998 0.8036162703124999 0.1988190578125 0.8005497359374999 0.19975439687500002 0.8021709359375 0.202577178125 0.8012188312499999 0.21033144531249998 0.798962896875 0.21267817500000002 0.79737605625 0.22560195312500003 0.7951201203125 0.2279486828125 0.79353328125 0.2408724609375 0.7912773453125 0.243219190625 0.7896905046875 0.25614296875 0.7874345703125 0.25848969843749997 0.7855303625000001 0.27399823125 0.783274428125 0.2763449609375 0.78137021875 0.29185349375 0.7791142843750001 0.29420022343749996 0.77752744375 0.30712400156249997 0.775271509375 0.30947073125 0.77368466875 0.32239450937499997 0.7714287343749999 0.3247412390625 0.7692071578124999 0.3428345296875 0.7669512218750001 0.34518125781250003 0.7653643812500001 0.3581050359375 0.763108446875 0.36045176562500003 0.7612042390625 0.3759602984375 0.7589483031250001 0.378307028125 0.7573614640625 0.39123080625 0.755105528125 0.3935775359375 0.7532013203125 0.4090860703125 0.7509453859375 0.41143280000000004 0.7493585453125 0.424356578125 0.7471026109375 0.42670330781250004 0.7455157703124999 0.439627084375 0.743259834375 0.44197381562500004 0.7419903625 0.4523128359375 0.739734428125 0.4546595671875 0.7375128515625 0.47275285624999996 0.7352569171875001 0.475099584375 0.7336700765625 0.48802336406249996 0.7314141421875 0.4903700921875 0.7298273015625 0.503293871875 0.727571365625 0.5056406 0.72630189375 0.5159796234375 0.7240459593749999 0.518326353125 0.7218243828124999 0.5364196406249999 0.7195684484375 0.538766371875 0.7192510796875 0.5413511265625 0.721682878125 0.5455853 0.733314278125 0.54701345625 0.7349354765625 0.5498362375 0.7465668765625 0.55126439375 0.74769484375 0.5500910296875 0.750761378125 0.5491556906249999 0.7541452796875 0.545635596875 0.7547800171875 0.540466084375 0.7570359515625 0.53811935625 0.7586227921875001 0.5251955765625 0.7608787265625 0.5228488484375 0.7624655671875 0.50992506875 0.7647215015625 0.5075783406250001
0 0.7834380750000001 0.4993815515625 0.785694009375 0.497034821875 0.78696348125 0.4866958 0.7892194156250001 0.4843490703125 0.7898541515625 0.479179559375 0.7921100875 0.47683282968749996 0.7930621906249999 0.4690785625 0.7953181265625 0.46673183281249997 0.7962702296875 0.458977565625 0.798526165625 0.4566308375 0.7994782687499999 0.4488765703125 0.8017342046874999 0.44652984062499995 0.8036384125 0.4310213078125 0.805894346875 0.42867457656249996 0.8077985562500001 0.41316604375 0.810054490625 0.41081931562499996 0.81164133125 0.3978955359375 0.8138972656250001 0.3955488078125 0.8148493703125 0.38779454062499996 0.8171053046875001 0.3854478109375 0.8180574093749999 0.37769354375 0.82031334375 0.3753468140625 0.8263433375 0.3262364578125 0.828599271875 0.323889728125 0.8298687453125 0.3135507046875 0.8321246796875 0.3112039765625 0.8340288875 0.29569544375 0.8362848234375001 0.2933487125 0.8378716624999999 0.2804249359375 0.8401275984375 0.27807820625 0.8413970703125001 0.26773918281250003 0.8436530046874999 0.2653924546875 0.844287740625 0.26022294218750003 0.8465436765625001 0.2578762140625 0.8478131484375 0.247537190625 0.8500690828125 0.24519046093750002 0.8519732921875001 0.2296819265625 0.8542292265625001 0.2273351984375 0.8551813312500001 0.21958093125000003 0.8543707312500001 0.21816953906249997 0.8504935984375 0.2176934875 0.8488723984375 0.21487070625000002 0.8391795656250001 0.2136805765625 0.8380515984375 0.214853940625 0.8367821265625001 0.22519296406249997 0.834526190625 0.2275396921875 0.83293935 0.240463471875 0.830683415625 0.2428102 0.82941394375 0.2531492234375 0.827158009375 0.255495953125 0.8252537999999999 0.2710044859375 0.8229978656249999 0.27335121562500003 0.82172839375 0.2836902375 0.8194724578124999 0.2860369671875 0.8178856187499999 0.2989607453125 0.8156296828125 0.301307475 0.8143602109374999 0.311646496875 0.8121042765625001 0.3139932265625 0.8102000671875 0.3295017609375 0.8079441328125 0.331848490625 0.8063572921875 0.34477226875 0.8041013578125 0.3471189984375 0.8025145171875 0.36004277500000004 0.8002585828125 0.36238950625 0.7989891109375 0.3727285265625 0.796733175 0.3750752578125 0.795146334375 0.387999034375 0.7928904 0.3903457640625 0.791303559375 0.4032695421875 0.789047625 0.40561627187499993 0.787460784375 0.41854005 0.7852048500000001 0.42088677968750005 0.783618009375 0.4338105578125 0.781362075 0.43615728750000005 0.779775234375 0.449081065625 0.7775193 0.4514277953125 0.7765671953125 0.45918206250000004 0.7743112609375 0.4615287921875 0.7724070515625 0.47703732499999996 0.7701511171875 0.4793840546875 0.7685642765625 0.4923078328125 0.7663083421875 0.4946545609375 0.7644041328125 0.5101630953125 0.7621481984375 0.512509825 0.7608787265625 0.5228488484375 0.7586227921875001 0.5251955765625 0.7567185828125 0.5407041109375 0.7544626484375 0.5430508406250001 0.7541452796875 0.545635596875 0.7565770781250001 0.54986976875 0.768208478125 0.551297925 0.7693364453125 0.550124559375 0.77159238125 0.54777783125 0.772861853125 0.5374388078125001 0.7751177874999999 0.535092078125 0.776704628125 0.5221682999999999 0.7789605625 0.5198215703125 0.7802300359375 0.5094825484375 0.7824859703125 0.5071358187499999 0.7834380750000001 0.4993815515625
0 0.8368345546875 0.5452936687500001 0.8413464234375001 0.540600209375 0.8416637921874999 0.538015453125 0.8439197265624999 0.5356687234375 0.8448718312500001 0.52791445625 0.847127765625 0.525567728125 0.8474451343749999 0.522982971875 0.845823934375 0.5201601890625 0.847410775 0.5072364125 0.8496667109375 0.5048896828125 0.8499840781250001 0.5023049281249999 0.8483628796874999 0.49948214531249996 0.8506188140625 0.497135415625 0.8522056546875 0.48421163749999996 0.8544615890625 0.4818649078125 0.856683165625 0.46377162031249997 0.8589391015625001 0.4614248890625 0.8598912046875 0.4536706234375 0.8621471406250001 0.45132389218749996 0.8640513484375001 0.435815359375 0.8663072828124999 0.43346863124999996 0.8675767562500001 0.42312960781250003 0.8698326906249999 0.420782878125 0.8714195312499999 0.40785910000000003 0.873675465625 0.4055123703125 0.87526230625 0.3925885921875 0.877518240625 0.39024186250000004 0.8800571859374999 0.36956381875 0.8823131203125 0.3672170875 0.884217328125 0.3517085546875 0.8864732640625 0.3493618265625 0.8877427359375 0.339022803125 0.8899986703125 0.3366760734375 0.8922202468749999 0.318582784375 0.8914096484374999 0.3171713921875 0.88365538125 0.3162192890625 0.8802714796875 0.31973938281250003 0.8783672703125 0.3352479171875 0.8761113359375001 0.337594646875 0.8742071265625 0.3531031796875 0.8719511921875001 0.3554499109375 0.8706817203125 0.36578893125 0.8684257859375 0.36813566249999996 0.8668389453125 0.3810594390625 0.864583009375 0.38340616875 0.8633135375000001 0.39374519218750004 0.861057603125 0.3960919203125 0.8588360265625001 0.4141852109375 0.8565800921875001 0.416531940625 0.8549932515625001 0.42945571875 0.852737315625 0.4318024484375 0.8508331078125 0.44731098124999996 0.8485771734374999 0.4496577109375 0.8466729640624999 0.46516624375 0.8444170296875001 0.4675129734375 0.842195453125 0.48560626406249996 0.83993951875 0.4879529921875 0.8383526781249999 0.500876771875 0.83609674375 0.5032235 0.8341925343750001 0.5187320328125 0.8319366 0.5210787640625 0.8309844953125 0.5288330296875 0.8287285609374999 0.5311797609375 0.826824353125 0.54668829375 0.8245684171875001 0.549035021875 0.8261896156249999 0.5518578046875 0.82393368125 0.554204534375 0.8232989453125 0.5593740453125 0.8241095453125 0.5607854359375 0.827176078125 0.559850096875 0.8313705796875 0.55774139375 0.8297493812500001 0.5549186125000001 0.8308773484374999 0.5537452468749999 0.8324985484375 0.5565680296875 0.83588245 0.553047934375 0.8361998187499999 0.550463178125 0.838455753125 0.54811645 0.8368345546875 0.5452936687500001
0 0.8364141109375 0.5006387453125 0.838670046875 0.498292015625 0.8405742546875 0.48278348125 0.8428301890625001 0.4804367515625 0.845051765625 0.46234346249999997 0.8473077015625 0.45999673281250003 0.848894540625 0.44707295625 0.8511504765625 0.444726225 0.8536894203125 0.42404818125 0.8559453546875 0.42170145156250005 0.8572148281249999 0.411362428125 0.8594707625 0.4090157 0.8607402343749999 0.3986766765625 0.8629961703125 0.396329946875 0.864583009375 0.38340616875 0.8668389453125 0.3810594390625 0.8690605218749999 0.3629661515625 0.87131645625 0.3606194203125 0.8729032968749999 0.34769564375 0.87515923125 0.3453489140625 0.876428703125 0.335009890625 0.8786846390624999 0.3326631625 0.8802714796875 0.31973938281250003 0.8825274140625 0.3173926546875 0.8834795171875 0.3096383875 0.8857354531249999 0.3072916578125 0.8873222937499999 0.2943678796875 0.889578228125 0.29202115 0.89116506875 0.279097371875 0.8934210031250001 0.2767506421875 0.8953252109375001 0.26124210937500003 0.8975811468750001 0.25889537812499996 0.89885061875 0.2485563578125 0.9011065531250001 0.246209628125 0.9033281296875 0.22811633750000002 0.9055840640625 0.22576960937499999 0.9074882734375 0.21026107500000002 0.9097442078125001 0.2079143453125 0.9113310484375001 0.19499056718750002 0.9135869828125 0.1926438375 0.9145390875 0.1848895703125 0.9137284875 0.18347818124999998 0.900158521875 0.1818119984375 0.8937080843749999 0.18626743125 0.8898309515625 0.185791378125 0.883380515625 0.1902468109375 0.8795033828125 0.18977075937500001 0.8761194796874999 0.193290853125 0.8754847437500001 0.198460365625 0.8762953421875 0.19987175625 0.8918038765625 0.2017759640625 0.8926144765625 0.2031873546875 0.8913450031249999 0.213526378125 0.88908906875 0.21587310781250002 0.8884543328125 0.22104261875 0.8908861312499999 0.225276790625 0.8947632640625001 0.22575284375 0.8955738640625001 0.2271642328125 0.8936696546875 0.24267276718750003 0.8914137203125 0.245019496875 0.8898268796875 0.257943275 0.8875709453124999 0.26029000468749997 0.886301471875 0.270629028125 0.8840455374999999 0.27297575625000003 0.8818239609375 0.2910690453125 0.8795680265625 0.2934157765625 0.8779811859375 0.306339553125 0.8757252515625 0.3086862828125 0.8741384109375 0.3216100609375 0.8718824765625 0.323956790625 0.8702956359374999 0.33688056875 0.8680397 0.3392272984375 0.86550075625 0.3599053421875 0.863244821875 0.3622520734375 0.8622927171875 0.3700063390625 0.8600367828125 0.37235306874999996 0.8581325734374999 0.3878616015625 0.8558766390624999 0.39020833125 0.8536550625 0.408301621875 0.851399128125 0.41064835000000005 0.8494949187499999 0.426156884375 0.8472389843749999 0.42850361406250004 0.8453347765625001 0.444012146875 0.843078840625 0.446358878125 0.8421267374999999 0.45411314375 0.8398708015624999 0.4564598734375 0.8386013296874999 0.46679889531249996 0.8363453953125 0.4691456265625 0.8347585546875 0.482069403125 0.8325026203125001 0.48441613281249996 0.8309157796875001 0.4973399109375 0.82865984375 0.49968664062499996 0.8270730046875 0.51261041875 0.82481706875 0.5149571484375 0.8229128609374999 0.5304656828125001 0.8206569265624999 0.5328124109375 0.81843535 0.5509057 0.8161794140625 0.5532524296875 0.815544678125 0.558421940625 0.8163552781250001 0.55983333125 0.8202324109375001 0.5603093828125 0.8213603781250001 0.5591360187500001 0.8236163140625001 0.5567892890625 0.8252031531249999 0.5438655109375 0.8274590890625 0.54151878125 0.8290459296874999 0.5285950046875 0.8313018640625 0.5262482734375 0.8319366 0.5210787640625 0.8341925343750001 0.5187320328125 0.8364141109375 0.5006387453125
0 0.8648235171875 0.4936320875 0.8670794531249999 0.49128535624999997 0.8683489249999999 0.4809463359375 0.870604859375 0.47859960625 0.8725090671875 0.463091071875 0.874765003125 0.4607443421875 0.8766692109375 0.4452358078125 0.8789251453125001 0.44288907968749996 0.8805119859375001 0.4299653 0.882767921875 0.42761857187499996 0.8843547609375 0.41469479375 0.8866106968749999 0.4123480640625 0.8881975375 0.3994242859375 0.890453471875 0.3970775578125 0.8917229437499999 0.386738534375 0.893978878125 0.3843918046875 0.8958830875 0.3688832703125 0.898139021875 0.3665365421875 0.8997258625000001 0.3536127625 0.9019817968750001 0.351266034375 0.9035686374999999 0.3383422546875 0.905824571875 0.3359955265625 0.9074114124999999 0.3230717484375 0.909667346875 0.32072501875000003 0.9125236609374999 0.29746221875 0.9147795953125 0.29511548906249996 0.9170011718750001 0.2770221984375 0.9161905718750001 0.275610809375 0.8968049046875001 0.2732305484375 0.8934210031250001 0.2767506421875 0.8927862671875 0.281920153125 0.8905303328124999 0.2842668828125 0.8889434921875001 0.2971906609375 0.8866875562500001 0.299537390625 0.8847833484375001 0.315045925 0.8872151468749999 0.319280096875 0.8910922796875 0.3197561484375 0.8919028796875 0.3211675390625 0.8906334062499999 0.3315065625 0.888377471875 0.33385329218750004 0.8871079999999999 0.3441923140625 0.8848520656250001 0.34653904375 0.8826304875 0.36463233281249996 0.880374553125 0.3669790625 0.8784703453124999 0.3824875953125 0.8762144109375001 0.38483432500000003 0.8743102015625001 0.40034285937499997 0.8720542671875 0.4026895890625 0.8704674265625 0.41561336718749997 0.8682114921874999 0.417960096875 0.8666246515625 0.43088387499999997 0.8643687171875 0.43323060468749996 0.8627818765624999 0.44615438125000006 0.8605259406249999 0.44850111249999997 0.8589391015625001 0.4614248890625 0.856683165625 0.46377162031249997 0.8554136937499999 0.474110640625 0.853157759375 0.4764573703125 0.85125355 0.4919659046875 0.848997615625 0.49431263437500006 0.8470934078125 0.50982116875 0.8448374718749999 0.5121678968750001 0.8429332640625 0.5276764296875001 0.8406773296875001 0.5300231609375 0.8397252249999999 0.5377774265624999 0.8374692906250001 0.5401241578125 0.8355650812500001 0.555632690625 0.833309146875 0.55797941875 0.8373621437500001 0.5650363734375 0.8451164109375 0.565988478125 0.846244378125 0.5648151140625 0.8504388796875 0.5627064109375 0.8513909828124999 0.55495214375 0.85364691875 0.5526054140625 0.8565032312499999 0.5293426125 0.858759165625 0.526995884375 0.8606633734375 0.51148735 0.862919309375 0.5091406203125 0.8648235171875 0.4936320875
0 0.881670240625 0.5166903921875 0.8835744484375001 0.5011818578125 0.8858303828125 0.4988351296875 0.888051959375 0.480741840625 0.8903078953125 0.47839510937499996 0.8925294703125 0.460301821875 0.8947854062499999 0.45795509218749997 0.896372246875 0.4450313140625 0.89862818125 0.44268458437499997 0.9008497578125001 0.4245912953125 0.9031056921875 0.42224456562499996 0.9043751640625001 0.41190554375 0.9066311 0.4095588125 0.9088526765625 0.391465525 0.9111086109375 0.38911879531250004 0.9126954515625 0.37619501718750004 0.9149513859375 0.3738482875 0.9162208578125 0.3635092640625 0.91847679375 0.36116253593750003 0.9210157375 0.340484490625 0.923271671875 0.3381377609375 0.92517588125 0.322629228125 0.9274318156250001 0.3202824984375 0.9287012890625 0.30994347499999997 0.9278906890625 0.308532084375 0.9181978546874999 0.3073419546875 0.91657665625 0.304519171875 0.914638090625 0.3042811453125 0.9112541875 0.307801240625 0.909984715625 0.3181402625 0.90772878125 0.32048699375 0.906141940625 0.3334107703125 0.9038860062499999 0.3357575015625 0.9016644296875 0.3538507890625 0.89940849375 0.35619751875 0.8978216546875 0.369121296875 0.89556571875 0.3714680265625 0.8936615109374999 0.3869765609375 0.891405575 0.38932329062500004 0.8901361031249999 0.39966231093750004 0.88788016875 0.40200904218750005 0.8866106968749999 0.4123480640625 0.8843547609375 0.41469479375 0.882767921875 0.42761857187499996 0.8805119859375001 0.4299653 0.878607778125 0.445473834375 0.87635184375 0.44782056406250004 0.874765003125 0.4607443421875 0.8725090671875 0.463091071875 0.8702874906250001 0.4811843609375 0.8680315562500001 0.483531090625 0.866444715625 0.49645486875 0.86418878125 0.4988015984375 0.8619672046875 0.5168948875 0.8597112703124999 0.5192416171875001 0.8584417984374999 0.5295806390625 0.8561858625 0.53192736875 0.8539642859375001 0.550020659375 0.8517083515625 0.5523673875 0.8504388796875 0.5627064109375 0.8528706765624999 0.5669405828125 0.8664406437500001 0.568606765625 0.8675686109375 0.5674334015625 0.8682033484374999 0.5622638890625 0.8704592828125 0.5599171593750001 0.8720461234375 0.54699338125 0.8743020578125 0.5446466531249999 0.8758888984375 0.5317228734375 0.8781448328125 0.5293761453125 0.8794143046875 0.5190371218750001 0.881670240625 0.5166903921875
0 0.932072975 0.5228790703125 0.9336598140625 0.5099552921875 0.93591575 0.5076085625 0.9378199578125 0.49210002812500003 0.9400758921874999 0.4897533 0.9416627328124999 0.4768295203125 0.9439186671875 0.4744827921875 0.9451881406249999 0.46414376874999996 0.9474440749999999 0.46179703906249997 0.9496656515625 0.44370375156249997 0.9519215859375001 0.44135702187500003 0.9535084265625 0.42843324374999997 0.9557643609375001 0.42608651406250003 0.9576685703125 0.4105779796875 0.9599245046875 0.40823124999999993 0.9618287140625 0.392722715625 0.9640846484375001 0.3903759875 0.9659888562500001 0.3748674546875 0.9682447906249999 0.3725207234375 0.9698316312499999 0.359596946875 0.9720875671875 0.3572502171875 0.973991775 0.3417416828125 0.976247709375 0.339394953125 0.9781519187500001 0.32388641875 0.9804078531249999 0.321539690625 0.9823120609375 0.3060311578125 0.984567996875 0.3036844265625 0.9864722046875001 0.28817589374999997 0.9887281390625 0.28582916406250003 0.9903149796875 0.2729053859375 0.9925709156250001 0.27055865625000003 0.9944751234375 0.255050121875 0.9936645234375 0.25363873125 0.9859102578125001 0.252686628125 0.9842890593750001 0.2498638453125 0.9784733578125 0.24914976718749998 0.9750894562499999 0.2526698609375 0.973502615625 0.265593640625 0.97124668125 0.26794036875 0.9690251046875 0.286033659375 0.9667691703125 0.28838038906249996 0.9651823296875 0.30130416718749997 0.9629263937499999 0.303650896875 0.9610221859375001 0.3191594296875 0.9587662515625001 0.321506159375 0.956544675 0.3395994484375 0.9542887390624999 0.341946178125 0.9530192671875 0.35228519999999997 0.9507633328124999 0.3546319296875 0.9494938609375 0.364970953125 0.9472379249999999 0.36731768124999997 0.9456510859374999 0.3802414609375 0.94339515 0.3825881890625 0.941808309375 0.3955119671875 0.9395523750000001 0.39785869687500003 0.9373307984375 0.4159519859375 0.9350748640625 0.41829871562500004 0.9334880234374999 0.43122249375 0.9312320890624999 0.43356922343750004 0.9290105125 0.4516625125 0.926754578125 0.45400924218750005 0.9251677375 0.46693301875 0.9229118015625 0.46927975 0.92100759375 0.48478828281249997 0.918751659375 0.4871350125 0.9174821859375 0.497474034375 0.9152262515625 0.4998207640625 0.91332204375 0.5153292984375 0.9110661078125 0.517676028125 0.90947926875 0.5305998062499999 0.9072233328125 0.5329465359375 0.9053191249999999 0.5484550703125 0.903063190625 0.5508017984375 0.9017937171874999 0.5611408203125 0.8995377828125 0.5634875515625 0.898903046875 0.5686570625 0.9013348453125 0.572891234375 0.916843378125 0.5747954421875 0.9179713453125 0.573622078125 0.9182887140625 0.571037321875 0.9205446484375001 0.5686905921875 0.9218141203125001 0.5583515703125 0.92407005625 0.556004840625 0.9259742640624999 0.5404963078125 0.9282301984375 0.5381495765625 0.9298170390625 0.5252258000000001 0.932072975 0.5228790703125
0 0.90849280625 0.5226075125 0.910748740625 0.5202607828125 0.9120182124999999 0.5099217609375 0.914274146875 0.50757503125 0.9155436203124999 0.4972360078125 0.9177995546875 0.49488927968749996 0.9197037625 0.479380746875 0.9219596984375 0.477034015625 0.92386390625 0.4615254828125 0.926119840625 0.45917875312499995 0.9277066812499999 0.446254975 0.9299626171875 0.44390824531249995 0.93154945625 0.4309844671875 0.9338053921875 0.4286377375 0.9363443359374999 0.40795969374999996 0.938600271875 0.40561296249999995 0.9405044796875 0.3901044296875 0.9427604140625 0.3877577015625 0.9449819906249999 0.3696644109375 0.9472379249999999 0.36731768124999997 0.9481900296875001 0.35956341406250003 0.9473794312500001 0.3581520234375 0.943502296875 0.357675971875 0.9418810984375 0.354853190625 0.9263725656249999 0.35294898125 0.9252445968749999 0.354122346875 0.9233403890625 0.36963088125 0.9249615875 0.3724536609375 0.9243268515624999 0.3776231734375 0.9220709171875001 0.3799699015625 0.9201667078125 0.3954784359375 0.9179107734375 0.397825165625 0.9163239328125 0.41074894375 0.9140679984375 0.41309567343750003 0.9121637890625 0.42860420625 0.9099078546875001 0.4309509375 0.907686278125 0.449044225 0.90543034375 0.4513909546875 0.904160871875 0.461729978125 0.9019049359375 0.46407670625 0.9003180953125 0.4770004859375 0.8980621609374999 0.4793472140625 0.8961579531250001 0.49485574843749996 0.8939020187500001 0.497202478125 0.892315178125 0.51012625625 0.8900592421875 0.5124729859375 0.887837665625 0.530566275 0.88558173125 0.532913003125 0.8839948906249999 0.5458367828124999 0.8817389562500001 0.5481835109375 0.8795173796875 0.5662768015624999 0.8772614453124999 0.56862353125 0.8796932421875001 0.5728577031250001 0.8893860765625 0.5740478343750001 0.89051404375 0.57287446875 0.893580578125 0.5719391296875 0.8950259140625001 0.568181009375 0.8995377828125 0.5634875515625 0.9008072546875001 0.553148528125 0.903063190625 0.5508017984375 0.9046500312499999 0.5378780203125 0.9069059656249999 0.535531290625 0.90849280625 0.5226075125
0 0.8939020187500001 0.497202478125 0.8961579531250001 0.49485574843749996 0.8980621609374999 0.4793472140625 0.9003180953125 0.4770004859375 0.9015875687499999 0.4666614625 0.903843503125 0.4643147328125 0.9057477125 0.4488061984375 0.908003646875 0.4464594703125 0.9095904875 0.43353569218750004 0.9118464218750001 0.4311889625 0.9137506296875 0.4156804296875 0.9160065656249999 0.4133337 0.9179107734375 0.397825165625 0.9201667078125 0.3954784359375 0.9220709171875001 0.3799699015625 0.9243268515624999 0.3776231734375 0.9246442203124999 0.3750384171875 0.9222124218750001 0.3708042453125 0.9163967218750001 0.3700901671875 0.9152687546875 0.37126353125 0.9146340171875 0.37643304375 0.9123780828125 0.378779771875 0.9104738749999999 0.39428830625 0.908217940625 0.3966350359375 0.90631373125 0.41214356875 0.904057796875 0.4144902984375 0.90247095625 0.42741407656249997 0.900215021875 0.42976080625 0.8983108124999999 0.445269340625 0.8960548781250001 0.44761606875000004 0.8941506703125001 0.463124603125 0.891894734375 0.4654713328125 0.8899905265625 0.480979865625 0.8877345921875 0.483326596875 0.8855130156250001 0.501419884375 0.8832570796875 0.5037666140625 0.8819876078125001 0.5141056374999999 0.8797316734375 0.516452365625 0.8778274640625 0.5319609 0.8755715296875 0.5343076296875 0.8739846890624999 0.5472314078125 0.8717287546874999 0.5495781375 0.869507178125 0.5676714265625 0.870317778125 0.5690828171875 0.8741949109375 0.56955886875 0.875322878125 0.5683855046875 0.8801521156250001 0.5611072906250001 0.8817389562500001 0.5481835109375 0.8839948906249999 0.5458367828124999 0.88558173125 0.532913003125 0.887837665625 0.530566275 0.889741875 0.5150577421875 0.8919978093750001 0.5127110109374999 0.8939020187500001 0.497202478125
0 0.7855150421875 1 0.785982871875 0.9995133421875 0.7879214390625 0.9997513671875 0.791305340625 0.9962312734375001 0.791622709375 0.9936465171875 0.7900015109375 0.9908237359375001 0.790636246875 0.985654225 0.7890150484375 0.98283144375 0.79091925625 0.9673229093750001 0.7892980578125 0.964500128125 0.79056753125 0.9541611046874999 0.78894633125 0.951338325 0.7892637 0.9487535687499999 0.786021303125 0.9431080046875 0.7866560390624999 0.9379384937499999 0.7837310093750001 0.929708175 0.7843657453125 0.9245386640625 0.7811233484375 0.9188931 0.782075453125 0.9111388343750001 0.7804542546875 0.9083160515625 0.781088990625 0.903146540625 0.7794677921875001 0.9003237593750001 0.780419896875 0.8925694921874999 0.778798696875 0.889746709375 0.7797508015625 0.88199244375 0.778129603125 0.8791696625000001 0.7787643390625 0.87400015 0.777143140625 0.8711773703125001 0.7777778765625001 0.8660078578125001 0.776156678125 0.8631850765625 0.7767914140625 0.8580155640625 0.775170215625 0.855192784375 0.7761223203125 0.8474385171875 0.774501121875 0.844615734375 0.7751358578125 0.8394462234375 0.773514659375 0.8366234421875 0.7741493953125 0.8314539312499999 0.772528196875 0.8286311484375 0.7731629328125 0.8234616390625 0.7715417343750001 0.8206388562500001 0.7721764703125 0.8154693453125 0.770555271875 0.8126465640625 0.7715073765625 0.8048922968750001 0.7698861765625 0.8020695140624999 0.7705209140625 0.796900003125 0.7688997140625 0.7940772218750001 0.7695344515625 0.7889077109375 0.7679132531249999 0.786084928125 0.7685479890625 0.7809154171875 0.766926790625 0.7780926359375 0.7675615265625 0.7729231249999999 0.765940328125 0.7701003421875 0.7665750640625 0.7649308328125 0.764953865625 0.7621080499999999 0.76590596875 0.7543537828125 0.7642847703125 0.751531003125 0.7649195062499999 0.746361490625 0.7632983078125 0.743538709375 0.76393304375 0.738369196875 0.7623118453125 0.7355464171875 0.76294658125 0.7303769046874999 0.7613253828125 0.7275541234375 0.7622774875 0.7197998578125 0.7593524578124999 0.7115695375 0.75998719375 0.7064000265625 0.7583659953125 0.7035772453125 0.7578727640625 0.6995810984374999 0.7501184984375 0.6986289953125 0.7468760999999999 0.6929834296874999 0.744937534375 0.6927454046875 0.7416951359375 0.6870998421875 0.7361968046875 0.6838010078125001 0.7329544078125 0.6781554437499999 0.7290772734375001 0.6776793921875 0.727456075 0.674856609375 0.725517509375 0.674618584375 0.7222751109375001 0.6689730218750001 0.7203365453125 0.6687349953124999 0.7119131828125 0.6572058421875 0.7099746171875 0.6569678156250001 0.7047936531250001 0.6510842265625 0.7009165187499999 0.650608175 0.6997885515625 0.6517815390624999 0.699153815625 0.6569510515625 0.7113128046875 0.6781219140625 0.713251371875 0.6783599390624999 0.7197361671875 0.689651065625 0.7216747328124999 0.6898890921875 0.72410653125 0.6941232640624999 0.7234717953125 0.6992927765625 0.7267141921875 0.7049383390624999 0.7263968249999999 0.7075230953125 0.7280180234375 0.7103458765624999 0.7273832859375 0.7155153875 0.7290044859375 0.71833816875 0.7283697484375 0.72350768125 0.7299909484375 0.7263304609375 0.7293562109375 0.7314999734375001 0.7309774109375 0.7343227546875 0.7303426734375 0.7394922671875 0.7319638734375 0.742315046875 0.7313291359375 0.7474845593749999 0.7329503359375 0.750307340625 0.7323155984375 0.755476853125 0.735240628125 0.7637071718749999 0.7346058921874999 0.7688766828125 0.736227090625 0.7716994640625 0.7355923546875001 0.776868975 0.7372135531249999 0.7796917578125 0.7365788171875 0.7848612671875 0.738200015625 0.78768405 0.7375652796875001 0.7928535609375 0.7391864781249999 0.7956763421875 0.7385517421875 0.800845853125 0.740172940625 0.8036686359375 0.7395382046875 0.8088381468750001 0.741159403125 0.811660928125 0.7405246671875 0.8168304390625 0.7434496953124999 0.8250607578125001 0.742814959375 0.83023026875 0.7444361578125 0.8330530515625 0.743801421875 0.8382225625 0.7454226203125 0.84104534375 0.744787884375 0.8462148546874999 0.7464090828125001 0.8490376375 0.745774346875 0.8542071468750001 0.7473955453125 0.8570299296874999 0.746760809375 0.862199440625 0.7483820078125001 0.8650222218750001 0.747747271875 0.8701917328125001 0.7493684703125 0.873014515625 0.748733734375 0.8781840265625 0.7503549328125 0.8810068078125 0.749720196875 0.8861763187499999 0.7526452265625 0.8944066375 0.752010490625 0.89957615 0.7536316890625 0.9023989312499999 0.752996953125 0.90756844375 0.7546181515625 0.9103912234375 0.7539834140624999 0.9155607359375001 0.7556046140625 0.9183835171875 0.7549698765625 0.923553028125 0.7565910765625 0.9263758093750001 0.7559563390624999 0.9315453218749999 0.7575775390625 0.9343681015625 0.7569428015625 0.9395376140625 0.7585640015624999 0.9423603953124999 0.7579292640624999 0.9475299078124999 0.7595504640625 0.9503526875 0.7592330953124999 0.95293744375 0.76085429375 0.9557602265625 0.7602195578125001 0.9609297375000001 0.7631445875 0.96916005625 0.7621924828125 0.9769143234375001 0.7651175125 0.9851446421875 0.7644827750000001 0.990314153125 0.7661039749999999 0.993136934375 0.7654692375 0.9983064453124999 0.766441890625 1 0.7855150421875 1
0 0.737832603125 1 0.739950503125 0.9977968625000001 0.7383293046875 0.9949740796875 0.7395987765625 0.984635059375 0.737977578125 0.9818122765625 0.7386123140625 0.9766427656250001 0.736991115625 0.973819984375 0.7376258515624999 0.9686504734374999 0.734700821875 0.9604201546875 0.7356529265625 0.9526658875 0.732727896875 0.94443556875 0.7333626343749999 0.9392660562499999 0.731741434375 0.936443275 0.732376171875 0.9312737640625001 0.7294511421875 0.9230434453124999 0.7300858781249999 0.917873934375 0.7284646796875001 0.9150511515625 0.729099415625 0.909881640625 0.7274782171874999 0.907058859375 0.728112953125 0.9018893484375001 0.7264917546875 0.899066565625 0.727443859375 0.8913122984375 0.7245188296875 0.8830819796875 0.725153565625 0.87791246875 0.7235323671875 0.8750896875 0.724167103125 0.8699201765625 0.7225459046875 0.86709739375 0.723180640625 0.8619278843749999 0.7215594421875 0.8591051015625 0.722194178125 0.853935590625 0.7205729796875 0.8511128093749999 0.7212077156250001 0.8459432984375 0.7195865171875 0.843120515625 0.720221253125 0.8379510046875 0.7186000546875 0.8351282234375 0.7192347906250001 0.8299587125000001 0.7176135921875 0.8271359296874999 0.718248328125 0.82196641875 0.7166271296875 0.8191436375000001 0.717261865625 0.8139741265625 0.7143368375 0.8057438078124999 0.7149715734375001 0.800574296875 0.713350375 0.7977515140625 0.7139851109375 0.7925820046875 0.7110600812500001 0.784351684375 0.7116948187500001 0.7791821734375 0.71007361875 0.7763593921874999 0.7110257234375 0.768605125 0.709404525 0.76578234375 0.7100392609374999 0.7606128328125 0.7071142312500001 0.7523825140625 0.70774896875 0.7472130015625 0.7061277687499999 0.7443902203125 0.70676250625 0.7392207078124999 0.70514130625 0.7363979281249999 0.70577604375 0.731228415625 0.7028510140625001 0.7229980968749999 0.70348575 0.7178285859375 0.699432753125 0.71077163125 0.6955556203125 0.7102955796875 0.6929823171875 0.7152270656249999 0.69104375 0.7149890390625 0.688787815625 0.7173357671875 0.6826547484375001 0.7192064453125 0.6815267796875 0.720379809375 0.68089204375 0.725549321875 0.6825132421875 0.728372103125 0.68187850625 0.733541615625 0.6834997046875 0.7363643953125 0.6828649687499999 0.7415339078125001 0.6844861671875 0.7443566890625 0.68385143125 0.7495262015625 0.6854726296875 0.75234898125 0.6848378937499999 0.75751849375 0.6864590921875 0.760341275 0.68582435625 0.7655107859375 0.6874455546875 0.7683335671875 0.6868108187499999 0.7735030796875 0.6884320171875 0.776325859375 0.6877972812500001 0.781495371875 0.6907223109375 0.789725690625 0.690087575 0.7948952015625 0.6917087734375 0.797717984375 0.69075666875 0.8054722515625 0.6936816984374999 0.8137025703124999 0.6930469609375 0.81887208125 0.6946681609375001 0.8216948625 0.6940334234375001 0.8268643734375001 0.6956546234375 0.82968715625 0.6950198859375 0.834856665625 0.6966410859375001 0.8376794484375001 0.6960063484375001 0.8428489593749999 0.698931378125 0.8510792781250001 0.6982966421875 0.8562487890625 0.6999178406250001 0.8590715703124999 0.6992831046875 0.86424108125 0.700904303125 0.8670638640625 0.7002695671875 0.8722333750000001 0.701890765625 0.87505615625 0.7012560296875 0.8802256671875 0.704181059375 0.8884559859375001 0.703546321875 0.8936254984374999 0.705167521875 0.8964482796875 0.704532784375 0.9016177921875 0.7061539828125001 0.9044405718749999 0.705519246875 0.9096100843749999 0.7071404453125 0.912432865625 0.706505709375 0.9176023765625001 0.7081269078125 0.9204251578125 0.707492171875 0.9255946703125 0.7104172015625 0.9338249890625001 0.709782465625 0.9389945000000001 0.7114036640625 0.94181728125 0.710768928125 0.9469867921875 0.71369395625 0.9552171109375 0.7130592203125 0.9603866218749999 0.71468041875 0.9632094046875 0.7140456828125 0.968378915625 0.71566688125 0.9712016968749999 0.7153495140625 0.973786453125 0.7182745421875001 0.9820167718749999 0.7160186078125 0.9843635015625001 0.71763980625 0.9871862828125 0.7170050703124999 0.99235579375 0.71862626875 0.9951785765625001 0.7183089015624999 0.99776333125 0.7195934796875 1 0.737832603125 1
0 0.6962381390625 1 0.6934249015625 0.9920842375 0.6940596375 0.9869147265624999 0.6924384390625 0.98409194375 0.693073175 0.9789224328125 0.6914519765625 0.9760996515624999 0.6920867125 0.970930140625 0.6891616843749999 0.962699821875 0.6901137890625 0.9549455546875001 0.6884925890625 0.9521227734375 0.6891273265625 0.9469532624999999 0.6875061265625 0.9441304796875001 0.68845823125 0.9363762124999999 0.685533203125 0.92814589375 0.68648530625 0.9203916265625001 0.6835602781250001 0.9121613078124999 0.6841950140625 0.9069917984375 0.682573815625 0.9041690156250001 0.6832085515624999 0.8989995046875 0.6815873531250001 0.896176721875 0.6822220890625 0.8910072124999999 0.680600890625 0.8881844296875 0.6812356265624999 0.88301491875 0.6796144281250001 0.8801921374999999 0.68056653125 0.8724378703125 0.677641503125 0.8642075515625001 0.6782762390625 0.859038040625 0.676655040625 0.8562152578125 0.6772897765625 0.8510457468749999 0.675668578125 0.848222965625 0.6763033140625 0.8430534546875 0.674682115625 0.8402306718749999 0.6753168515625 0.8350611625000001 0.673695653125 0.8322383796875 0.6743303890625 0.82706886875 0.672709190625 0.8242460875000001 0.6733439265625 0.8190765765625001 0.671722728125 0.81625379375 0.6723574640625001 0.8110842828125 0.669432434375 0.8028539640625001 0.670067171875 0.7976844515625 0.668445971875 0.794861671875 0.669080709375 0.789692159375 0.667459509375 0.786869378125 0.668094246875 0.781699865625 0.666473046875 0.7788770859375 0.667107784375 0.7737075734375 0.665486584375 0.7708847921875 0.6661213218750001 0.76571528125 0.664500121875 0.7628925 0.6651348593749999 0.7577229875 0.6635136609375001 0.7549002078125 0.664148396875 0.7497306953125 0.6625271984375 0.7469079140625 0.6631619343749999 0.7417384015625 0.6615407359375001 0.738915621875 0.662175471875 0.733746109375 0.6592504421875 0.725515790625 0.6598851781249999 0.7203462796875 0.6582639796875001 0.7175234968749999 0.658898715625 0.7123539859375 0.6572775171874999 0.7095312046875 0.657912253125 0.70436169375 0.6562910546875 0.7015389109375 0.656925790625 0.6963694015625 0.6553045921875 0.69354661875 0.6556219609375 0.6909618640625 0.64670536875 0.6754365640625 0.642828234375 0.6749605125 0.6413829 0.6787186328125 0.6430040984375001 0.681541415625 0.6426867296875 0.68412616875 0.6404307953124999 0.6864728999999999 0.6385265859375 0.7019814328125 0.6401477843750001 0.7048042156250001 0.63919568125 0.7125584828125 0.6408168796875 0.7153812625 0.6404995109375 0.71796601875 0.643424540625 0.7261963375 0.6424724359375 0.7339506046875 0.645397465625 0.7421809234375 0.6444453609374999 0.749935190625 0.647370390625 0.758165509375 0.6467356546875 0.7633350203125 0.648356853125 0.7661578015625 0.6477221171875 0.7713273125 0.649343315625 0.7741500953125 0.6487085796875001 0.77931960625 0.6503297781249999 0.7821423875 0.6496950421875 0.7873118984375 0.651316240625 0.79013468125 0.6506815046875001 0.7953041921875 0.6523027031249999 0.7981269734375 0.6516679671875 0.8032964843749999 0.6545929953125 0.811526803125 0.653958259375 0.816696315625 0.6555794578125 0.8195190968749999 0.654944721875 0.8246886078125 0.6565659203124999 0.8275113890625001 0.655931184375 0.8326809015625001 0.6588562140625001 0.8409112203125 0.658221478125 0.84608073125 0.6598426765625 0.8489035125 0.658890571875 0.8566577796875 0.6605117703125 0.8594805609374999 0.659877034375 0.8646500734375 0.6628020640625001 0.8728803921875 0.6621673265625 0.8780499015625001 0.6637885265625 0.880872684375 0.6631537890625 0.8860421953125 0.6647749890625 0.8888649781250001 0.6641402515625 0.8940344874999999 0.66706528125 0.90226480625 0.6664305453125 0.9074343171875 0.66805174375 0.9102570999999999 0.6674170078125 0.9154266109375 0.66903820625 0.9182493921875 0.6680861015625 0.926003659375 0.67101113125 0.9342339781250001 0.6703763953124999 0.9394034890625 0.67199759375 0.942226271875 0.6713628578125 0.9473957828125 0.67298405625 0.9502185640624999 0.6723493203124999 0.9553880749999999 0.67397051875 0.9582108578125 0.6733357828125001 0.9633803671875001 0.6762608109375 0.9716106874999999 0.675626075 0.9767801984375 0.6772472734375 0.9796029796875001 0.6766125374999999 0.9847724921875001 0.6795375671875 0.9930028109375 0.6789028312500001 0.998172321875 0.6799525156249999 1 0.6962381390625 1
0 0.7628615765625 0.9874913718749999 0.76381368125 0.9797371046875 0.7621924828125 0.9769143234375001 0.76282721875 0.9717448125000001 0.7612060203125 0.9689220296875 0.76184075625 0.96375251875 0.758598359375 0.9581069546875 0.7592330953124999 0.95293744375 0.7576118968750001 0.9501146625000001 0.7585640015624999 0.9423603953124999 0.7556389718750001 0.9341300765625 0.7562737078125 0.928960565625 0.754652509375 0.9261377828124999 0.7552872453125 0.9209682718750001 0.753666046875 0.918145490625 0.7546181515625 0.9103912234375 0.751693121875 0.9021609046875 0.7523278578125 0.8969913937499999 0.750706659375 0.8941686125 0.7513413953125 0.8889991015625001 0.749720196875 0.8861763187499999 0.7503549328125 0.8810068078125 0.748733734375 0.8781840265625 0.7493684703125 0.873014515625 0.7464434421874999 0.8647841968750001 0.7473955453125 0.8570299296874999 0.745774346875 0.8542071468750001 0.7464090828125001 0.8490376375 0.744787884375 0.8462148546874999 0.7454226203125 0.84104534375 0.743801421875 0.8382225625 0.7444361578125 0.8330530515625 0.7415111296875 0.8248227328125 0.742145865625 0.8196532218750001 0.7405246671875 0.8168304390625 0.741159403125 0.811660928125 0.7395382046875 0.8088381468750001 0.740172940625 0.8036686359375 0.7385517421875 0.800845853125 0.7391864781249999 0.7956763421875 0.7375652796875001 0.7928535609375 0.738200015625 0.78768405 0.7365788171875 0.7848612671875 0.7372135531249999 0.7796917578125 0.7355923546875001 0.776868975 0.736227090625 0.7716994640625 0.7333020609374999 0.7634691453125 0.7339367984375 0.7582996328125 0.7323155984375 0.755476853125 0.7329503359375 0.750307340625 0.7313291359375 0.7474845593749999 0.7319638734375 0.742315046875 0.7303426734375 0.7394922671875 0.7309774109375 0.7343227546875 0.7293562109375 0.7314999734375001 0.7299909484375 0.7263304609375 0.7283697484375 0.72350768125 0.7290044859375 0.71833816875 0.7273832859375 0.7155153875 0.7277006546875 0.71293063125 0.724775625 0.7047003125 0.7237891624999999 0.6967080203125 0.7213573656250001 0.692473846875 0.7194187984375 0.692235821875 0.714555203125 0.6837674765624999 0.7126166359375 0.68352945 0.7113128046875 0.6781219140625 0.7093742390625 0.6778838875 0.7061318421875 0.6722383234375 0.700633509375 0.668939490625 0.68928511875 0.64918001875 0.68346941875 0.648465940625 0.6823414515625 0.6496393046875 0.681389346875 0.6573935718749999 0.6896368453124999 0.662341821875 0.69206864375 0.66657599375 0.691751275 0.66916075 0.695311040625 0.6722215593749999 0.6946763046875 0.6773910703125 0.6916097703124999 0.6783264078125 0.6906233078125 0.670334115625 0.6848076078124999 0.6696200359375 0.6836796406250001 0.670793403125 0.6824101687499999 0.6811324234375 0.6880843624999999 0.6910121609375001 0.6935826953124999 0.69431099375 0.7008780890625 0.7070135109375 0.7005607203124999 0.7095982671875001 0.7021819203125 0.71242105 0.7018645515624999 0.7150058031250001 0.70348575 0.7178285859375 0.70316838125 0.7204133421875001 0.7060934109375 0.7286436609375 0.70514130625 0.7363979281249999 0.7080663359375 0.744628246875 0.7074315999999999 0.7497977578125 0.7090527984375 0.7526205390625 0.70810069375 0.76037480625 0.7110257234375 0.768605125 0.71007361875 0.7763593921874999 0.7129986484375 0.7845897109375 0.7123639125000001 0.789759221875 0.7139851109375 0.7925820046875 0.713350375 0.7977515140625 0.7149715734375001 0.800574296875 0.7143368375 0.8057438078124999 0.717261865625 0.8139741265625 0.7166271296875 0.8191436375000001 0.718248328125 0.82196641875 0.7176135921875 0.8271359296874999 0.7192347906250001 0.8299587125000001 0.7186000546875 0.8351282234375 0.720221253125 0.8379510046875 0.7195865171875 0.843120515625 0.7212077156250001 0.8459432984375 0.7205729796875 0.8511128093749999 0.723498009375 0.859343128125 0.7225459046875 0.86709739375 0.724167103125 0.8699201765625 0.7235323671875 0.8750896875 0.725153565625 0.87791246875 0.7245188296875 0.8830819796875 0.727443859375 0.8913122984375 0.7268091234375 0.8964818109375001 0.728430321875 0.8993045921875 0.7277955859375 0.9044741046875 0.729416784375 0.9072968843749999 0.7287820484374999 0.912466396875 0.730403246875 0.915289178125 0.7297685109375001 0.9204586906250001 0.7313897093749999 0.9232814703125 0.7307549718749999 0.9284509828124999 0.7336800015625 0.9366813015625001 0.733045265625 0.9418508125 0.7346664640625 0.9446735953125 0.734031728125 0.9498431046875 0.7356529265625 0.9526658875 0.735018190625 0.9578353984374999 0.7379432203125 0.9660657171875 0.737308484375 0.9712352281250001 0.7402335124999999 0.979465546875 0.7395987765625 0.984635059375 0.741219975 0.9874578390625001 0.7405852390625001 0.9926273515625 0.7422064374999999 0.9954501328124999 0.7418890703125001 0.9980348890625 0.74269966875 0.9994462796875 0.745766203125 0.998510940625 0.7464009390624999 0.9933414296875 0.7497848406250001 0.9898213359374999 0.7517234078125 0.9900593625 0.7549658046875 0.9957049250000001 0.757221740625 0.9933581953124999 0.763037440625 0.9940722734375 0.7644827750000001 0.990314153125 0.7628615765625 0.9874913718749999
0 0.7067439859375 1 0.7063601328125 0.9989199296875 0.7076296046875 0.988580909375 0.7060084062499999 0.9857581265625001 0.7066431421875 0.9805886156250001 0.70502194375 0.977765834375 0.7056566796875 0.9725963234374999 0.7027316515625001 0.9643660046875 0.7036837546875 0.9566117375 0.70206255625 0.9537889546875 0.7030146609375 0.9460346890625001 0.70008963125 0.93780436875 0.7007243671875 0.932634859375 0.69910316875 0.9298120765625001 0.6997379046875001 0.924642565625 0.69811670625 0.921819784375 0.6987514421875 0.9166502734374999 0.6958264140625 0.9084199546875 0.69646115 0.9032504421875001 0.6948399515625 0.9004276609374999 0.6954746875 0.8952581484375 0.6938534890625 0.89243536875 0.694488225 0.88726585625 0.6956161921875 0.8860924921875 0.697237390625 0.8889152734374999 0.7003039249999999 0.8879799343749999 0.7012560296875 0.8802256671875 0.69963483125 0.8774028875000001 0.6991416 0.873406740625 0.6972030328125001 0.8731687140625001 0.695581834375 0.8703459328125 0.69283266875 0.868696515625 0.6931500359375 0.866111759375 0.6973445375 0.86400305625 0.69766190625 0.8614183015625001 0.6960407078124999 0.85859551875 0.6969928109375 0.8508412515625 0.6953716125 0.8480184703125 0.69487838125 0.8440223234375 0.692622446875 0.846369053125 0.6898732812499999 0.8447196375000001 0.6901906484375 0.84213488125 0.6872656203124999 0.8339045625000001 0.6882177234375 0.8261502953125 0.686596525 0.8233275125 0.6877244921875 0.8221541484375001 0.6916016265625 0.8226302015625 0.6930469609375 0.81887208125 0.6914257625 0.8160492984375001 0.69093253125 0.8120531515625 0.6883592296875001 0.8169846375 0.6856100625 0.8153352203124999 0.68592743125 0.812750465625 0.6830024015625 0.804520146875 0.6836371375 0.799350634375 0.6820159390625 0.796527853125 0.6829680437500001 0.7887735874999999 0.6871625453125 0.7866648828125 0.6877972812500001 0.781495371875 0.6869866828125 0.78008398125 0.6844133796875 0.7850154671875 0.6824748125 0.784777440625 0.6800430140625 0.78054326875 0.68067775 0.7753737562499999 0.677752721875 0.7671434374999999 0.6783874578125 0.7619739265625001 0.675462428125 0.7537436078125 0.6760971640625 0.748574096875 0.674475965625 0.7457513140625001 0.6751107015625 0.740581803125 0.673489503125 0.737759021875 0.6741242390625 0.7325895109375 0.672503040625 0.729766728125 0.6731377765625 0.7245972187499999 0.6792708453125 0.722726540625 0.677649646875 0.7199037578125 0.6771564156250001 0.7159076109375 0.671340715625 0.7151935328125 0.6687330546875 0.704378459375 0.6609787875 0.7034263562499999 0.6598508203125 0.7045997203125001 0.658898715625 0.7123539859375 0.6605199140625 0.7151767687499999 0.6598851781249999 0.7203462796875 0.6615063765625 0.7231690609375 0.660871640625 0.728338571875 0.6624928390625 0.7311613546875 0.6618581031249999 0.736330865625 0.6634793015625 0.739153646875 0.662844565625 0.7443231578125 0.6644657640625 0.7471459406250001 0.663831028125 0.7523154515625 0.6654522265625 0.7551382328125 0.6648174906250001 0.76030774375 0.6664386890625 0.7631305265624999 0.665803953125 0.7683000359375 0.6674251515625 0.77112281875 0.666790415625 0.7762923296875 0.6684116140625 0.7791151125 0.667776878125 0.784284621875 0.6693980765624999 0.7871074046875 0.668763340625 0.792276915625 0.6703845390625001 0.795099696875 0.669749803125 0.8002692078125 0.6713710015625 0.803091990625 0.670736265625 0.8082615015625001 0.6723574640625001 0.8110842828125 0.671722728125 0.81625379375 0.6746477578125 0.8244841125000001 0.6740130203125 0.8296536234375 0.6756342203125 0.83247640625 0.674682115625 0.8402306718749999 0.6763033140625 0.8430534546875 0.675668578125 0.848222965625 0.67859360625 0.8564532843749999 0.6779588703125 0.8616227953125 0.67958006875 0.8644455765625001 0.6789453328125 0.8696150875 0.68056653125 0.8724378703125 0.6799317953124999 0.87760738125 0.68155299375 0.8804301625000001 0.6809182578125 0.8855996734374999 0.68253945625 0.88842245625 0.6819047203124999 0.8935919671875 0.68352591875 0.8964147484374999 0.6828911828125 0.901584259375 0.68451238125 0.9044070421875 0.6838776453125 0.9095765515625001 0.68549884375 0.912399334375 0.6848641078125 0.9175688453124999 0.68648530625 0.9203916265625001 0.6858505703125 0.9255611375000001 0.6874717687499999 0.9283839203124999 0.6868370328125 0.93355343125 0.6897620625 0.9417837499999999 0.6891273265625 0.9469532624999999 0.690748525 0.9497760421875 0.6897964203125 0.9575303093749999 0.69141761875 0.9603530921875001 0.6907828828125 0.965522603125 0.6924040812500001 0.968345384375 0.6917693453125 0.9735148953125 0.694694375 0.9817452140625 0.6940596375 0.9869147265624999 0.6956808375 0.98973750625 0.6950461 0.99490701875 0.6966673 0.9977297999999999 0.6963885546874999 1 0.7067439859375 1
0 0.6726666875 0.9528033203125 0.6710454890625 0.9499805374999999 0.671680225 0.9448110281250001 0.6700590265625 0.9419882453125 0.6706937625 0.936818734375 0.667768734375 0.928588415625 0.66903820625 0.9182493921875 0.6674170078125 0.9154266109375 0.66805174375 0.9102570999999999 0.6651267140625 0.90202678125 0.66576145 0.8968572703125 0.662836421875 0.8886269515624999 0.6634711578125 0.8834574390625001 0.661849959375 0.8806346578124999 0.6624846953125 0.875465146875 0.660863496875 0.8726423656250001 0.6614982328125001 0.867472853125 0.659877034375 0.8646500734375 0.6605117703125 0.8594805609374999 0.658890571875 0.8566577796875 0.6598426765625 0.8489035125 0.656917646875 0.84067319375 0.6575523828125001 0.83550368125 0.655931184375 0.8326809015625001 0.6565659203124999 0.8275113890625001 0.6536408921875 0.8192810703125 0.654275628125 0.8141115593749999 0.6526544296875 0.8112887765625001 0.6532891656250001 0.8061192671875 0.6516679671875 0.8032964843749999 0.6523027031249999 0.7981269734375 0.6506815046875001 0.7953041921875 0.651316240625 0.79013468125 0.6483912109375 0.7819043625 0.6490259468749999 0.7767348515625 0.6474047484375001 0.77391206875 0.648039484375 0.7687425578125 0.6464182859375 0.7659197765625 0.6470530218749999 0.760750265625 0.6454318234375 0.7579274828125 0.646066559375 0.752757971875 0.6444453609374999 0.749935190625 0.645080096875 0.7447656796875 0.6434588984375 0.741942896875 0.644093634375 0.7367733875 0.6424724359375 0.7339506046875 0.643107171875 0.72878109375 0.6401821437499999 0.720550775 0.6408168796875 0.7153812625 0.63919568125 0.7125584828125 0.6398304171875 0.7073889703125 0.6382092187499999 0.7045661890625 0.6388439546875 0.6993966765625 0.63722275625 0.696573896875 0.6378574921875 0.691404384375 0.63623629375 0.688581603125 0.6368710296875 0.683412090625 0.63524983125 0.6805893109375 0.6358845671875 0.6754197984375 0.63426336875 0.6725970171875 0.6348981046875 0.6674275062499999 0.63327690625 0.664604725 0.6339116421875 0.6594352125 0.63229044375 0.65661243125 0.6329251796875 0.6514429203125001 0.63000015 0.6432126015625 0.6306348875000001 0.638043090625 0.6249606921875 0.6281633546875 0.623022125 0.627925328125 0.6214009265625 0.625102546875 0.620272959375 0.6262759109375 0.6190034859375 0.636614934375 0.621928515625 0.644845253125 0.6212937796875 0.6500147640625 0.6229149781250001 0.6528375453125 0.6222802421875 0.65800705625 0.623901440625 0.6608298390625 0.6229493359375 0.6685841046875 0.625874365625 0.6768144234375 0.6252396296875 0.681983934375 0.626860828125 0.6848067171875 0.6262260921875 0.689976228125 0.629151121875 0.6982065468750001 0.628516384375 0.703376059375 0.630137584375 0.7061988390625 0.629502846875 0.7113683515625 0.6311240453125 0.7141911328125 0.6304893093749999 0.7193606453125 0.6321105078125 0.722183425 0.631475771875 0.7273529375 0.6330969703125 0.73017571875 0.6324622343749999 0.7353452296875 0.6340834328125 0.7381680109375 0.633448696875 0.7433375234375 0.6350698953125 0.7461603046875 0.634435159375 0.751329815625 0.6360563578125 0.754152596875 0.635738990625 0.756737353125 0.63866401875 0.764967671875 0.637711915625 0.7727219390625 0.6393331140625 0.7755447203125 0.638698378125 0.78071423125 0.6403195765625 0.7835370140625 0.639684840625 0.788706525 0.6413060390624999 0.79152930625 0.640671303125 0.7966988171875 0.6422925015625001 0.7995216 0.641657765625 0.804691109375 0.6445827937499999 0.8129214296875 0.6439480578125 0.8180909390625001 0.6455692562500001 0.820913721875 0.6449345203125 0.8260832328125 0.64655571875 0.8289060140625001 0.6459209828125 0.834075525 0.64754218125 0.8368983078125 0.6469074453125 0.84206781875 0.64852864375 0.8448905999999999 0.6478939078125 0.8500601109374999 0.64951510625 0.85288289375 0.6488803703125 0.8580524046875 0.65050156875 0.8608751859374999 0.6498668328125 0.866044696875 0.65148803125 0.8688674796875 0.6508532953125 0.8740369906250001 0.65247449375 0.876859771875 0.6518397578124999 0.8820292828125 0.6547647875 0.8902596015625001 0.65413005 0.8954291140624999 0.65575125 0.89825189375 0.6551165125 0.90342140625 0.6567377125 0.9062441874999999 0.656102975 0.9114137 0.6577241734375 0.9142364796875 0.6570894375 0.9194059921875001 0.6587106359375 0.9222287734375 0.65839326875 0.9248135296875001 0.6613182984375 0.9330438484375 0.66036619375 0.940798115625 0.663291221875 0.949028434375 0.6626564859374999 0.9541979453125 0.664277684375 0.9570207265624999 0.6636429484375 0.9621902375 0.665264146875 0.9650130203125 0.6646294109374999 0.9701825296875001 0.666250609375 0.9730053125 0.6656158734375001 0.9781748234375 0.667237071875 0.9809976046875001 0.6669197046875001 0.9835823609375 0.6704794703125 0.98664316875 0.669527365625 0.994397434375 0.6703379640625 0.9958088265624999 0.6714659328125 0.9946354609375 0.6762951703125 0.987357246875 0.67692990625 0.9821877359375 0.6753087078125 0.979364953125 0.67594344375 0.9741954421875001 0.6743222453125 0.9713726609375 0.6746396125 0.96878790625 0.671714584375 0.9605575875 0.6726666875 0.9528033203125
0 0.65839326875 0.9248135296875001 0.6567720703125 0.9219907468749999 0.6577241734375 0.9142364796875 0.656102975 0.9114137 0.6567377125 0.9062441874999999 0.6538126828124999 0.89801386875 0.6547647875 0.8902596015625001 0.6531435875 0.8874368203125 0.65346095625 0.8848520656250001 0.6518397578124999 0.8820292828125 0.65247449375 0.876859771875 0.6508532953125 0.8740369906250001 0.6518054 0.8662827234374999 0.6501842 0.8634599421875 0.6508189375 0.8582904296875 0.6491977375 0.8554676499999999 0.649832475 0.8502981374999999 0.6469074453125 0.84206781875 0.64754218125 0.8368983078125 0.6459209828125 0.834075525 0.64655571875 0.8289060140625001 0.643630690625 0.8206756953125 0.6445827937499999 0.8129214296875 0.6429615953125001 0.810098646875 0.64359633125 0.8049291359374999 0.640671303125 0.7966988171875 0.6413060390624999 0.79152930625 0.639684840625 0.788706525 0.64063694375 0.7809522578125 0.637711915625 0.7727219390625 0.6383466515625 0.767552428125 0.6367254531250001 0.7647296453125 0.6373601890625 0.759560134375 0.634435159375 0.751329815625 0.6350698953125 0.7461603046875 0.633448696875 0.7433375234375 0.6340834328125 0.7381680109375 0.6324622343749999 0.7353452296875 0.6330969703125 0.73017571875 0.631475771875 0.7273529375 0.6321105078125 0.722183425 0.6291854796874999 0.71395310625 0.630137584375 0.7061988390625 0.6272125546875 0.6979685203125 0.627847290625 0.692799009375 0.6262260921875 0.689976228125 0.626860828125 0.6848067171875 0.6252396296875 0.681983934375 0.625874365625 0.6768144234375 0.6229493359375 0.6685841046875 0.623584071875 0.6634145953125 0.6219628734375 0.6605918125 0.622597609375 0.6554223015625 0.6209764109375 0.65259951875 0.621928515625 0.644845253125 0.6203073171875 0.6420224703125 0.6209420531250001 0.636852959375 0.6193208546875 0.634030178125 0.6199555906249999 0.6288606671875 0.61590259375 0.6218037125 0.6139640281250001 0.6215656859375 0.6123428296875 0.61874290625 0.6045885625 0.6177908015625 0.6034605953125001 0.618964165625 0.602191121875 0.6293031890624999 0.603812321875 0.6321259687499999 0.603177584375 0.63729548125 0.604798784375 0.6401182624999999 0.604164046875 0.645287775 0.6070890765625 0.65351809375 0.606454340625 0.658687603125 0.6080755390625 0.6615103859375 0.607440803125 0.6666798968750001 0.6090620015625 0.6695026796875 0.6084272656249999 0.6746721890625 0.6100484640625 0.6774949718750001 0.609413728125 0.6826644828124999 0.6110349265624999 0.6854872640624999 0.610400190625 0.690656775 0.6120213890625 0.6934795578124999 0.6113866531250001 0.69864906875 0.6130078515624999 0.70147185 0.612373115625 0.7066413609375 0.61529814375 0.7148716796875 0.6146634078125001 0.720041190625 0.61628460625 0.7228639734375 0.615332503125 0.7306182390625 0.61825753125 0.7388485593749999 0.6176227953125 0.74401806875 0.6192439937499999 0.7468408515625 0.6186092578125 0.7520103625 0.6202304562500001 0.75483314375 0.6195957203125 0.7600026546875001 0.62121691875 0.7628254375 0.6205821828125 0.7679949484375 0.6222033812500001 0.7708177296875001 0.6215686453125 0.775987240625 0.624493675 0.784217559375 0.6235415703125 0.7919718265625 0.6264666 0.8002021453125 0.6258318625 0.8053716578125 0.6274530625 0.8081944390625001 0.626818325 0.81336395 0.628439525 0.81618673125 0.6278047875 0.82135624375 0.6294259875 0.8241790234374999 0.62879125 0.8293485359374999 0.63041245 0.8321713171875 0.63009508125 0.8347560734374999 0.6330201109375 0.8429863921875 0.63206800625 0.850740659375 0.6349930359375 0.8589709781250001 0.6343582984375 0.8641404890625 0.6359794984375 0.8669632703125 0.6353447609375 0.87213278125 0.6369659609375 0.8749555640625 0.6363312234375 0.8801250749999999 0.637952421875 0.88294785625 0.6373176859374999 0.8881173671875 0.638938884375 0.8909401499999999 0.6386215171875 0.8935249046875 0.6415465453125 0.9017552249999999 0.640911809375 0.906924734375 0.6425330078125 0.9097475171875 0.6415809046875001 0.917501784375 0.6445059328125 0.9257321031249999 0.6435538296875001 0.9334863703125 0.6451750281249999 0.9363091499999999 0.6448576593750001 0.93889390625 0.6464788578125 0.9417166890625 0.6474653203125 0.94970898125 0.6482759203125 0.951120371875 0.6494038875 0.9499470078125001 0.650990728125 0.937023228125 0.6543746296874999 0.933503134375 0.6548678609375 0.93749928125 0.657299659375 0.9417334531250001 0.6584276265625 0.9405600890624999 0.6593797312499999 0.9328058218749999 0.6577585328125 0.929983040625 0.65839326875 0.9248135296875001
0 0.6425673671875 0.9254940765624999 0.64094616875 0.9226712953125 0.6415809046875001 0.917501784375 0.63995970625 0.9146790015624999 0.640911809375 0.906924734375 0.6392906109375 0.9041019531250001 0.6399253468749999 0.8989324421875 0.6383041484375 0.896109659375 0.638938884375 0.8909401499999999 0.6360138562500001 0.8827098296875 0.6369659609375 0.8749555640625 0.6353447609375 0.87213278125 0.6359794984375 0.8669632703125 0.6330544687499999 0.8587329515625 0.6336892046875 0.8535634406250001 0.63206800625 0.850740659375 0.6327027421875 0.8455711484374999 0.6310815437499999 0.8427483656250001 0.6317162796875 0.8375788546875 0.62879125 0.8293485359374999 0.6297433546875 0.8215942703125 0.626818325 0.81336395 0.6274530625 0.8081944390625001 0.6258318625 0.8053716578125 0.6264666 0.8002021453125 0.6235415703125 0.7919718265625 0.62417630625 0.7868023156249999 0.6225551078125 0.783979534375 0.6235072125000001 0.7762252671875001 0.6218860140625 0.7734024859375 0.62252075 0.7682329734375 0.6208995515625 0.76541019375 0.6215342875000001 0.76024068125 0.6186092578125 0.7520103625 0.6192439937499999 0.7468408515625 0.6176227953125 0.74401806875 0.61825753125 0.7388485593749999 0.6166363328125 0.7360257765625 0.6169537015625 0.733441021875 0.615332503125 0.7306182390625 0.6159672390625001 0.7254487296875001 0.613042209375 0.717218409375 0.6139943140625 0.70946414375 0.612373115625 0.7066413609375 0.6130078515624999 0.70147185 0.6113866531250001 0.69864906875 0.6120213890625 0.6934795578124999 0.610400190625 0.690656775 0.6110349265624999 0.6854872640624999 0.609413728125 0.6826644828124999 0.6100484640625 0.6774949718750001 0.6071234343749999 0.669264653125 0.6077581703125 0.664095140625 0.606136971875 0.6612723593750001 0.606454340625 0.658687603125 0.6048331421875 0.6558648218750001 0.605467878125 0.6506953109375 0.6038466796875 0.647872528125 0.6051161515625 0.6375335078125001 0.602191121875 0.6293031890624999 0.602825859375 0.6241336765625001 0.601204659375 0.6213108953125001 0.601522028125 0.6187261390625001 0.5982796312499999 0.6130805765625 0.5989143671875 0.6079110640625001 0.59729316875 0.6050882843750001 0.5976105359375 0.602503528125 0.5951787390625001 0.5982693546875 0.593240171875 0.5980313296875 0.5916189734375 0.595208546875 0.588235071875 0.598728640625 0.5869655984375 0.6090676640625 0.588586796875 0.611890446875 0.5882694296875 0.6144752015625 0.589890628125 0.6172979828125 0.5892558921875 0.62246749375 0.5921809203125 0.6306978125 0.5912288171875 0.6384520796875 0.5928500156250001 0.6412748625 0.5922152796875 0.646444371875 0.593836478125 0.6492671546875 0.5932017421875 0.654436665625 0.5948229406250001 0.657259446875 0.5941882046875 0.6624289578125 0.5971132328125 0.6706592765625 0.596478496875 0.6758287890625 0.5980996953125 0.6786515703125 0.597464959375 0.6838210828125 0.6003899890625 0.6920514015625 0.599755253125 0.6972209125 0.6013764515625 0.70004369375 0.600741715625 0.7052132046875 0.6023629140625 0.7080359875 0.601728178125 0.713205496875 0.6033493765625 0.7160282796875 0.602714640625 0.721197790625 0.6043358390625 0.7240205734375 0.6037011015625 0.7291900828125 0.6053223015625 0.732012865625 0.6046875640625 0.7371823765625 0.6063087640625 0.7400051578125 0.6056740265625 0.74517466875 0.60859905625 0.7534049875 0.6079643203125 0.7585744984375 0.60958551875 0.7613972812500001 0.6089507828125 0.7665667921875 0.61057198125 0.7693895734375 0.6096198765625 0.777143840625 0.61254490625 0.785374159375 0.6119101703125 0.7905436703125 0.61353136875 0.793366453125 0.6128966328125001 0.7985359625 0.6145178312499999 0.8013587453125 0.6142004625 0.8039435015624999 0.6171254921875 0.8121738203125 0.6164907562499999 0.81734333125 0.6181119546875 0.8201661124999999 0.6174772187500001 0.8253356234375 0.6190984171875 0.82815840625 0.6181463125 0.8359126734375 0.6197675109375 0.8387354531250001 0.619132775 0.8439049656250001 0.6207539734374999 0.846727746875 0.6201192375 0.851897259375 0.6217404359375001 0.8547200390624999 0.62142306875 0.8573047953125 0.6230442671875001 0.860127578125 0.62240953125 0.8652970874999999 0.6253345593749999 0.8735274078125 0.6246998234375 0.8786969171875001 0.626321021875 0.8815196999999999 0.6256862859375001 0.8866892109375 0.627307484375 0.8895119921875001 0.6269901171875001 0.8920967484375 0.6299151453125 0.90032706875 0.629280409375 0.9054965781250001 0.6309016078125 0.9083193609375 0.6299495046875 0.9160736281249999 0.631570703125 0.9188964078125 0.6306185984375 0.926650675 0.6338609953125001 0.9322962390624999 0.633226259375 0.93746575 0.6361512890625 0.94569606875 0.635199184375 0.9534503359375 0.63925218125 0.960507290625 0.6403801484375 0.9593339249999999 0.64489201875 0.9546404656249999 0.6455267546875 0.9494709562500001 0.64390555625 0.9466481734375 0.6445402921875 0.9414786625 0.64291909375 0.9386558796875001 0.6438711968749999 0.9309016140624999 0.6422499984375001 0.92807883125 0.6425673671875 0.9254940765624999
0 0.648134415625 0.9602860296875001 0.6465132171875 0.9574632484375 0.647147953125 0.9522937359375 0.6442229234375 0.9440634171875001 0.6448576593750001 0.93889390625 0.6432364609375 0.936071125 0.6438711968749999 0.9309016140624999 0.6422499984375001 0.92807883125 0.642884734375 0.9229093203125001 0.6412635359375 0.9200865390624999 0.6418982718749999 0.9149170281250001 0.6402770734375001 0.9120942453125 0.640911809375 0.906924734375 0.6392906109375 0.9041019531250001 0.6399253468749999 0.8989324421875 0.6383041484375 0.896109659375 0.638938884375 0.8909401499999999 0.6373176859374999 0.8881173671875 0.637952421875 0.88294785625 0.63502739375 0.8747175374999999 0.6359794984375 0.8669632703125 0.6330544687499999 0.8587329515625 0.6336892046875 0.8535634406250001 0.63206800625 0.850740659375 0.6327027421875 0.8455711484374999 0.6297777124999999 0.8373408296875 0.63041245 0.8321713171875 0.62879125 0.8293485359374999 0.6294259875 0.8241790234374999 0.6265009578125 0.8159487046875 0.6274530625 0.8081944390625001 0.6245280328125 0.79996411875 0.62516276875 0.794794609375 0.6235415703125 0.7919718265625 0.62417630625 0.7868023156249999 0.6225551078125 0.783979534375 0.6235072125000001 0.7762252671875001 0.6205821828125 0.7679949484375 0.62121691875 0.7628254375 0.6195957203125 0.7600026546875001 0.6202304562500001 0.75483314375 0.6186092578125 0.7520103625 0.6192439937499999 0.7468408515625 0.6176227953125 0.74401806875 0.61825753125 0.7388485593749999 0.6166363328125 0.7360257765625 0.6169537015625 0.733441021875 0.614028671875 0.7252107031249999 0.6146634078125001 0.720041190625 0.613042209375 0.717218409375 0.6139943140625 0.70946414375 0.612373115625 0.7066413609375 0.6130078515624999 0.70147185 0.6100828218750001 0.69324153125 0.6107175578125 0.68807201875 0.609096359375 0.6852492390625 0.6097310953124999 0.6800797265625 0.6081098968750001 0.6772569453124999 0.6087446328125 0.6720874328125 0.6058196046875 0.6638571140625 0.606454340625 0.658687603125 0.6048331421875 0.6558648218750001 0.605785246875 0.6481105546875 0.604164046875 0.645287775 0.604798784375 0.6401182624999999 0.6018737546875 0.63188794375 0.602508490625 0.6267184328125001 0.6008872921874999 0.6238956499999999 0.601522028125 0.6187261390625001 0.5982796312499999 0.6130805765625 0.5989143671875 0.6079110640625001 0.59729316875 0.6050882843750001 0.5976105359375 0.602503528125 0.593557540625 0.5954465734375 0.587741840625 0.5947324953125 0.579635846875 0.5806185875 0.5776972796875001 0.5803805609375 0.5744548828125 0.5747349984375 0.5667006156250001 0.57378289375 0.5650794171875 0.5709601125 0.561202284375 0.570484059375 0.5589463484375 0.5728307890625 0.5531306484375 0.5721167109375 0.5520026812500001 0.5732900765625 0.556055678125 0.5803470296875 0.5615540109375 0.5836458625 0.562857840625 0.5890534015625 0.5667349734375 0.589529453125 0.568990909375 0.5871827234375 0.570929475 0.5874207499999999 0.5749824718750001 0.5944777046875 0.5737129999999999 0.6048167249999999 0.5766380296875 0.6130470453125 0.5760032921875 0.6182165562499999 0.5776244921875 0.6210393375 0.5769897546875 0.62620885 0.5786109546875 0.6290316296875 0.5779762171875 0.6342011421875 0.5795974171875 0.6370239234375 0.5789626796875 0.6421934359375 0.5805838796875 0.645016215625 0.5799491421875 0.6501857281250001 0.5815703421875 0.653008509375 0.5812529734375 0.6555932656250001 0.582874171875 0.658416046875 0.5822394359375 0.6635855578125 0.585164465625 0.6718158765625 0.5845297281249999 0.6769853875 0.586150928125 0.6798081703125 0.585516190625 0.68497768125 0.5871373890625 0.6878004625 0.5865026531249999 0.6929699734375 0.5881238515625 0.69579275625 0.5874891156250001 0.7009622656250001 0.5891103140625 0.7037850484375 0.588475578125 0.708954559375 0.5914006078125 0.717184878125 0.590765871875 0.722354390625 0.5923870703125 0.7251771703125 0.5920697015624999 0.7277619265624999 0.5936909 0.730584709375 0.5930561640625001 0.7357542203125 0.5946773624999999 0.7385770015625 0.593725259375 0.74633126875 0.5953464578125 0.74915405 0.594394353125 0.7569083156249999 0.5960155515625 0.7597310984375001 0.595698184375 0.7623158546875 0.5945702171875 0.76348921875 0.5906930828125 0.7630131671875 0.5895651156249999 0.76418653125 0.5889303796875 0.76935604375 0.590551578125 0.7721788234375 0.591044809375 0.7761749703125 0.5936181125 0.7712434859374999 0.5955566796875 0.7714815125000001 0.5979884765625 0.7757156843749999 0.5967190046875 0.7860547078125 0.5944630703125 0.7884014359375 0.5931935968750001 0.798740459375 0.5961186265625 0.8069707781250001 0.595166521875 0.81472504375 0.5980915515625 0.8229553624999999 0.597139446875 0.8307096296875001 0.6000644765625001 0.8389399484375 0.599429740625 0.844109459375 0.6010509390625 0.8469322421875001 0.6007335703125001 0.8495169984375 0.6023547687499999 0.8523397781250001 0.6017200328125 0.8575092906249999 0.6046450625 0.865739609375 0.6036929578125 0.8734938765625 0.60531415625 0.8763166578125 0.6046794203125 0.8814861687500001 0.60760445 0.8897164890625 0.6066523453125 0.8974707546875 0.60827354375 0.9002935359375 0.6076388078125 0.9054630484375 0.6125024031249999 0.9139313937500001 0.61123293125 0.9242704140625 0.6144753281249999 0.9299159781249999 0.61320585625 0.940255 0.6148270546875 0.9430777828125001 0.61419231875 0.94824729375 0.617434715625 0.9538928578125001 0.6171173484375 0.9564776125 0.6236021421875 0.9677687390624999 0.62296740625 0.97293825 0.6310734 0.987052159375 0.63156663125 0.9910483062500001 0.633822565625 0.988701575 0.6354437640625 0.9915243578125 0.6412594640625 0.9922384359375 0.6435153984374999 0.9898917062500001 0.6483789953125 0.9983600515625 0.6495069625000001 0.9971866859375 0.651762896875 0.9948399562500001 0.652080265625 0.9922552 0.6504590671875 0.9894324203125 0.6514111703125 0.981678153125 0.6481687734375 0.9760325890624999 0.648803509375 0.970863078125 0.6471823109375 0.9680402953125 0.648134415625 0.9602860296875001
0 0.587798340625 0.8426813031249999 0.58875044375 0.8349270359375 0.5871292453125 0.8321042562500001 0.58776398125 0.8269347437500001 0.5861427828125 0.8241119625 0.5867775187500001 0.8189424515624999 0.5851563203125 0.8161196703125 0.5854736890625001 0.8135349140624999 0.582548659375 0.8053045953125 0.5831833953125 0.800135084375 0.5802583671875 0.791904765625 0.580893103125 0.786735253125 0.5792719046875 0.783912471875 0.579906640625 0.7787429609375 0.5782854421875 0.7759201796874999 0.578920178125 0.7707506671875 0.5772989796875 0.7679278875 0.5779337156250001 0.762758375 0.5763125171875 0.7599355937500001 0.576947253125 0.75476608125 0.5753260546875001 0.7519433015625 0.575643421875 0.7493585453125 0.57271839375 0.7411282265625 0.5736704968749999 0.7333739593749999 0.57074546875 0.725143640625 0.5713802046875001 0.7199741296875 0.56975900625 0.7171513468749999 0.5703937421874999 0.7119818375 0.56877254375 0.7091590546875 0.5694072796875 0.70398954375 0.56778608125 0.7011667625 0.5684208171875 0.6959972515625 0.56679961875 0.69317446875 0.5674343546875 0.6880049578125 0.5645093250000001 0.6797746390625 0.5651440625 0.6746051265624999 0.5635228624999999 0.6717823468749999 0.5641575999999999 0.666612834375 0.5625364 0.663790053125 0.5631711375 0.6586205406250001 0.5602461078125 0.6503902218750001 0.5608808437499999 0.6452207109375 0.5592596453125 0.6423979296875 0.55989438125 0.63722841875 0.5582731828124999 0.6344056359375 0.55890791875 0.6292361265624999 0.5572867203125 0.62641334375 0.5576040890625 0.6238285890624999 0.5559828890625 0.62100580625 0.5566176265625 0.615836296875 0.553692596875 0.6076059765624999 0.5546447015625 0.5998517109375 0.553023503125 0.5970289281250001 0.5533408703125 0.594444171875 0.5500984734375 0.5887986093750001 0.550415840625 0.5862138531250001 0.5382568515624999 0.5650429906250001 0.5324411515625 0.5643289125 0.530819953125 0.56150613125 0.5288813859375 0.56126810625 0.525497484375 0.5647882 0.531982278125 0.5760793265624999 0.5316649109375 0.57866408125 0.5349073078125001 0.5843096453125 0.5345899390625 0.5868944015625 0.540757365625 0.6007702828125 0.5404399984375 0.6033550390625 0.542061196875 0.6061778203125 0.541743828125 0.608762575 0.5433650265625001 0.6115853578125 0.543047659375 0.6141701140625 0.5446688578125001 0.61699289375 0.5443514890625 0.61957765 0.54727651875 0.62780796875 0.5463244140625 0.6355622359375 0.5479456125 0.63838501875 0.5476282453125 0.6409697734375001 0.5505532734374999 0.6492000921875001 0.5496011703125 0.656954359375 0.55122236875 0.6597771406249999 0.5505876328125 0.6649466515625 0.55220883125 0.667769434375 0.5512567265625 0.6755237000000001 0.552877925 0.6783464828125 0.5522431890624999 0.68351599375 0.5538643875 0.6863387750000001 0.5532296515625 0.6915082859374999 0.55485085 0.6943310687500001 0.5545334828125 0.6969158234374999 0.55615468125 0.6997386046875 0.5555199453124999 0.704908115625 0.5584449734375 0.713138434375 0.5574928703124999 0.7208927015625 0.55911406875 0.723715484375 0.5584793328125001 0.7288849953125001 0.56010053125 0.7317077765625 0.55946579375 0.7368772875 0.56108699375 0.7397000703125001 0.56045225625 0.7448695796875 0.56207345625 0.7476923625 0.5617560875 0.7502771187499999 0.5646811171875 0.7585074374999999 0.5634116437500001 0.768846459375 0.5650328421874999 0.771669240625 0.5647154750000001 0.774253996875 0.5676405046874999 0.782484315625 0.5670057671875 0.7876538265625 0.568626965625 0.790476609375 0.5679922296875 0.7956461203125 0.569613428125 0.7984689015625 0.5689786921875 0.8036384125 0.5705998906249999 0.8064611953125 0.5699651546875 0.8116307062500001 0.5732075531249999 0.81727626875 0.5722554484375 0.8250305359375 0.573876646875 0.8278533171875001 0.5735592781250001 0.8304380734375 0.575180478125 0.8332608546875001 0.574545740625 0.838430365625 0.5774707703125 0.8466606859375 0.5768360343750001 0.8518301953125 0.5784572328124999 0.854652978125 0.577822496875 0.8598224890624999 0.5807475265625001 0.8680528078125 0.5801127890625 0.8732223187500001 0.5817339875 0.8760451 0.5810992515625 0.8812146109375 0.5840242812499999 0.8894449296875001 0.5833895453125 0.8946144421875 0.5850107437500001 0.8974372234375 0.58599720625 0.905429515625 0.5884290046875 0.9096636890625 0.5914955375 0.90872835 0.5949865875 0.8802960390625 0.5933653890625 0.87747325625 0.59368275625 0.8748885015625 0.590757728125 0.86665818125 0.5913924640625 0.861488671875 0.589771265625 0.8586658890625 0.59072336875 0.850911621875 0.587798340625 0.8426813031249999
0 0.61517878125 0.9562395859375 0.6158135171875 0.951070075 0.61419231875 0.94824729375 0.6145096875 0.9456625390625 0.6128884890624999 0.94283975625 0.613523225 0.9376702453125001 0.6105981953125 0.9294399265625 0.6115503 0.921685659375 0.6099291015625 0.9188628781249999 0.6105638375 0.9136933671874999 0.6089426390625 0.910870584375 0.609577375 0.9057010734375 0.6066523453125 0.8974707546875 0.60728708125 0.8923012437500001 0.604362053125 0.8840709234374999 0.6049967890625 0.8789014140625 0.603375590625 0.8760786312500001 0.6040103265625001 0.8709091203125 0.602389128125 0.8680863390625 0.6030238640625 0.8629168281249999 0.600098834375 0.854686509375 0.6010509390625 0.8469322421875001 0.599429740625 0.844109459375 0.5997471078125 0.8415247046875001 0.5968220796875 0.8332943859374999 0.597456815625 0.8281248734375 0.5958356171875 0.8253020937500001 0.596470353125 0.82013258125 0.5948491546875 0.8173098 0.595483890625 0.8121402874999999 0.5925588609375 0.80390996875 0.5931935968750001 0.798740459375 0.5915723984375 0.7959176765625 0.5922071343749999 0.7907481656249999 0.5905859359375001 0.7879253828125 0.5915380406249999 0.7801711171875 0.58829564375 0.7745255546875 0.5889303796875 0.76935604375 0.58730918125 0.7665332609375 0.5879439171875 0.76136375 0.58632271875 0.75854096875 0.5869574546874999 0.7533714578125 0.58533625625 0.750548675 0.5859709921875 0.7453791640625 0.5830459625 0.7371488453125 0.5836806984375 0.7319793328124999 0.5820595 0.7291565531249999 0.5826942374999999 0.723987040625 0.5810730375000001 0.721164259375 0.581707775 0.7159947484375 0.5800865749999999 0.7131719671875001 0.58040394375 0.7105872109375 0.5774789140625 0.7023568921875001 0.5781136499999999 0.69718738125 0.5764924515625001 0.6943645984375 0.5771271875 0.6891950890625 0.5755059890625 0.68637230625 0.576140725 0.6812027953124999 0.5745195265625 0.6783800140625 0.5751542625 0.673210503125 0.5735330640625 0.6703877203124999 0.5741678015625 0.665218209375 0.5712427718749999 0.656987890625 0.5718775078125 0.651818378125 0.570256309375 0.6489955984375 0.5708910453125 0.6438260859375 0.5692698468749999 0.6410033046875 0.5699045828125 0.6358337921875 0.566979553125 0.6276034734375 0.567614290625 0.6224339640625 0.5659930906249999 0.61961118125 0.566627828125 0.6144416703125 0.5637027984375 0.6062113515625 0.564337534375 0.601041840625 0.5627163359375 0.5982190593750001 0.5617298734375 0.590226765625 0.5589807078125 0.58857735 0.5508747140625 0.574463440625 0.5474908125 0.577983534375 0.54717344375 0.580568290625 0.5539756062500001 0.5892746609375 0.553023503125 0.5970289281250001 0.5546447015625 0.5998517109375 0.5540099640625 0.605021221875 0.5556311640625 0.6078440031250001 0.5549964265625 0.6130135140624999 0.5566176265625 0.615836296875 0.5559828890625 0.62100580625 0.5576040890625 0.6238285890624999 0.5569693515624999 0.6289981 0.55859055 0.63182088125 0.5579558140625 0.6369903921875 0.5608808437499999 0.6452207109375 0.5602461078125 0.6503902218750001 0.56186730625 0.6532130046875 0.5612325703125001 0.6583825156249999 0.5641575999999999 0.666612834375 0.5635228624999999 0.6717823468749999 0.5651440625 0.6746051265624999 0.5645093250000001 0.6797746390625 0.5674343546875 0.6880049578125 0.56679961875 0.69317446875 0.5684208171875 0.6959972515625 0.56778608125 0.7011667625 0.5694072796875 0.70398954375 0.56877254375 0.7091590546875 0.5703937421874999 0.7119818375 0.56975900625 0.7171513468749999 0.5713802046875001 0.7199741296875 0.57074546875 0.725143640625 0.5723666671875 0.7279664218749999 0.57173193125 0.7331359328125 0.5733531296875001 0.735958715625 0.57271839375 0.7411282265625 0.5743395921875 0.7439510078125 0.5740222234375 0.7465357625 0.576947253125 0.75476608125 0.5759951484375 0.7625203484374999 0.578920178125 0.7707506671875 0.5782854421875 0.7759201796874999 0.579906640625 0.7787429609375 0.5792719046875 0.783912471875 0.580893103125 0.786735253125 0.5802583671875 0.791904765625 0.5831833953125 0.800135084375 0.582548659375 0.8053045953125 0.5841698578125001 0.8081273765624999 0.583535121875 0.8132968875 0.5851563203125 0.8161196703125 0.584521584375 0.82128918125 0.5861427828125 0.8241119625 0.585825415625 0.8266967171875 0.58875044375 0.8349270359375 0.587798340625 0.8426813031249999 0.59072336875 0.850911621875 0.5900886328125 0.856081134375 0.59170983125 0.8589039156249999 0.5910750953125 0.864073428125 0.59269629375 0.8668962078125 0.5920615578125 0.8720657203125001 0.59368275625 0.8748885015625 0.5930480203124999 0.8800580124999999 0.59597305 0.8882883328125001 0.5953383140625 0.8934578421875001 0.5969595125 0.8962806249999999 0.5963247765624999 0.9014501359375 0.597945975 0.9042729171874999 0.59762860625 0.906857671875 0.6005536359375 0.9150879906249999 0.5999189 0.920257503125 0.6015400984375 0.923080284375 0.6009053625 0.9282497968750001 0.6025265609375 0.9310725765625 0.6018918249999999 0.9362420890625 0.605134221875 0.9418876515625 0.6041821171875 0.94964191875 0.607107146875 0.9578722375 0.6061550421875 0.9656265046874999 0.609080071875 0.9738568234375 0.6084453359374999 0.9790263343750001 0.610066534375 0.9818491171874999 0.611052996875 0.9898414093750001 0.6118635953125 0.9912528 0.6196178625 0.992204903125 0.6207458296875 0.9910315390625 0.6210631984375 0.9884467828125001 0.6194419984375 0.985624003125 0.6200767359375 0.9804544906249999 0.6184555375 0.977631709375 0.6190902734375 0.9724621984375 0.61616524375 0.9642318781249999 0.6167999796875 0.9590623687500001 0.61517878125 0.9562395859375
0 0.622898690625 0.9414451312500001 0.6235334265625 0.9362756203125 0.620608396875 0.9280453015625 0.6212431328125 0.9228757906249999 0.619621934375 0.9200530078125 0.6202566703125 0.914883496875 0.618635471875 0.9120607156249999 0.6192702078125001 0.9068912046875001 0.6163451796875 0.8986608859375 0.616979915625 0.8934913734375 0.6153587171875 0.8906685921875 0.615993453125 0.8854990796875001 0.6130684234375 0.8772687609375 0.613703159375 0.8720992515624999 0.6120819609375 0.8692764687500001 0.612716696875 0.8641069578125 0.60979166875 0.8558766390624999 0.6104264046875 0.8507071281249999 0.60880520625 0.847884346875 0.6094399421875 0.8427148359375 0.60781874375 0.839892053125 0.6084534796875001 0.8347225421875001 0.60683228125 0.8318997609375 0.6074670171875 0.82673025 0.6045419875 0.8184999312500001 0.6051767234375001 0.81333041875 0.603555525 0.8105076375 0.6041902609375 0.8053381249999999 0.6012652328125 0.79710780625 0.60189996875 0.7919382953125 0.6002787703125 0.7891155140625 0.6009135062500001 0.783946003125 0.5992923078125 0.7811232203125 0.5999270437499999 0.7759537109375 0.5983058453125001 0.773130928125 0.59894058125 0.7679614171875 0.5973193828125 0.7651386359375 0.5979541187499999 0.759969125 0.5963329203125001 0.7571463421875 0.59696765625 0.75197683125 0.5940426265625 0.7437465125 0.5946773624999999 0.7385770015625 0.5930561640625001 0.7357542203125 0.5936909 0.730584709375 0.590765871875 0.722354390625 0.5914006078125 0.717184878125 0.589779409375 0.714362096875 0.5904141453125 0.709192584375 0.5887929468750001 0.7063698046875 0.5894276828125 0.7012002921875 0.5865026531249999 0.6929699734375 0.5871373890625 0.6878004625 0.585516190625 0.68497768125 0.586150928125 0.6798081703125 0.5832258984375 0.6715778515624999 0.583860634375 0.666408340625 0.5822394359375 0.6635855578125 0.582874171875 0.658416046875 0.5812529734375 0.6555932656250001 0.581887709375 0.6504237546875 0.5789626796875 0.6421934359375 0.579914784375 0.63443916875 0.5769897546875 0.62620885 0.5776244921875 0.6210393375 0.5760032921875 0.6182165562499999 0.5766380296875 0.6130470453125 0.5737129999999999 0.6048167249999999 0.5743477359375 0.599647215625 0.5702947390625 0.5925902609375 0.56641760625 0.5921142078125 0.5630337046875 0.595634303125 0.564654903125 0.598457084375 0.5637027984375 0.6062113515625 0.566627828125 0.6144416703125 0.5659930906249999 0.61961118125 0.567614290625 0.6224339640625 0.566979553125 0.6276034734375 0.5699045828125 0.6358337921875 0.5692698468749999 0.6410033046875 0.5708910453125 0.6438260859375 0.570256309375 0.6489955984375 0.5731813390625 0.6572259171875 0.5725466015625 0.662395428125 0.5741678015625 0.665218209375 0.5735330640625 0.6703877203124999 0.5751542625 0.673210503125 0.5745195265625 0.6783800140625 0.576140725 0.6812027953124999 0.5755059890625 0.68637230625 0.5771271875 0.6891950890625 0.5764924515625001 0.6943645984375 0.5781136499999999 0.69718738125 0.5774789140625 0.7023568921875001 0.5791001125 0.7051796734375 0.5787827453125 0.707764428125 0.581707775 0.7159947484375 0.5810730375000001 0.721164259375 0.5826942374999999 0.723987040625 0.5820595 0.7291565531249999 0.5836806984375 0.7319793328124999 0.5830459625 0.7371488453125 0.5846671609375 0.7399716265625 0.584032425 0.7451411390625 0.5869574546874999 0.7533714578125 0.58632271875 0.75854096875 0.5879439171875 0.76136375 0.58730918125 0.7665332609375 0.5902342093749999 0.7747635796875 0.5895994734375 0.7799330906249999 0.591220671875 0.7827558734375 0.5905859359375001 0.7879253828125 0.5935109656249999 0.796155703125 0.5928762296875 0.8013252140624999 0.5944974281250001 0.8041479953125 0.5938626921875 0.8093175078125 0.5967877203125 0.8175478265624999 0.596152984375 0.8227173375 0.5977741828124999 0.82554011875 0.597139446875 0.8307096296875001 0.5987606453125001 0.8335324125 0.598125909375 0.8387019234374999 0.6010509390625 0.8469322421875001 0.600098834375 0.854686509375 0.6017200328125 0.8575092906249999 0.601402665625 0.8600940453125 0.60432769375 0.8683243640624999 0.6036929578125 0.8734938765625 0.60531415625 0.8763166578125 0.6046794203125 0.8814861687500001 0.60630061875 0.88430895 0.6056658828125 0.8894784625 0.6085909125 0.8977087812500001 0.6079561765625 0.9028782921875 0.609577375 0.9057010734375 0.6089426390625 0.910870584375 0.6105638375 0.9136933671874999 0.6099291015625 0.9188628781249999 0.6115503 0.921685659375 0.6109155640624999 0.9268551703125001 0.6125367625 0.9296779531249999 0.6119020265625 0.9348474640625 0.6148270546875 0.9430777828125001 0.61419231875 0.94824729375 0.6158135171875 0.951070075 0.61517878125 0.9562395859375 0.6181038109375 0.9644699046874999 0.617469075 0.9696394171874999 0.6190902734375 0.9724621984375 0.6187729046875 0.9750469531249999 0.621204703125 0.9792811265625 0.627020403125 0.9799952046874999 0.6281483703124999 0.978821840625 0.62878310625 0.9736523281249999 0.625858078125 0.965422009375 0.6264928140625 0.9602524984375 0.624871615625 0.9574297156249999 0.6255063515625 0.9522602062500001 0.623885153125 0.9494374234375 0.6245198890625 0.9442679125 0.622898690625 0.9414451312500001
0 0.5922333484375 0.9507985187499999 0.59061215 0.9479757359375001 0.5912468859375 0.9428062265625 0.5883218578125 0.9345759062500001 0.58895659375 0.9294063953125 0.5873353953125 0.9265836140625 0.58797013125 0.9214141015624999 0.5863489328125 0.918591321875 0.5866663 0.9160065656249999 0.5837412718749999 0.9077762453125 0.584693375 0.9000219796875 0.581768346875 0.8917916609375001 0.5824030828125 0.88662215 0.580781884375 0.8837993671875 0.5814166203125 0.8786298562500001 0.579795421875 0.875807075 0.5804301578125 0.8706375640624999 0.577505128125 0.8624072453125 0.5781398640625001 0.8572377328125 0.576518665625 0.8544149515624999 0.5771534015625 0.8492454390624999 0.5755322031250001 0.846422659375 0.5764843078124999 0.8386683921874999 0.5732419109375 0.833022828125 0.5735592781250001 0.8304380734375 0.5719380796875 0.8276152906249999 0.5728901843750001 0.819861025 0.5712689859375 0.8170382421875001 0.5719037218749999 0.81186873125 0.5702825234375 0.80904595 0.570917259375 0.8038764390625 0.5692960609375 0.80105365625 0.569613428125 0.7984689015625 0.5666884 0.7902385828125 0.5673231359375001 0.7850690703125001 0.5657019375 0.7822462906250001 0.5663366734374999 0.777076778125 0.5647154750000001 0.774253996875 0.5653502109375 0.769084484375 0.56242518125 0.760854165625 0.5630599187499999 0.7556846546875 0.5614387187500001 0.7528618734375 0.56207345625 0.7476923625 0.56045225625 0.7448695796875 0.56108699375 0.7397000703125001 0.5581619640625 0.73146975 0.5587967 0.726300240625 0.5571755015625001 0.7234774578125001 0.5578102375 0.718307946875 0.5561890390625 0.715485165625 0.5565064078125 0.712900409375 0.5548852078125 0.710077628125 0.5555199453124999 0.704908115625 0.5525949156250001 0.696677796875 0.5535470203124999 0.6889235296875 0.5506219906250001 0.6806932109375 0.5512567265625 0.6755237000000001 0.5496355281249999 0.67270091875 0.5502702640625 0.6675314078125 0.548649065625 0.664708625 0.5492838015625 0.659539115625 0.547662603125 0.6567163328125 0.547979971875 0.654131578125 0.546358771875 0.6513087953125 0.546993509375 0.6461392859374999 0.5440684796874999 0.637908965625 0.544703215625 0.6327394546875 0.5430820171875 0.6299166734375 0.544034121875 0.62216240625 0.5383599265625 0.6122826703124999 0.536914590625 0.616040790625 0.5335306890625 0.619560884375 0.5315921218749999 0.6193228578125 0.5293361875 0.6216695890625 0.5235204875 0.6209555109375 0.520136584375 0.6244756046875 0.5198192171875 0.6270603609375 0.5230616140625 0.6327059234375 0.5227442453125 0.6352906796875 0.5243654453125 0.6381134609375 0.5237307078125 0.6432829718749999 0.5266557374999999 0.6515132921875 0.5260210015625 0.6566828015625 0.5276422000000001 0.659505584375 0.5270074640625 0.6646750953125 0.52993249375 0.6729054140625 0.52929775625 0.678074925 0.5309189546875 0.68089770625 0.53028421875 0.6860672171875 0.5332092484375 0.6942975359375 0.5325745125 0.6994670484375 0.5341957109375 0.7022898296875 0.533560975 0.7074593421875 0.5351821734375 0.710282121875 0.5345474375 0.715451634375 0.5361686359375 0.718274415625 0.5355339 0.723443928125 0.5384589281250001 0.731674246875 0.537506825 0.7394285125 0.5391280234375 0.74225129375 0.5388106546875 0.74483605 0.5417356843750001 0.75306636875 0.5407835796875 0.7608206359375 0.543708609375 0.7690509546875 0.5427565046875 0.776805221875 0.544377703125 0.779628003125 0.5440603359375 0.7822127578125 0.5469853640625 0.7904430765625 0.546350628125 0.7956125890625 0.5479718265625 0.7984353703125 0.5473370906249999 0.8036048828125001 0.5489582890625 0.8064276625 0.548323553125 0.811597175 0.5499447515625 0.8144199562500001 0.5489926484375001 0.822174221875 0.5506138468749999 0.8249970046874999 0.5499791109375 0.830166515625 0.551600309375 0.832989296875 0.5509655734375001 0.8381588078125001 0.5525867718749999 0.840981590625 0.5516346671875 0.8487358578125 0.553255865625 0.8515586390625 0.5526211296875 0.85672815 0.555546159375 0.86495846875 0.554911421875 0.8701279796874999 0.556532621875 0.8729507625 0.555897884375 0.8781202718750001 0.5588229140625 0.8863505921874999 0.558188178125 0.891520103125 0.5598093765625001 0.8943428843750001 0.5594920078125 0.896927640625 0.5624170375 0.9051579593750001 0.5614649328125 0.9129122265625 0.5630861312500001 0.9157350078125001 0.5624513953125 0.9209045187499999 0.565376425 0.9291348375 0.5647416890625 0.9343043484375 0.5663628875 0.9371271312499999 0.5657281515625 0.9422966421875 0.56734935 0.9451194234375 0.5667146140625 0.9502889343750001 0.56963964375 0.958519253125 0.56900490625 0.9636887656249999 0.5706261046875001 0.9665115468750001 0.5703087375 0.969096303125 0.5727405359375 0.973330475 0.57580706875 0.9723951359375 0.5769350375 0.9712217703125001 0.5827507375 0.9719358484375 0.585006671875 0.9695891203125001 0.5911397390625 0.9677184421874999 0.5922677078125 0.966545078125 0.5935371796875 0.9562060546875 0.59191598125 0.9533832734375001 0.5922333484375 0.9507985187499999
0 0.56999136875 0.9716810578124999 0.5683701703125 0.9688582765625 0.569322275 0.9611040093750001 0.5677010765625 0.9582812265625 0.5683358125 0.9531117171875 0.5654107828125 0.9448813984375001 0.56604551875 0.9397118875 0.5644243203125 0.9368891046875 0.56505905625 0.9317195937499999 0.5634378578125 0.9288968125 0.56407259375 0.9237273015625 0.561147565625 0.9154969828124999 0.5617823015625001 0.9103274703125 0.560161103125 0.9075046890625 0.5607958390625 0.9023351765625 0.559174640625 0.8995123968750001 0.5598093765625001 0.8943428843750001 0.556884346875 0.886112565625 0.5575190828125 0.8809430546874999 0.555897884375 0.8781202718750001 0.556532621875 0.8729507625 0.554911421875 0.8701279796874999 0.555546159375 0.86495846875 0.553924959375 0.8621356875 0.554559696875 0.8569661765625 0.5516346671875 0.8487358578125 0.5522694031250001 0.8435663468750001 0.5506482046875 0.8407435640625 0.551600309375 0.832989296875 0.5499791109375 0.830166515625 0.5506138468749999 0.8249970046874999 0.5476888171875001 0.8167666859375 0.548640921875 0.8090124187500001 0.5470197234375 0.8061896359375 0.547654459375 0.8010201265625 0.5460332609375 0.79819734375 0.546667996875 0.7930278328125 0.5437429671875 0.7847975140625 0.544377703125 0.779628003125 0.54113530625 0.7739824390625001 0.5420874109375 0.766228171875 0.5391623812499999 0.757997853125 0.5401144859375 0.7502435859375 0.5384932874999999 0.74742080625 0.5388106546875 0.74483605 0.5371894562499999 0.7420132671874999 0.5378241921875 0.73684375625 0.5348991640625 0.7286134375 0.5358512671875 0.720859171875 0.53423006875 0.7180363890625 0.5348648046875 0.712866878125 0.53324360625 0.710044096875 0.5338783421875 0.7048745859375 0.53225714375 0.702051803125 0.5328918796875 0.6968822921875 0.5299668515625 0.6886519734375 0.5306015875 0.6834824625 0.5289803890625 0.68065968125 0.5296151250000001 0.6754901703125 0.5279939265625 0.6726673875 0.5286286625 0.6674978765625 0.5270074640625 0.6646750953125 0.5276422000000001 0.659505584375 0.5260210015625 0.6566828015625 0.5263383687500001 0.6540980453125 0.523413340625 0.6458677265625 0.5240480765625 0.6406982171875 0.5208056796875 0.635052653125 0.521123046875 0.6324678968749999 0.5162594515625 0.623999553125 0.5165768203125001 0.621414796875 0.513334421875 0.615769234375 0.513651790625 0.613184478125 0.5120305921875 0.610361696875 0.512347959375 0.607776940625 0.5107267609374999 0.6049541578125 0.5110441296875 0.6023694046875 0.50942293125 0.599546621875 0.5089297 0.595550475 0.5069911328125001 0.59531245 0.5037487359374999 0.5896668859374999 0.50181016875 0.5894288609375 0.4953597328125 0.5938842921874999 0.4895440328125 0.5931702140625 0.48728809687499997 0.5955169453125 0.4775952640625 0.5943268140625 0.4742113625 0.5978469093750001 0.4732592578125 0.605601175 0.47488045625 0.60842395625 0.4739283515625 0.6161782234375 0.47554955000000004 0.6190010046875 0.4752321828125 0.6215857609375 0.47685338125000004 0.6244085421875 0.4762186453125 0.6295780546875 0.47783984375 0.632400834375 0.4768877390625 0.6401551015625 0.4785089375 0.642977884375 0.4769220984375 0.6559016609375 0.478543296875 0.6587244437499999 0.47790856093749995 0.6638939546875 0.479529759375 0.6667167359375 0.478895021875 0.671886246875 0.48182005156249996 0.680116565625 0.481185315625 0.6852860781250001 0.4828065140625 0.688108859375 0.482171778125 0.693278371875 0.4850968078125 0.701508690625 0.4844620703125 0.7066782 0.48608327031250004 0.7095009828125 0.48544853281250006 0.71467049375 0.48837356249999997 0.7229008125 0.4877388265625 0.7280703234375 0.48936002500000003 0.7308931046875 0.48872528906249996 0.7360626156250001 0.4903464875 0.7388853984375 0.49002911875 0.7414701546875 0.4929541484375 0.7497004734375 0.49200204375 0.757454740625 0.49492707343750003 0.765685059375 0.4942923375 0.7708545703125 0.4959135359375 0.7736773515625 0.4952788 0.7788468625 0.49820382968750004 0.78707718125 0.49756909218749995 0.7922466921875 0.4991902921875 0.795069475 0.4985555546875 0.8002389859375001 0.501480584375 0.8084693046875 0.5008458484375 0.813638815625 0.502467046875 0.8164615968750001 0.5018323109375 0.8216311093750001 0.5047573390625 0.829861428125 0.504122603125 0.8350309390625 0.5057438015625 0.8378537203124999 0.505109065625 0.8430232312499999 0.5067302640625 0.8458460140625 0.506412896875 0.8484307687499999 0.5093379265625 0.8566610875 0.5083858218749999 0.8644153546875 0.5113108515625 0.8726456734375001 0.5106761140625 0.8778151859375001 0.5122973140625 0.880637965625 0.5116625765625 0.885807478125 0.513283775 0.8886302593750001 0.5129664078125 0.891215015625 0.51458760625 0.894037796875 0.5142702375 0.8966225515625 0.5158914375 0.899445334375 0.51557406875 0.9020300906250001 0.5184990984375 0.910260409375 0.5178643609375 0.9154299203124999 0.5194855609375 0.9182527015625 0.5188508234375 0.9234222125 0.5204720234375 0.9262449953124999 0.51951991875 0.9339992609375001 0.5211411171875 0.9368220421875 0.5208237484375 0.9394067984375001 0.523748778125 0.9476371171875 0.5231140421875 0.952806628125 0.524735240625 0.955629409375 0.524417871875 0.9582141656250001 0.526039071875 0.961036946875 0.525721703125 0.9636217031250001 0.5286467328125 0.971852021875 0.528011996875 0.9770215328124999 0.5296331953125 0.9798443140625 0.5293158265625 0.9824290703124999 0.5301264265625 0.9838404609375001 0.5475735265624999 0.9859826953124999 0.54870149375 0.9848093312499999 0.5517680281249999 0.9838739921874999 0.5540239625 0.9815272625 0.5559625296874999 0.9817652890625 0.5582184640625 0.9794185593750001 0.5601570312499999 0.9796565859375 0.562412965625 0.9773098546875 0.5643515328125 0.9775478812499999 0.56999136875 0.9716810578124999
0 0.5221275796875 0.9448143343750001 0.5205063812499999 0.9419915546875 0.5211411171875 0.9368220421875 0.51951991875 0.9339992609375001 0.5201546546875 0.92882975 0.5185334562499999 0.92600696875 0.5191681921875 0.9208374562499999 0.51754699375 0.918014675 0.5181817296875 0.9128451640625 0.51656053125 0.9100223828124999 0.5168779 0.9074376265625 0.5152567 0.9046148453124999 0.51557406875 0.9020300906250001 0.5126490390625 0.8937997718749999 0.513283775 0.8886302593750001 0.5103587468749999 0.880399940625 0.5109934828125 0.8752304296875 0.509372284375 0.872407646875 0.5100070203125 0.8672381359375001 0.5083858218749999 0.8644153546875 0.5090205578125 0.8592458437499999 0.507399359375 0.8564230609375001 0.5077167265625 0.8538383062499999 0.506095528125 0.851015525 0.5067302640625 0.8458460140625 0.5038052359375 0.8376156953124999 0.5047573390625 0.829861428125 0.503136140625 0.8270386453125 0.503453509375 0.8244538890625 0.5005284796875 0.8162235703125 0.501163215625 0.8110540609375001 0.49954201718749996 0.808231278125 0.500176753125 0.8030617671875 0.49725172500000003 0.7948314484375001 0.4978864609375 0.7896619375 0.49626526249999997 0.78683915625 0.49689999843750005 0.7816696453125 0.4952788 0.7788468625 0.4959135359375 0.7736773515625 0.4942923375 0.7708545703125 0.49492707343750003 0.765685059375 0.49200204375 0.757454740625 0.49263678125 0.752285228125 0.49101558125 0.749462446875 0.49133295 0.746877690625 0.4897117515625 0.744054909375 0.4903464875 0.7388853984375 0.48742145781249996 0.7306550796875 0.48805619375 0.72548556875 0.4864349953125 0.7226627859375 0.48706973124999997 0.7174932765625 0.48544853281250006 0.71467049375 0.48608327031250004 0.7095009828125 0.4844620703125 0.7066782 0.48477943906250004 0.7040934453125 0.483158240625 0.7012706640624999 0.4837929765625 0.6961011515625 0.480867946875 0.6878708328124999 0.481502684375 0.682701321875 0.479881484375 0.6798785406250001 0.480516221875 0.6747090296875 0.4775911921875 0.6664787109375 0.478225928125 0.6613092 0.47660472968749995 0.6584864171875 0.477239465625 0.6533169062499999 0.4743144359375 0.6450865875 0.475266540625 0.6373323203125 0.4723415109375 0.6291020015625 0.473293615625 0.6213477359375 0.47167241718749997 0.618524953125 0.47230715312499993 0.6133554421875 0.4706859546875 0.6105326609375 0.47019272343749996 0.6065365140625001 0.46437702343750004 0.6058224359375 0.4621210890625 0.608169165625 0.4590545546875 0.609104503125 0.45715034687499995 0.6246130375 0.4587715453125 0.6274358203125 0.4571847046875 0.640359596875 0.458805903125 0.6431823796875 0.45594959062499996 0.6664451796875001 0.4575707890625 0.6692679609375001 0.456936053125 0.6744374734374999 0.45855725156249993 0.6772602531249999 0.4582398828125 0.6798450093749999 0.46116491249999997 0.6880753281249999 0.46053017656249995 0.6932448390625 0.46215137500000003 0.6960676218749999 0.4615166390625 0.70123713125 0.4631378375 0.7040599140625 0.46250310156249996 0.709229425 0.46412430000000005 0.71205220625 0.4634895640625 0.7172217171875 0.4651107625 0.7200445 0.4644760265625 0.7252140109375 0.46740105468750004 0.7334443296875001 0.46676631874999996 0.7386138421874999 0.4683875171875 0.7414366218749999 0.46807014999999996 0.744021378125 0.4696913484375 0.7468441609375 0.4690566125 0.752013671875 0.471981640625 0.760243990625 0.47134690468749996 0.7654135015625 0.47296810312500004 0.7682362828125 0.4723333671875 0.7734057937500001 0.473954565625 0.7762285765625 0.47331982968749997 0.7813980859375 0.47624485937500005 0.7896284062500001 0.47561012343750003 0.7947979171874999 0.477231321875 0.7976206984374999 0.4765965859375 0.8027902109375 0.47821778437500007 0.805612990625 0.477900415625 0.8081977468750001 0.47952161406249993 0.8110205296874999 0.47888687812499997 0.816190040625 0.4818119078125 0.8244203593749999 0.48117717187500003 0.8295898703125 0.48279837031249995 0.8324126515625 0.482163634375 0.8375821625000001 0.4837848328125 0.8404049453125 0.48315009687500005 0.8455744562499999 0.48477129531249996 0.8483972375000001 0.4844539265625 0.8509819937499999 0.486075125 0.8538047750000001 0.4854403890625 0.8589742875 0.48836541875000006 0.86720460625 0.4877306828125 0.8723741171875 0.48935188125 0.8751968984375 0.4887171453125 0.8803664093749999 0.49164217343749994 0.888596728125 0.4910074375 0.8937662390625001 0.4926286359375 0.8965890218749999 0.49199390000000004 0.9017585312499999 0.49361509843749996 0.9045813140625001 0.49329773125000004 0.9071660703125 0.496222759375 0.9153963890625001 0.49558802343749997 0.9205659 0.49720922187500005 0.92338868125 0.49657448593750003 0.9285581921875 0.498195684375 0.931380975 0.4975609484375 0.9365504859374999 0.5004859781250001 0.9447808046875 0.4998512421875 0.949950315625 0.5027762703125 0.9581806343749999 0.502141534375 0.963350146875 0.5037627328125 0.9661729265625001 0.503445365625 0.9687576828125 0.5058771625 0.97299185625 0.5116928625 0.973705934375 0.51282083125 0.9725325687499999 0.5139487984375 0.971359203125 0.51782593125 0.97183525625 0.521209834375 0.9683151609375 0.5215272015625 0.96573040625 0.5237831359375 0.9633836765625 0.524417871875 0.9582141656250001 0.52149284375 0.9499838468749999 0.5221275796875 0.9448143343750001
0 0.4831460234375 0.9177263531250001 0.48476722343749995 0.920549134375 0.4905829234375 0.9212632125000001 0.49139352187499996 0.922674603125 0.49107615468750004 0.9252593578124999 0.49269735312499996 0.928082140625 0.4914278796875 0.9384211640625001 0.4922384796875 0.939832553125 0.49611561249999997 0.94030860625 0.49724358124999996 0.9391352421875 0.49787831718750003 0.9339657296875 0.49625711875 0.9311429484374999 0.49657448593750003 0.9285581921875 0.4933320890625 0.9229126296875 0.4946015609375 0.91257360625 0.4929803625 0.909750825 0.49361509843749996 0.9045813140625001 0.49199390000000004 0.9017585312499999 0.49231126875 0.8991737765625001 0.4906900703125 0.8963509953125 0.49132480625 0.8911814843749999 0.4883997765625 0.882951165625 0.48903451249999996 0.877781653125 0.4874133140625 0.8749588718749999 0.48804805 0.8697893609375 0.4864268515625 0.8669665796875 0.48706158750000006 0.8617970671874999 0.484136559375 0.8535667484375 0.48477129531249996 0.8483972375000001 0.48315009687500005 0.8455744562499999 0.4837848328125 0.8404049453125 0.480859803125 0.8321746265625001 0.48149453906249995 0.827005115625 0.47987334062500003 0.8241823328125 0.48019070937499997 0.8215975765625 0.4785695109375 0.8187747968749999 0.479204246875 0.8136052843750001 0.4762792171875 0.805374965625 0.47691395312499996 0.8002054546874999 0.4752927546875 0.797382671875 0.475927490625 0.7922131625 0.47300246250000005 0.7839828421874999 0.4736371984375 0.7788133328125 0.472016 0.7759905500000001 0.47265073593749996 0.7708210390625 0.47102953750000004 0.7679982578125 0.4716642734375 0.762828746875 0.46873924375 0.754598428125 0.46937397968749994 0.749428915625 0.4664489515625 0.741198596875 0.4670836875 0.7360290859374999 0.4654624890625 0.733206303125 0.46609722500000006 0.7280367921875001 0.4644760265625 0.7252140109375 0.4651107625 0.7200445 0.4621857328125 0.7118141812500001 0.46282046875000005 0.7066446703125 0.46119927031249996 0.7038218875 0.46183400625 0.6986523765625 0.45890897812500003 0.6904220578125 0.4595437140625 0.6852525468749999 0.45792251562499997 0.682429765625 0.45855725156249993 0.6772602531249999 0.455632221875 0.6690299343749999 0.4562669578125 0.6638604234375001 0.45464575937499996 0.6610376421875 0.45559786406249997 0.653283375 0.45397666562500005 0.65046059375 0.4546114015625 0.64529108125 0.452990203125 0.6424683015625 0.45394230625 0.634714034375 0.45232110781249996 0.6318912515624999 0.4539079484375 0.618967475 0.45228675 0.6161446921875 0.45292148593750003 0.6109751812499999 0.4474231546875 0.607676346875 0.44964473125 0.5895830578125001 0.44802353281249996 0.5867602765625 0.4483409 0.5841755203125001 0.4505968359375 0.581828790625 0.44978623593749995 0.5804174 0.440093403125 0.5792272703125 0.438472203125 0.5764044875 0.4260645625 0.5893115015625 0.42574719375000003 0.5918962578125 0.42736839375 0.5947190375 0.425464184375 0.610227571875 0.4270853828125 0.613050353125 0.426768015625 0.615635109375 0.4245120796875 0.6179818390625 0.42387734374999997 0.62315135 0.41936547500000004 0.627844809375 0.42098667343749996 0.630667590625 0.4203519375 0.6358371015625 0.4219731359375 0.638659884375 0.42133839999999995 0.6438293953125 0.4229595984375 0.6466521765625 0.4223248625 0.6518216875 0.42524989062499996 0.66005200625 0.4246151546875 0.6652215171875 0.426236353125 0.6680443 0.4256016171875 0.6732138109375 0.427222815625 0.6760365921875 0.4265880796875 0.681206103125 0.42820927812500004 0.6840288859375 0.4275745421875 0.6891983953125 0.430499571875 0.697428715625 0.4298648359375 0.7025982265625 0.43148603437500005 0.7054210078125001 0.431168665625 0.7080057640625 0.43278986406250003 0.710828546875 0.43215512812499995 0.71599805625 0.4350801578125 0.724228375 0.434445421875 0.7293978859375 0.4360666203125 0.7322206687499999 0.43543188437499997 0.7373901796875 0.4370530828125 0.7402129609375 0.43641834687500003 0.745382471875 0.4380395453125 0.7482052546875 0.4377221765625 0.7507900109375 0.439343375 0.753612790625 0.4387086390625 0.7587823031250001 0.44163366875000004 0.767012621875 0.4409989328125 0.7721821328125 0.44262013125 0.7750049156250001 0.44198539531250003 0.7801744265624999 0.44360659374999994 0.7829972078125 0.4429718578125 0.78816671875 0.44459305625 0.7909895015624999 0.44427568749999996 0.7935742546875 0.4458968859375 0.7963970375 0.44526215 0.8015665484375001 0.4481871796875 0.8097968671875 0.44723507500000004 0.8175511343749999 0.4488562734375 0.8203739156250001 0.4485389046875 0.8229586718749999 0.451463934375 0.8311889906250001 0.4508291984375 0.8363585015625 0.45245039687500005 0.839181284375 0.4518156609375 0.8443507953125 0.454740690625 0.8525811140625 0.45410595468750004 0.8577506250000001 0.45572715312499995 0.86057340625 0.455409784375 0.8631581625000001 0.4570309828125 0.86598094375 0.45639624687499997 0.87115045625 0.4593212765625 0.8793807749999999 0.458686540625 0.8845502859375 0.4603077390625 0.8873730671875 0.459673003125 0.892542578125 0.4612942015625 0.8953653609375 0.4609768328125 0.897950115625 0.46390186250000004 0.906180434375 0.4632671265625 0.9113499453125 0.46619215468749997 0.9195802656250001 0.4652400515625 0.92733453125 0.46686125 0.9301573125000001 0.46654388124999996 0.93274206875 0.4681650796875 0.9355648499999999 0.46784771249999996 0.9381496046875 0.4694689109375 0.9409723874999999 0.4704553734375 0.9489646796875 0.471265971875 0.9503760703124999 0.47239393906249993 0.94920270625 0.474649875 0.9468559765625001 0.4749672421875 0.944271221875 0.47334604375 0.9414484390625001 0.47817528125 0.9341702250000001 0.47881001718749994 0.9290007140625001 0.47718881875 0.9261779328124999 0.47750618749999996 0.9235931765625001 0.4831460234375 0.9177263531250001
0 0.4459231 0.9564473906250001 0.44719257187499994 0.9461083671875 0.44557137343750003 0.9432855859375 0.4471582140625 0.9303618078125 0.44941414999999996 0.9280150781250001 0.44779295 0.9251922968749999 0.44906242343749997 0.9148532749999999 0.45212895625 0.9139179359374999 0.45375015625000004 0.9167407171875 0.455688721875 0.9169787421875 0.45893111875 0.9226243078125 0.46199765312499996 0.9216889671875 0.46294975781250003 0.9139347000000001 0.46132855937499995 0.9111119203125 0.4619632953125 0.9059424078125 0.460342096875 0.9031196265625001 0.4609768328125 0.897950115625 0.45935563437500004 0.8951273343749999 0.4599903703125 0.8899578218749999 0.458369171875 0.887135040625 0.458686540625 0.8845502859375 0.4557615109375 0.876319965625 0.45639624687499997 0.87115045625 0.45477504843750005 0.8683276734375 0.455409784375 0.8631581625000001 0.4524847546875 0.85492784375 0.4531194921875 0.84975833125 0.45149829218750004 0.8469355515625001 0.4521330296875 0.8417660390625 0.44920799999999994 0.8335357203125 0.4498427359375 0.8283662093749999 0.4482215375 0.8255434265625 0.4485389046875 0.8229586718749999 0.44691770625 0.820135890625 0.44755244375 0.8149663796875 0.44462741406250006 0.8067360609374999 0.44526215 0.8015665484375001 0.4436409515625 0.7987437671875 0.44427568749999996 0.7935742546875 0.44135065781250005 0.7853439359375 0.44198539531250003 0.7801744265624999 0.4403641953125 0.77735164375 0.4409989328125 0.7721821328125 0.439377734375 0.76935935 0.4400124703125 0.7641898406250001 0.43839127187500004 0.7613670578125 0.4390260078125 0.756197546875 0.436100978125 0.747967228125 0.4367357140625 0.7427977171875 0.43511451562500003 0.7399749359375 0.4357492515625 0.734805425 0.43282422187499997 0.72657510625 0.43345895937499995 0.72140559375 0.431837759375 0.7185828125 0.432472496875 0.7134133 0.43085129687499996 0.7105905203125 0.431168665625 0.7080057640625 0.4295474671875 0.70518298125 0.43018220312500005 0.7000134703125 0.4272571734375 0.6917831515625 0.4278919109375 0.6866136421875 0.42627071250000004 0.683790859375 0.4269054484375 0.6786213484375 0.42528425 0.675798565625 0.4259189859375 0.67062905625 0.4242977875 0.6678062734375 0.4249325234375 0.6626367625 0.42331132499999996 0.65981398125 0.4236286921875 0.657229225 0.4207036640625 0.64899890625 0.4216557671875 0.6412446390625 0.42003456874999995 0.6384218578125 0.4203519375 0.6358371015625 0.41873073906249997 0.6330143203125 0.41904810625 0.630429565625 0.41742690781249997 0.6276067828125 0.4169336765625 0.6236106359375 0.40724084375 0.62242050625 0.40498490781249996 0.6247672359374999 0.401107775 0.624291184375 0.3996624390625 0.6280493046875 0.405160771875 0.6313481375000001 0.40420866718750004 0.6391024046875 0.405829865625 0.6419251859374999 0.4051951296875 0.647094696875 0.4029391953125 0.6494414265625 0.3994481453125 0.6778737375 0.40106934531249994 0.6806965203125 0.40043460781249995 0.68586603125 0.4020558078125 0.6886888140625 0.4014210703125 0.6938583234375 0.40304226875 0.69668110625 0.40240753281249997 0.7018506171875 0.40533256250000005 0.7100809359375 0.40469782656250003 0.7152504484375 0.406319025 0.718073228125 0.4056842890625 0.723242740625 0.40730548750000006 0.7260655218750001 0.40698811875 0.728650278125 0.40860931718750004 0.7314730593750001 0.40829195 0.7340578140625 0.41121697968750004 0.7422881328125001 0.41058224218749995 0.7474576453124999 0.4122034421875 0.7502804265624999 0.4115687046875 0.7554499390625 0.41318990468749994 0.75827271875 0.41255516718749996 0.76344223125 0.4141763671875 0.7662650125 0.4135416296875 0.7714345234375 0.41516282968749996 0.7742573046875 0.4145280921875 0.7794268171875001 0.41614929062500006 0.7822495984375 0.4155145546875 0.787419109375 0.418439584375 0.7956494281250001 0.4178048484375 0.8008189390625 0.41942604687499996 0.8036417218749999 0.4187913109375 0.8088112328125 0.420412509375 0.8116340140625 0.4197777734375 0.8168035250000001 0.421398971875 0.8196263078125 0.4207642359375 0.82479581875 0.42238543437500004 0.8276185999999999 0.4217506984375 0.8327881109374999 0.423371896875 0.83561089375 0.4227371609375 0.8407804046875 0.42566218906250003 0.8490107234375 0.42502745312499995 0.8541802328125 0.4266486515625 0.857003015625 0.426013915625 0.8621725265625001 0.4276351140625 0.864995309375 0.427317746875 0.8675800640625001 0.4289389453125 0.8704028453125 0.42830420937499997 0.8755723578125 0.43122923750000003 0.8838026765624999 0.430277134375 0.89155694375 0.4318983328125 0.8943797234374999 0.4315809640625 0.8969644796875 0.43450599375000004 0.9051947984375 0.4338712578125 0.910364309375 0.43549245625 0.9131870921875 0.43485772031250003 0.9183566031250001 0.43647891874999994 0.921179384375 0.4358441828125 0.9263488953125 0.43746538125 0.9291716781250001 0.43714801249999996 0.931756434375 0.4400730421875 0.9399867531250001 0.43943830625 0.9451562640625 0.4410595046875 0.9479790453125 0.44042476875 0.9531485562500001 0.4420459671875 0.9559713390625 0.4417285984375 0.9585560937500001 0.44334979687500004 0.961378875 0.444336259375 0.9693711687500001 0.445146859375 0.9707825578125 0.4529011265625 0.9717346625 0.45402909375 0.9705612984374999 0.457095628125 0.9696259609375 0.46047952968750006 0.9661058656250001 0.4607968984375 0.963521109375 0.45836509999999997 0.9592869374999999 0.4525494 0.958572859375 0.4502934640625 0.9609195890625 0.4483548984375 0.9606815624999999 0.4459231 0.9564473906250001
0 0.393547440625 0.9342741265625 0.39545165 0.9187655937500001 0.397707584375 0.9164188640625 0.3986596890625 0.908664596875 0.40091562343750003 0.9063178671875001 0.4025024640625 0.8933940890625 0.40475839843749994 0.891047359375 0.4063452390625 0.87812358125 0.404724040625 0.8753008 0.4053587765625 0.8701312890624999 0.403737578125 0.86730850625 0.4046896828125 0.8595542390625001 0.40306848281249996 0.856731459375 0.40370322031250006 0.851561946875 0.4020820203125 0.8487391656250001 0.4027167578125 0.8435696546875 0.40109555781250006 0.8407468734375 0.40173029531250004 0.8355773609374999 0.40010909687499996 0.83275458125 0.4007438328125 0.82758506875 0.399122634375 0.8247622874999999 0.3997573703125 0.8195927749999999 0.396832340625 0.81136245625 0.3974670765625 0.8061929453125 0.395845878125 0.8033701640625001 0.3964806140625 0.798200653125 0.3935555859375 0.789970334375 0.39419032187499997 0.7848008234375 0.3925691234375 0.781978040625 0.393203859375 0.7768085296875 0.3902788296875 0.7685782109375 0.390913565625 0.7634087 0.38929236718750004 0.76058591875 0.390244471875 0.7528316515625 0.3886232734375 0.7500088703125 0.39052748125000003 0.7345003359375 0.3889062828125 0.731677553125 0.3901757546875 0.7213385328124999 0.392431690625 0.718991803125 0.3943358984375 0.70348326875 0.3965918328125 0.7011365390625001 0.4026218265625 0.6520261828125 0.401811228125 0.6506147906249999 0.38630269375 0.6487105828125 0.38485735781249997 0.652468703125 0.38260142343750003 0.6548154328125 0.38196668749999996 0.6599849437499999 0.379710753125 0.6623316734375 0.37844127968749997 0.672670696875 0.37618534531250003 0.675017425 0.3749158734375 0.6853564484375 0.370404003125 0.69004990625 0.3700866359375 0.6926346624999999 0.3678307 0.69498139375 0.36338754687499997 0.7311679718749999 0.36500874687499996 0.733990753125 0.36246980156249997 0.754668796875 0.364091 0.7574915796874999 0.3618694234375 0.77558486875 0.363490621875 0.77840765 0.360634309375 0.8016704499999999 0.3622555078125 0.8044932328125001 0.3603513 0.8200017656249999 0.3619724984375 0.822824546875 0.360068290625 0.8383330812500001 0.3616894890625 0.8411558625 0.3594679125 0.8592491531249999 0.36108911093749996 0.8620719328125 0.35886753437499996 0.8801652234375 0.3604887328125 0.8829880046874999 0.3579497875 0.90366605 0.3595709859375 0.9064888312500001 0.357666778125 0.921997365625 0.3592879765625 0.9248201453125 0.35738376875 0.9403286796874999 0.3590049671875 0.9431514609375 0.3571007578125 0.9586599953125001 0.35872195625000003 0.9614827781249999 0.357769853125 0.96923704375 0.36051901875 0.9708864609375001 0.3621402171875 0.9737092421875 0.37377161718749996 0.9751373984375 0.374899584375 0.9739640328125001 0.37796611874999997 0.9730286953125 0.38360595625 0.9671618703125 0.3845580609375 0.9594076046875 0.3868139953125 0.957060875 0.38808346718750003 0.9467218531249999 0.3903394015625 0.9443751218750001 0.39129150625000003 0.93662085625 0.393547440625 0.9342741265625
0 0.44042476875 0.9531485562500001 0.43749973906250006 0.9449182374999999 0.438134475 0.9397487265625 0.4365132765625 0.93692594375 0.43714801249999996 0.931756434375 0.43552681406250005 0.9289336515625 0.43616155 0.9237641406250001 0.43323652187499995 0.915533821875 0.4338712578125 0.910364309375 0.432250059375 0.9075415296875 0.4328847953125 0.9023720171875 0.43126359687500004 0.8995492359374999 0.4315809640625 0.8969644796875 0.42865593593750007 0.8887341609374999 0.42929067187500003 0.88356465 0.4276694734375 0.88074186875 0.42830420937499997 0.8755723578125 0.42668301093750005 0.8727495749999999 0.427317746875 0.8675800640625001 0.4256965484375 0.8647572828125 0.42633128437499995 0.859587771875 0.42471008593750004 0.8567649890625001 0.425344821875 0.8515954796875 0.4237236234375 0.848772696875 0.42435835937500005 0.8436031859374999 0.4227371609375 0.8407804046875 0.423371896875 0.83561089375 0.4217506984375 0.8327881109374999 0.42238543437500004 0.8276185999999999 0.4194604046875 0.81938828125 0.420095140625 0.81421876875 0.4184739421875 0.8113959890625001 0.419108678125 0.8062264765625 0.4174874796875 0.8034036953125 0.41812221562499996 0.7982341828124999 0.4165010171875 0.7954114031249999 0.417135753125 0.790241890625 0.4155145546875 0.787419109375 0.41614929062500006 0.7822495984375 0.4132242625 0.774019278125 0.4141763671875 0.7662650125 0.4112513375 0.75803469375 0.41188607343749994 0.7528651828124999 0.41026487500000003 0.7500424 0.4108996109375 0.7448728890625 0.40927841249999997 0.7420501078124999 0.40991314843750004 0.7368805968750001 0.40829195 0.7340578140625 0.40860931718750004 0.7314730593750001 0.40698811875 0.728650278125 0.40730548750000006 0.7260655218750001 0.4043804578125 0.717835203125 0.40501519375 0.7126656921875 0.40339399531250003 0.709842909375 0.40240753281249997 0.7018506171875 0.3999757359375 0.69761644375 0.3965918328125 0.7011365390625001 0.3956397296875 0.70889080625 0.39338379375 0.7112375359375 0.388940640625 0.7474241140625 0.39186567031249997 0.7556544328125 0.391230934375 0.7608239453125 0.3928521328125 0.763646725 0.392217396875 0.7688162375 0.3938385953125 0.77163901875 0.393203859375 0.7768085296875 0.3948250578125 0.7796313109375 0.39419032187499997 0.7848008234375 0.3958115203125 0.7876236046875 0.395176784375 0.792793115625 0.3967979828125 0.795615896875 0.396163246875 0.800785409375 0.3977844453125 0.8036081890625001 0.397149709375 0.8087777015625001 0.40007473750000005 0.8170080203125 0.39944000156250004 0.82217753125 0.4010612 0.8250003140625 0.40042646406250004 0.8301698249999999 0.40204766249999996 0.83299260625 0.4014129265625 0.8381621171875 0.40433795625 0.8463924359374999 0.4033858515625 0.8541467031250001 0.40500705000000004 0.8569694859375 0.4046896828125 0.8595542390625001 0.40631088125000003 0.862377021875 0.40567614531249996 0.8675465328125 0.4086011734375 0.8757768515625 0.4076490703125 0.88353111875 0.40927026875 0.8863538999999999 0.40895289999999995 0.88893865625 0.41057409843750003 0.8917614374999999 0.4099393625 0.89693095 0.4128643921875 0.90516126875 0.41191228750000003 0.9129155359375 0.4148373171875 0.9211458546875001 0.4138852125 0.9289001203125 0.4168102421875 0.937130440625 0.41617550468750003 0.94229995 0.41779670468749996 0.9451227328125 0.4171619671875 0.9502922437500001 0.418783165625 0.953115025 0.41814842968750005 0.9582845359375 0.42107345937499996 0.9665148546875001 0.4204387234375 0.9716843656249999 0.42449172031250004 0.9787413203125 0.42561968749999995 0.97756795625 0.4267476546875 0.9763945906249999 0.43450192187500003 0.9773466953125001 0.43675785625 0.9749999656250001 0.43869642343750004 0.9752379921875001 0.439824390625 0.9740646265624999 0.44141123125000004 0.9611408484374999 0.4397900328125 0.9583180671875 0.44042476875 0.9531485562500001
0 0.360737384375 0.8489101296875001 0.3591161859375 0.846087346875 0.36102039375 0.8305788140624999 0.35939919531250003 0.8277560328125 0.361620771875 0.80966274375 0.3599995734375 0.8068399609375 0.36253851875 0.7861619171875 0.36091731875 0.783339134375 0.362821528125 0.7678306015625 0.36120032968750004 0.7650078203125 0.3637392734375 0.744329775 0.36211807500000004 0.7415069937500001 0.3662438609375 0.7079051703125 0.3646226625 0.7050823890625 0.3649400296875 0.702497634375 0.3671959640625 0.7001509031250001 0.3684654375 0.68981188125 0.370721371875 0.687465153125 0.3713561078125 0.682295640625 0.3736120421875 0.6799489109375 0.374564146875 0.6721946453125 0.37682008125 0.6698479140625 0.3780895546875 0.6595088921875 0.3803454890625 0.6571621640624999 0.380980225 0.6519926515625001 0.383236159375 0.649645921875 0.38514036875 0.6341373890625001 0.3827085703125 0.6299032171875 0.3672000359375 0.6279990078125001 0.36381613437500004 0.631519103125 0.36349876718749996 0.63410385625 0.36124283125 0.6364505874999999 0.36060809531250004 0.6416200984375 0.3583521609375 0.6439668281250001 0.35771742500000003 0.6491363390625 0.3528881875 0.6564145531250001 0.35225344999999997 0.6615840656249999 0.3474242125 0.6688622796875 0.34678947656250003 0.674031790625 0.3445335421875 0.6763785203125 0.34164287187500003 0.6838947609375 0.3432640703125 0.6867175421875 0.34072512499999996 0.7073955875 0.34234632343750004 0.71021836875 0.3394900109375 0.73348116875 0.341111209375 0.7363039515625001 0.338572265625 0.7569819953125 0.3401934640625 0.759804778125 0.3370197828125 0.785652334375 0.33864098125000003 0.7884751156250001 0.33578466875 0.811737915625 0.3374058671875 0.814560696875 0.3348669234375 0.8352387421874999 0.336488121875 0.8380615234375 0.3339491765625 0.8587395687500001 0.335570375 0.86156235 0.3320793265625 0.8899946609375 0.33370052499999997 0.8928174437499999 0.3314789484375 0.9109107328125001 0.333100146875 0.9137335140625 0.3305612015625 0.9344115593750001 0.3321824015625 0.937234340625 0.3315476640625 0.942403853125 0.3323582640625 0.9438152437499999 0.336235396875 0.9442912953124999 0.33785659687499997 0.947114078125 0.3475494296875 0.9483042078125001 0.348677396875 0.9471308421875 0.354810465625 0.9452601656249999 0.3579841453125 0.919412609375 0.356362946875 0.9165898265625 0.35826715625 0.9010812937500001 0.35664595781249997 0.8982585125 0.35950227031250004 0.8749957125 0.35788107187499996 0.8721729296875 0.360737384375 0.8489101296875001
0 0.33303143125 0.8822403953125001 0.33141023125 0.8794176140625 0.33490128124999996 0.8509853015625 0.3332800828125 0.8481625203125001 0.335501659375 0.8300692312500001 0.3338804609375 0.8272464484375 0.3361020359375 0.8091531609375 0.3344808375 0.806330378125 0.33765451875 0.780482821875 0.3360333203125 0.7776600421875 0.3398417375 0.7466429734375 0.3382205390625 0.7438201921875 0.3407594828125 0.7231421484375 0.33913828437500004 0.720319365625 0.342311965625 0.694471809375 0.3406907671875 0.691649028125 0.342594975 0.6761404953125 0.34485091093750003 0.6737937640625 0.3458030140625 0.6660394984375 0.34805895 0.6636927671875 0.3486936859375 0.6585232578125 0.3509496203125 0.6561765265624999 0.351901725 0.6484222609375 0.354157659375 0.64607553125 0.3547923953125 0.64090601875 0.3570483296875 0.638559290625 0.35768306562499996 0.633389778125 0.3599390015625 0.6310430499999999 0.3612084734375 0.6207040265625 0.3634644078125 0.618357296875 0.365685984375 0.600264009375 0.3632541875 0.5960298359375 0.3613156203125 0.5957918109375 0.35905968593750004 0.5981385390625 0.35712111874999997 0.5979005125 0.3537372171875 0.6014206078125001 0.3531024796875 0.60659011875 0.3508465453125 0.6089368484375 0.350529178125 0.6115216046875 0.3456999390625 0.61879981875 0.345065203125 0.6239693296875 0.34280926875 0.626316059375 0.3399185984375 0.6338323 0.335406728125 0.638525759375 0.33508936093749997 0.641110515625 0.332833425 0.6434572453125 0.328707640625 0.6770590671875001 0.3303288390625 0.6798818484375 0.3281072625 0.6979751390625 0.3297284609375 0.70079791875 0.3268721484375 0.7240607203125 0.328493346875 0.7268835015625 0.32468492968749996 0.75790056875 0.32630612812500004 0.7607233515625 0.32376718437499996 0.7814013953125001 0.32538838281250004 0.784224178125 0.3222147015625 0.8100717328125 0.3238359 0.8128945156249999 0.32066221875 0.838742071875 0.32228341875 0.8415648515624999 0.3200618421875 0.8596581421874999 0.321683040625 0.8624809250000001 0.3194614640625 0.8805742125 0.3210826625 0.8833969953125 0.31790898125 0.9092445515625001 0.31953017968749997 0.91206733125 0.3166738671875 0.9353301328124999 0.318295065625 0.9381529140625 0.3173429625 0.94590718125 0.319774759375 0.950141353125 0.32284129375 0.949206015625 0.32590782812499997 0.9482706750000001 0.3273531640625 0.9445125546875 0.3296090984375 0.9421658265625 0.3308785703125 0.9318268046875 0.329257371875 0.9290040218750001 0.332113684375 0.9057412218750001 0.33049248593749997 0.9029184406249999 0.33303143125 0.8822403953125001
0 0.32164868125 0.8467343640625 0.3200274828125 0.8439115828125001 0.322883796875 0.8206487812500001 0.321262596875 0.8178259999999999 0.324436278125 0.7919784453125 0.3228150796875 0.7891556625 0.325354025 0.76847761875 0.323732825 0.7656548359375 0.3278586109375 0.7320530125 0.3262374125 0.7292302328125 0.329093725 0.70596743125 0.3274725265625 0.70314465 0.3303288390625 0.6798818484375 0.328707640625 0.6770590671875001 0.3321986890625 0.64862675625 0.33057749062499997 0.6458039734375001 0.332833425 0.6434572453125 0.33315079375 0.6408724890624999 0.33798003125 0.633594275 0.339249503125 0.6232552515625 0.3437613734375 0.6185617921875 0.344078740625 0.6159770359375 0.3463346765625 0.6136303078124999 0.3469694125 0.6084607953125001 0.35116391406249997 0.60635209375 0.35035331406250003 0.6049407015625 0.3445376140625 0.6042266234375 0.343092278125 0.60798474375 0.338580409375 0.612678203125 0.3356897375 0.6201944453125 0.33117786875 0.6248879031250001 0.33054313281250003 0.6300574140624999 0.3282871984375 0.63240414375 0.3279698296875 0.6349889 0.323457959375 0.639682359375 0.3231405921875 0.6422671140625 0.318628721875 0.6469605734375 0.3183113546875 0.6495453296875 0.3160554203125 0.6518920578125 0.31224700312500003 0.682909125 0.3138682015625 0.6857319078125 0.309742415625 0.71933373125 0.3113636140625 0.7221565109375 0.308189934375 0.7480040671875 0.3098111328125 0.7508268499999999 0.305685346875 0.784428671875 0.307306546875 0.7872514546875 0.3044502328125 0.8105142546874999 0.30607143125 0.8133370359375001 0.302263015625 0.8443541046874999 0.3038842140625 0.847176884375 0.3003931640625 0.875609196875 0.30201436406250004 0.878431978125 0.2988406828125 0.9042795343750001 0.30046188125 0.9071023171875 0.2972882 0.9329498718749999 0.29890939843750003 0.935772653125 0.296687821875 0.95386594375 0.2991196203125 0.958100115625 0.308812453125 0.959290246875 0.30994042187500004 0.9581168812499999 0.314452290625 0.9534234218750001 0.31762597187499997 0.9275758656249999 0.3160047734375 0.924753084375 0.319813190625 0.8937360171875 0.31819199062500003 0.8909132359375 0.3207309359375 0.870235190625 0.3191097375 0.8674124093750001 0.32164868125 0.8467343640625
0 0.28316035781250004 0.8236425281249999 0.28665140624999996 0.7952102156249999 0.2850302078125 0.7923874343749999 0.28915599375 0.7587856109375 0.28753479375 0.7559628296875001 0.2916605796875 0.72236100625 0.29003938125 0.719538225 0.2932130625 0.6936906703125 0.2915918625 0.6908678874999999 0.29508291249999996 0.6624355765625001 0.2934617140625 0.65961279375 0.295365921875 0.6441042609375 0.29762185625000004 0.64175753125 0.30051252812499996 0.6342412890625 0.305024396875 0.62954783125 0.30534176562500004 0.626963075 0.3075977 0.624616346875 0.3104883703125 0.61710010625 0.319829478125 0.60512843125 0.320146846875 0.6025436765625 0.32240278125 0.6001969468749999 0.32190955 0.5962008 0.31609385 0.595486721875 0.308198078125 0.603700275 0.307880709375 0.60628503125 0.303368840625 0.6109784890625 0.3004781703125 0.6184947296875001 0.2914544296875 0.6278816484374999 0.2911370625 0.6304664046874999 0.28549722499999997 0.636333228125 0.2816200921875 0.635857175 0.280492125 0.637030540625 0.2754142359375 0.6783866296875 0.277035434375 0.6812094125 0.27322701718750003 0.7122264796875 0.274848215625 0.7150492609375 0.27040506249999996 0.7512358390625 0.27202626093750004 0.754058621875 0.26821784375 0.7850756890625 0.2698390421875 0.7878984703125 0.2657132578125 0.8215002921875 0.26733445625 0.824323075 0.264160775 0.8501706296875 0.2657819734375 0.8529934125 0.26197355624999996 0.8840104796875 0.26359475625 0.8868332625 0.26105581093749997 0.90751130625 0.262677009375 0.9103340875000001 0.25886859218749997 0.94135115625 0.260489790625 0.9441739359374999 0.2601724234375 0.9467586921875 0.2579164875 0.9491054218749999 0.26034828593750003 0.9533395953125 0.273918253125 0.9550057765625001 0.27504622031250003 0.9538324109375 0.277585165625 0.9331543671875 0.2759639671875 0.930331584375 0.28104185625 0.8889754968749999 0.2794206578125 0.8861527140625001 0.28291170625 0.857720403125 0.2812905078125 0.8548976203124999 0.28478155625 0.8264653093750001 0.28316035781250004 0.8236425281249999
0 0.26546460625 0.8555781687499999 0.2638434078125 0.8527553859375001 0.2670170875 0.8269078296875 0.2653958890625 0.8240850484375001 0.269521675 0.790483225 0.2679004765625 0.78766044375 0.2717088921875 0.7566433765625 0.27008769374999997 0.7538205953125 0.2738961109375 0.722803528125 0.2722749125 0.719980746875 0.2760833296875 0.6889636796875 0.27446213125 0.686140896875 0.2808094921875 0.6344457859375 0.2838760265625 0.633510446875 0.2940277328125 0.6229501640625 0.29466246875 0.6177806515625 0.2969184046875 0.6154339234374999 0.297235771875 0.6128491671875 0.3017476421875 0.608155709375 0.302065009375 0.605570953125 0.3065768796875 0.60087749375 0.30946755000000004 0.593361253125 0.31397942031250003 0.58866779375 0.3131688203125 0.5872564031249999 0.30929168749999997 0.58678035 0.30477981718749997 0.5914738093749999 0.3023480203125 0.5872396375 0.3046039546875 0.5848929078125 0.30217215625 0.5806587359375001 0.300233590625 0.580420709375 0.2968496875 0.5839408046875 0.2962149515625 0.5891103140625 0.29202045 0.59121901875 0.29138571406249997 0.5963885296875 0.2946281109375 0.6020340921875 0.2923721765625 0.604380821875 0.2920548078125 0.606965578125 0.2819031015625 0.6175258609375 0.279964534375 0.6172878359375 0.2777086 0.6196345640625001 0.27464206562500004 0.620569903125 0.27432469843749996 0.6231546578125 0.265300959375 0.6325415765625 0.264983590625 0.6351263328125001 0.26272765625 0.6374730609375 0.2617755515625 0.645227328125 0.26339674999999996 0.6480501109375 0.2602230703125 0.6738976671875 0.26184426875 0.676720446875 0.2580358515625 0.7077375140625 0.25965705 0.710560296875 0.25616600156249997 0.7389926078125 0.2577872 0.741815390625 0.2542961515625 0.7702477015625 0.25591735 0.773070484375 0.2533784046875 0.793748528125 0.25499960312500003 0.796571309375 0.25182592187499997 0.8224188671875 0.25344712187499996 0.8252416468750001 0.2496387046875 0.8562587140625 0.251259903125 0.8590814968749999 0.248086221875 0.884929053125 0.24970742031249998 0.8877518343749999 0.24621637187499998 0.9161841468749999 0.24783757031250003 0.9190069265625 0.244346521875 0.9474392406250001 0.24677831874999998 0.9516734124999999 0.256471153125 0.9528635421875 0.2575991203125 0.9516901765625001 0.2598550546875 0.9493434484375 0.260489790625 0.9441739359374999 0.25886859218749997 0.94135115625 0.262677009375 0.9103340875000001 0.26105581093749997 0.90751130625 0.26359475625 0.8868332625 0.26197355624999996 0.8840104796875 0.26546460625 0.8555781687499999
0 0.24995607187500002 0.8536739593749999 0.25312975312499997 0.827826403125 0.2515085546875 0.8250036218749999 0.2543648671875 0.8017408203124999 0.25274366875 0.798918040625 0.2562347171875 0.7704857281249999 0.25461351875 0.767662946875 0.25746983125 0.744400146875 0.2558486328125 0.7415773640625 0.25933968125 0.713145053125 0.2577184828125 0.7103222703125 0.26184426875 0.676720446875 0.2602230703125 0.6738976671875 0.26339674999999996 0.6480501109375 0.2617755515625 0.645227328125 0.26272765625 0.6374730609375 0.264983590625 0.6351263328125001 0.2656183265625 0.6299568203125 0.2768980015625 0.6182231734375 0.27721536874999997 0.6156384171875 0.285111140625 0.6074248640625 0.2870497078125 0.607662890625 0.290433609375 0.6041427968749999 0.2910683453125 0.5989732859375 0.2967081828125 0.5931064609375001 0.300585315625 0.5935825140625 0.3017132828125 0.5924091484375 0.3026653875 0.5846548828125 0.30185478906249996 0.5832434906249999 0.2960390890625 0.5825294125 0.29378315312500003 0.5848761421875001 0.2899060203125 0.584400090625 0.287474221875 0.5801659171875 0.28648775937500004 0.572173625 0.2856771609375 0.570762234375 0.2818000265625 0.5702861828125 0.2716483203125 0.580846465625 0.271330953125 0.5834312203125 0.260051278125 0.59516486875 0.2597339109375 0.5977496234374999 0.255222040625 0.6024430828125 0.2549046734375 0.6050278375 0.24813686875 0.6120680265625 0.2478195 0.6146527828125 0.23911312968749998 0.6214549453125 0.23562208125 0.64988725625 0.2372432796875 0.6527100390625 0.234386965625 0.6759728390624999 0.23600816562500002 0.6787956203125 0.23219974843750002 0.7098126875 0.23382094687500002 0.7126354687500001 0.2303298984375 0.7410677812500001 0.23195109687499998 0.7438905625000001 0.22877741562499998 0.7697381187500001 0.2303986140625 0.7725609015625 0.2262728296875 0.8061627234375001 0.227894028125 0.8089855046875 0.224402978125 0.8374178156250001 0.226024178125 0.8402405984374999 0.22253312812499998 0.868672909375 0.22415432656249998 0.8714956921875 0.22002854218749998 0.9050975156250001 0.22164974062499998 0.9079202953125 0.2191107953125 0.928598340625 0.22073199531249998 0.9314211218749999 0.219779890625 0.9391753890625001 0.22252905625000002 0.94082480625 0.2241502546875 0.9436475874999999 0.237720221875 0.9453137703125 0.2388481890625 0.9441404062500001 0.2419147234375 0.9432050671875001 0.245298625 0.9396849734374999 0.2475202015625 0.9215916828124999 0.245899003125 0.9187689015625 0.2500247890625 0.8851670796875 0.248403590625 0.8823442968749999 0.2515772703125 0.856496740625 0.24995607187500002 0.8536739593749999
0 0.22193274999999998 0.88958898125 0.22031155156249999 0.8867661984374999 0.22411996875 0.85574913125 0.2224987703125 0.85292635 0.2266245546875 0.819324528125 0.22500335625 0.8165017453125 0.2288117734375 0.785484678125 0.227190575 0.782661896875 0.2300468875 0.7593990953125 0.2284256890625 0.756576315625 0.23223410625000002 0.7255592484375 0.23061290781250002 0.7227364656249999 0.234421325 0.6917193984375001 0.23280012656250001 0.688896615625 0.236291175 0.6604643046875001 0.2346699765625 0.6576415234375 0.23417674531250002 0.6536453765625 0.2302996109375 0.653169325 0.22804367656250002 0.6555160546875001 0.22416654375 0.655040003125 0.22173474531249998 0.6508058296875 0.22236948124999997 0.64563631875 0.22074828281249997 0.6428135375 0.22106565156250002 0.64022878125 0.21701265468750003 0.633171828125 0.213135521875 0.632695775 0.2116901859375 0.6364538953125 0.2015384796875 0.6470141796875 0.1995999125 0.646776153125 0.1950880421875 0.6514696109375 0.1931494765625 0.6512315859375 0.1875096390625 0.657098409375 0.18497069531250002 0.6777764546875 0.18659189375000002 0.6805992359374999 0.181831371875 0.7193705703125 0.1834525703125 0.7221933515625001 0.179961521875 0.7506256640625 0.1815827203125 0.75344844375 0.177774303125 0.7844655109375 0.1793955015625 0.78728829375 0.17558708437499998 0.8183053609375 0.1772082828125 0.82112814375 0.1733998671875 0.8521452109375 0.175021065625 0.8549679906250001 0.1708952796875 0.8885698140624999 0.17251647812499998 0.891392596875 0.1693427984375 0.9172401515624999 0.170963996875 0.920062934375 0.1687424203125 0.9381562234375 0.1711742171875 0.9423903953125 0.1924984515625 0.9450086828125001 0.19362641875 0.9438353171875 0.1947543859375 0.9426619531249999 0.2063857859375 0.944090109375 0.21653749375000003 0.9335298265624999 0.2168548609375 0.9309450703125 0.2191107953125 0.928598340625 0.2194281640625 0.9260135859374999 0.217806965625 0.923190803125 0.22193274999999998 0.88958898125
0 0.17403460312500002 0.8469756984375 0.1724134046875 0.8441529171875001 0.177173925 0.8053815828124999 0.1755527265625 0.8025588015625 0.1796785125 0.7689569781250001 0.1780573125 0.7661341968750001 0.1825004671875 0.7299476171875 0.1808792671875 0.7271248375 0.18437031718750002 0.698692525 0.1827491171875 0.69586974375 0.186874903125 0.6622679203125 0.1852537046875 0.6594451390625 0.185571071875 0.656860384375 0.1878270078125 0.654513653125 0.18846174375 0.6493441437499999 0.190717678125 0.6469974125 0.191035046875 0.64441265625 0.1941015796875 0.64347731875 0.21666092812499999 0.6200100234375 0.21859949531249998 0.6202480484375 0.22004483125 0.616489928125 0.2245567 0.6117964703125 0.22600203593749998 0.60803835 0.22794060156249998 0.608276375 0.2414762109375 0.5941959984375 0.243414778125 0.594434025 0.24792664687500002 0.589740565625 0.2498652140625 0.5899785921875 0.25324911562499997 0.586458496875 0.2589617421875 0.539932896875 0.2573405421875 0.5371101140625 0.258610015625 0.5267710921875 0.25586085000000003 0.5251216750000001 0.25423965000000004 0.52229889375 0.24066968437499997 0.5206327109375 0.23841374843750002 0.522979440625 0.2209666484375 0.52083720625 0.21871071406249998 0.5231839359375 0.2148335796875 0.522707884375 0.20806577656249997 0.5297480718750001 0.2019327078125 0.5316187484375 0.1909704015625 0.5407676421875001 0.18709326875 0.5402915890625 0.1780695296875 0.5496785078124999 0.1761309625 0.5494404828125 0.173875028125 0.5517872109375 0.17193646093749998 0.551549184375 0.1696805265625 0.5538959140624999 0.167741959375 0.5536578890625 0.165486025 0.5560046187500001 0.1635474578125 0.5557665921875 0.1612915234375 0.5581133203124999 0.15935295625 0.5578752953125 0.15709702187500002 0.5602220250000001 0.15403048749999998 0.5611573625 0.1505394390625 0.5895896765625 0.1521606375 0.59241245625 0.149304325 0.6156752562500001 0.15092552343750001 0.6184980390625 0.14775184218749998 0.6443455953125 0.1493730421875 0.6471683765625 0.145564625 0.67818544375 0.1471858234375 0.681008225 0.14337740625 0.71202529375 0.1449986046875 0.714848075 0.14150755625 0.7432803859375 0.1431287546875 0.74610316875 0.13900296875 0.779704990625 0.14062416718749998 0.782527771875 0.1374504875 0.8083753296875 0.1390716859375 0.811198109375 0.13526326875 0.8422151765624999 0.1368844671875 0.845037959375 0.13371078593750002 0.8708855156249999 0.1353319859375 0.8737082968750001 0.132475671875 0.896971096875 0.1340968703125 0.8997938781249999 0.1299710859375 0.9333957015625 0.13159228437499998 0.9362184828125001 0.1303228125 0.9465575062499999 0.13275461093750002 0.950791678125 0.1560174109375 0.9536479906249999 0.157145378125 0.9524746265624999 0.1594013125 0.950127896875 0.15971868125 0.9475431406249999 0.16648648593749998 0.9405029515625 0.1709296390625 0.9043163734374999 0.16930843906249998 0.9014935921875 0.17311685625 0.870476525 0.1714956578125 0.86765374375 0.17403460312500002 0.8469756984375
0 0.13843695 0.816367621875 0.1368157515625 0.8135448390625 0.1403068 0.785112528125 0.1386856015625 0.782289746875 0.1431287546875 0.74610316875 0.14150755625 0.7432803859375 0.14436386875 0.7200175859375 0.14274267031250001 0.7171948031250001 0.1465510875 0.6861777359375 0.1449298875 0.68335495625 0.14810356875 0.6575074 0.1464823703125 0.6546846171875 0.1502907875 0.62366755 0.1486695890625 0.6208447687499999 0.1521606375 0.59241245625 0.1505394390625 0.5895896765625 0.15403048749999998 0.5611573625 0.157414390625 0.55763726875 0.15935295625 0.5578752953125 0.1638648265625 0.5531818359375 0.16580339375 0.5534198625 0.168059328125 0.5510731328125 0.1699978953125 0.5513111578125 0.17450976406250002 0.5466177 0.17644833124999998 0.5468557265625 0.1832161359375 0.5398155375 0.189349203125 0.537944859375 0.1938610734375 0.5332514015625 0.1957996390625 0.5334894265625 0.200311509375 0.52879596875 0.2022500765625 0.5290339937499999 0.20676194531249997 0.5243405343750001 0.20870051250000002 0.5245785609375 0.2120844140625 0.521058465625 0.2124017828125 0.5184737109374999 0.21159118281249997 0.5170623203125 0.20771405 0.5165862671875 0.2060928515625 0.5137634875 0.16150581718749998 0.5082888875 0.15924988281250002 0.510635615625 0.15537274843749999 0.5101595640625 0.1531168140625 0.51250629375 0.151178246875 0.5122682671875001 0.14892231250000001 0.5146149984374999 0.1469837453125 0.514376971875 0.1447278109375 0.5167237 0.1385947421875 0.518594378125 0.13295490625 0.524461203125 0.1307333296875 0.5425544906249999 0.13235452812499998 0.5453772734375 0.1298155828125 0.5660553171875 0.13143678125 0.5688780999999999 0.1292152046875 0.5869713890625 0.1308364046875 0.5897941703125 0.127980090625 0.6130569703125001 0.12960128906249999 0.615879753125 0.1267449765625 0.639142553125 0.128366175 0.641965334375 0.1255098625 0.6652281359375001 0.12713106093749998 0.6680509156250001 0.12332264531249999 0.6990679828124999 0.12494384375 0.701890765625 0.12177016249999999 0.727738321875 0.1233913609375 0.730561103125 0.1192655765625 0.7641629265625001 0.120886775 0.7669857078125 0.11866519843750001 0.785078996875 0.120286396875 0.787901778125 0.11679534843749999 0.8163340890624999 0.118416546875 0.819156871875 0.1158776015625 0.8398349156249999 0.11749879999999999 0.8426576984375 0.11527722343749999 0.8607509875 0.11689842187499999 0.86357376875 0.114359478125 0.8842518140625 0.1159806765625 0.8870745953125001 0.112489628125 0.9155069078125001 0.1141108265625 0.9183296890625 0.11284135312500002 0.9286687109375 0.1144625515625 0.93149149375 0.1131930796875 0.941830515625 0.115624878125 0.9460646875000001 0.1253177109375 0.9472548171874999 0.12644567812500002 0.9460814531249999 0.1287016140625 0.9437347234375 0.1328273984375 0.9101329015624999 0.1312062 0.9073101203125 0.1346972484375 0.8788778078125 0.13307605 0.8760550265625 0.13656709843749998 0.8476227156249999 0.1349459 0.8447999328125 0.13843695 0.816367621875