0 0.7878135859375 0 0.78093825 0.000966265625 0.7786312484375 0.0032628125 0.7373700796875 0.009061692187500001 0.7350630781249999 0.0113582390625 0.7118536703125 0.014620109375 0.7095466703125 0.016916656250000002 0.6708643234375 0.022353106249999997 0.6685573234375 0.024649653125 0.627296153125 0.03044853125 0.624989153125 0.0327450796875 0.5966220984375 0.036731809375 0.5943150984375001 0.03902835625 0.56594804375 0.0430150859375 0.56364104375 0.0453116328125 0.5301163437499999 0.050023221875 0.5278093421875 0.052319768749999995 0.496863465625 0.056668928125 0.49455646406250003 0.058965476562499994 0.4661894109375 0.0629522046875 0.463882409375 0.065248753125 0.4380941796875 0.0688730515625 0.435787178125 0.0711696 0.43062953281249994 0.071894459375 0.42947603125 0.0730427328125 0.43273790156249997 0.09625214062500001 0.434163225 0.097037984375 0.43586037031249997 0.0997579453125 0.448688275 0.1068305390625 0.4509952765625 0.1045339921875 0.5025717375000001 0.0972853921875 0.5048787390625 0.0949888453125 0.5384034375 0.09027725625000001 0.5407104390625 0.0879807078125 0.5742351390625 0.08326911875000001 0.5765421390625 0.080972571875 0.60490919375 0.0769858421875 0.60721619375 0.0746892953125 0.6355832484375 0.070702565625 0.6378902484375 0.06840601874999999 0.658520834375 0.065506578125 0.660827834375 0.06321003124999999 0.6969313578125 0.0581360125 0.6992383578125 0.055839465624999994 0.7250265890625001 0.052215165625000004 0.727333590625 0.04991861875 0.7608582890625 0.0452070296875 0.763165290625 0.04291048125 0.781217053125 0.040373471875 0.7835240531250001 0.038076925 0.8015758140625 0.035539915625 0.803882815625 0.0332433671875 0.8245134000000001 0.030343928125000003 0.8268204015625 0.028047381249999996 0.8422933406249999 0.0258728015625 0.8446003390625 0.0235762546875 0.8755462171874999 0.0192270953125 0.8778532171875 0.016930546875 0.9191143875 0.01113166875 0.9214213875 0.0088351203125 0.92915785625 0.007747831249999999 0.9300395359375001 0.004665440625 0.9323465359374999 0.0023688921875 0.9320747125000001 0.000434775 0.9325114671874999 0 0.7878135859375 0
0 0.6416957625 0.0954836609375 0.6440027640625 0.09318711406249999 0.693000403125 0.0863009453125 0.695307403125 0.084004396875 0.7365685734375 0.07820551875000001 0.738875575 0.0759089703125 0.74172621875 0.07748065781249999 0.7443050421875 0.077118228125 0.74661204375 0.07482168125000001 0.8213979124999999 0.0643112125 0.8237049140625 0.062014665625 0.8623872609375001 0.056578215625 0.864694259375 0.05428166875 0.8853248453125 0.0513822296875 0.8876318453125001 0.04908568125 0.9237353703125001 0.0440116625 0.9248888703125001 0.0428633890625 0.9224424671874999 0.0254563328125 0.9210171453125 0.024670489062500002 0.88749244375 0.029382078125 0.88518544375 0.0316786265625 0.8774489734375001 0.032765915625 0.8745983296875 0.031194228125 0.866861859375 0.03228151875 0.864554859375 0.034578065625 0.8310301578124999 0.039289654687499995 0.8287231578125 0.0415862015625 0.7565161109375 0.051734240625000004 0.7542091109375 0.054030787499999997 0.6845808859375 0.063816396875 0.6822738875 0.06611294375 0.65648565625 0.06973724375 0.6541786546874999 0.07203379062500001 0.6258116015625 0.07602052031249999 0.6235046 0.0783170671875 0.5899799 0.08302865625 0.5876729 0.0853252046875 0.548990553125 0.090761653125 0.5466835515625 0.09305820000000001 0.515737675 0.097407359375 0.5134306750000001 0.0997039078125 0.49280008906250006 0.10260334687499999 0.4904930890625 0.10489989375 0.487914265625 0.1052623234375 0.4850636203125 0.1036906375 0.48275662031250005 0.10598718437500002 0.4492319203125 0.11069877343750001 0.44692491875 0.1129953203125 0.44176727343750005 0.11372018125000001 0.4406137734375 0.1148684546875 0.44224470781249997 0.1264731578125 0.4436700296875 0.1272590015625 0.4465206765625 0.1288306890625 0.448827675 0.1265341421875 0.45140650000000004 0.1261717125 0.45425714531250005 0.1277434 0.4565641453125 0.1254468515625 0.49008884531249997 0.1207352625 0.49239584687500004 0.118438715625 0.551708778125 0.11010282656249999 0.5540157781249999 0.1078062796875 0.6416957625 0.0954836609375
0 0.46153014062500003 0.188849309375 0.465806109375 0.19120684062499999 0.4761214015625 0.189757121875 0.478428403125 0.1874605734375 0.5016378109375 0.1841987046875 0.5039448109375 0.18190215781250002 0.5297330421875001 0.1782778578125 0.5320400421875 0.1759813109375 0.7022423671875 0.1520609328125 0.7045493671874999 0.14976438593750002 0.7226011296875 0.1472273765625 0.7249081296875 0.14493082968749998 0.7326446 0.1438435390625 0.73549524375 0.1454152265625 0.7406528906250001 0.1446903671875 0.742959890625 0.1423938203125 0.8177457609375001 0.1318833515625 0.8200527609374999 0.1295868046875 0.8229034078125 0.131158490625 0.8252104078125001 0.12886194374999999 0.8845233390624999 0.1205260546875 0.886830340625 0.1182295078125 0.9177762171875001 0.11388034843749999 0.92123671875 0.11043552812499999 0.9209648953125 0.10850141093750001 0.9255788968750001 0.103908315625 0.9273422531250001 0.097743534375 0.931956253125 0.0931504390625 0.9316844312500001 0.09121632187499999 0.9339914328125 0.088919775 0.9357547875 0.0827549921875 0.9380617875 0.0804584453125 0.9372463203124999 0.07465609375 0.939553321875 0.072359546875 0.9360196296875 0.0472160203125 0.9317436609374999 0.044858490625000004 0.8904824921875001 0.05065736875 0.888175490625 0.0529539171875 0.8830178453125 0.053678776562499995 0.8801671984375 0.0521070890625 0.8778601984375 0.05440363593749999 0.8443354984375 0.05911522500000001 0.842028496875 0.0614117734375 0.7595061578125 0.07300953125000001 0.7571991578125 0.075306078125 0.721095634375 0.0803800984375 0.7187886328124999 0.08267664531249999 0.6568968796875 0.0913749640625 0.6545898796875 0.09367151093750001 0.5978557703125 0.1016449703125 0.5955487703125 0.1039415171875 0.525920546875 0.11372712656249999 0.523613546875 0.1160236734375 0.479773553125 0.12218498281250001 0.477466553125 0.1244815296875 0.443941853125 0.12919311875 0.4416348515625 0.1314896671875 0.4390560296875 0.131852096875 0.435595528125 0.1352969171875 0.43967286562499996 0.16430867656249998 0.4410981875 0.1650945203125 0.44252350937499996 0.1658803640625 0.44306715468749996 0.1697485984375 0.44591780156249994 0.17132028593749998 0.44618962343749996 0.173254403125 0.44904026874999997 0.174826090625 0.44931209218749996 0.1767602078125 0.45216273593749995 0.1783318953125 0.45555702656249997 0.1837718171875 0.46125831718750004 0.1869151921875 0.46153014062500003 0.188849309375
0 0.6448321921875 0.17393564374999998 0.732512178125 0.16161302500000002 0.7348191796875 0.159316478125 0.794132109375 0.1509805890625 0.7964391109375 0.1486840421875 0.8299638093749999 0.143972453125 0.8322708109375 0.1416759046875 0.912214328125 0.13044057656250002 0.9179818281250001 0.12469920937500001 0.9171663609375 0.11889685624999999 0.9128903921875 0.11653932656249999 0.8406833468749999 0.1266873640625 0.8383763453125 0.1289839109375 0.7713269453125 0.138407090625 0.7690199453125001 0.14070363749999998 0.7122858359375 0.148677096875 0.7099788359375 0.15097364375 0.627456496875 0.1625714015625 0.625149496875 0.16486795 0.5194177484375 0.179727578125 0.5171107484374999 0.182024125 0.49648016406249995 0.1849235640625 0.4941731640625 0.1872201109375 0.465806109375 0.19120684062499999 0.4623456078125 0.1946516625 0.463432896875 0.20238813125 0.464858221875 0.20317397499999998 0.46743704375000006 0.20281154531249998 0.4702876890625 0.2043832328125 0.493497096875 0.20112136249999998 0.49580409843749995 0.198824815625 0.503812390625 0.1996716421875 0.506119390625 0.1973750953125 0.5705899671875 0.18831434687499998 0.5728969687500001 0.1860178 0.6425251921874999 0.176232190625 0.6448321921875 0.17393564374999998
0 0.7378092265625 0.18059176875 0.7401162265625 0.178295221875 0.7481245171875 0.17914204843749998 0.7504315187499999 0.1768455015625 0.8277962109375 0.165972603125 0.8301032125000001 0.16367605624999998 0.8739432046875001 0.157514746875 0.87740370625 0.154069925 0.8755009484375 0.14053110468750002 0.8712249796875 0.1381735734375 0.8609096875000001 0.13962329375 0.8586026875 0.14191984062500002 0.8560238640625 0.14228227031250001 0.85317321875 0.14071058281249998 0.8144908718750001 0.14614703281250002 0.8121838718750001 0.1484435796875 0.72966153125 0.1600413375 0.7273545328125001 0.1623378859375 0.6499898390625 0.17321078437499998 0.6476828375 0.17550733125 0.567739321875 0.186742659375 0.565432321875 0.18903920624999998 0.48290998281249997 0.200636965625 0.4806029828125 0.20293351249999997 0.47775233593750005 0.201361825 0.47517351249999995 0.2017242546875 0.4728665125 0.20402080156250002 0.4702876890625 0.2043832328125 0.46682718906250004 0.207828053125 0.4684581234375 0.2194327578125 0.46988344531250004 0.2202186015625 0.48019873906250005 0.21876888125 0.483049384375 0.22034056875000002 0.49336467656250005 0.2188908484375 0.4956716765625 0.21659430156249998 0.57561519375 0.2053589734375 0.57792219375 0.203062425 0.5807728390625 0.20463411250000002 0.5833516624999999 0.20427168281250002 0.5856586625 0.2019751359375 0.7378092265625 0.18059176875
0 0.6569248015625 0.24126732031250003 0.6597754484375 0.2428390078125 0.6829848562499999 0.23957713749999998 0.68529185625 0.237280590625 0.8348635953124999 0.216259653125 0.837170596875 0.21396310624999998 0.840021240625 0.21553479375 0.8554941796875 0.2133602140625 0.8578011812499999 0.2110636671875 0.8655376499999999 0.2099763765625 0.868388296875 0.21154806406249999 0.8838612343750001 0.209373484375 0.8873217359375 0.2059286640625 0.8818852859374999 0.1672463171875 0.8841922859375 0.1649497703125 0.8833768187500001 0.1591474171875 0.87910085 0.1567898875 0.842997328125 0.16186390625 0.8406903265624999 0.164160453125 0.78395621875 0.1721339125 0.7816492187499999 0.17443045937499999 0.6939692328125 0.186753078125 0.6916622328125 0.189049625 0.6865045859375 0.189774484375 0.683653940625 0.188202796875 0.6630233546875 0.1911022375 0.66071635625 0.193398784375 0.5549846078125 0.2082584125 0.5526776078125 0.21055495937500002 0.4727340921875 0.22179028750000002 0.469273590625 0.22523510937500002 0.47416639531250004 0.2600492203125 0.47185939374999997 0.26234576875000004 0.4724030390625 0.266214003125 0.47382836250000004 0.266999846875 0.479529653125 0.270143221875 0.5130543546874999 0.26543163125 0.5153613531250001 0.263135084375 0.5230978234375 0.2620477953125 0.52594846875 0.2636194828125 0.538842584375 0.2618073328125 0.541149584375 0.259510784375 0.6494601546875 0.2442887265625 0.65176715625 0.24199217968750003 0.6569248015625 0.24126732031250003
0 0.8595715171875 0.2423719734375 0.8673079859374999 0.241284684375 0.8696149875 0.23898813593749998 0.8721938109374999 0.23862570624999999 0.8730754875000001 0.23554331562500003 0.884610490625 0.2240605796875 0.8843386687500001 0.22212646249999998 0.88664566875 0.21982991406250002 0.8852865578125 0.210159328125 0.8838612343750001 0.209373484375 0.7110800875 0.233656290625 0.7087730859375 0.2359528390625 0.5308342921875 0.2609605046875 0.5285272921875 0.2632570515625 0.47179318437499995 0.2712305109375 0.47063968437500003 0.27237878437499996 0.4717269734375 0.2801152546875 0.47315229687500004 0.2809010984375 0.61240874375 0.2613298796875 0.6147157453125 0.25903333281249996 0.741078075 0.24127426562499998 0.7439287218749999 0.242845953125 0.7542440140625 0.24139623281249997 0.7565510140625 0.2390996859375 0.8493886453125 0.22605220781250002 0.8536646140625 0.2284097390625 0.8552955484375 0.24001444218749998 0.8595715171875 0.2423719734375
0 0.8519674687500001 0.22568977812500002 0.5657181046875001 0.2659195015625 0.5634111046875 0.26821605000000004 0.560560459375 0.2666443625 0.5582534578125 0.26894090937500004 0.4757311203125 0.2805386671875 0.47227061875 0.28398348906250004 0.47281426406250004 0.2878517234375 0.4742395859375 0.2886375671875 0.47709023281249996 0.29020925468750003 0.7349725406250001 0.253966259375 0.7372795421875 0.2516697125 0.8249595281250001 0.23934709375000002 0.827810171875 0.24091878125 0.845861934375 0.238381771875 0.84871258125 0.23995345937499998 0.85448008125 0.23421209062499998 0.853392790625 0.226475621875 0.8519674687500001 0.22568977812500002
0 0.6819045453125 0.2693137578125 0.6842115468750001 0.2670172109375 0.6867903703125 0.2666547796875 0.689641015625 0.2682264671875 0.8340551093749999 0.24793039062500002 0.8375156109375 0.24448556875 0.836971965625 0.240617334375 0.832695996875 0.238259803125 0.7682254187499999 0.247320553125 0.7659184171875 0.24961709999999998 0.760760771875 0.250341959375 0.7579101265625 0.248770271875 0.747594834375 0.2502199921875 0.745287834375 0.2525165390625 0.5699278640625 0.27716177656249996 0.5676208625 0.2794583234375 0.554726746875 0.2812704734375 0.5518761015625 0.2796987859375 0.5415608093750001 0.28114850625 0.539253809375 0.283445053125 0.5160444015625 0.286706921875 0.5125839 0.29015174374999997 0.5140092218750001 0.2909375875 0.516588046875 0.29057515624999997 0.5188950453125 0.288278609375 0.5217456921875 0.28985029687499997 0.666159784375 0.2695542203125 0.66901043125 0.2711259078125 0.6715892546875 0.2707634765625 0.673896253125 0.2684669296875 0.676475078125 0.2681045 0.6793257234375 0.2696761875 0.6819045453125 0.2693137578125
0 0.779899825 0.25554141874999997 0.777049178125 0.2539697328125 0.7693127093750001 0.255057021875 0.7670057078125 0.25735356875000004 0.7592692390625 0.258440859375 0.75641859375 0.25686917187499997 0.7461033015625 0.25831889218750004 0.7437963 0.2606154390625 0.741217478125 0.26097786875 0.73836683125 0.25940618125000003 0.609425678125 0.277527678125 0.6071186765625 0.2798242265625 0.6042680296875 0.2782525390625 0.60196103125 0.2805490859375 0.5968033828125 0.2812739453125 0.5939527390625 0.2797022578125 0.5916457375 0.28199880624999996 0.478177521875 0.2979457234375 0.47729584375 0.3010281140625 0.47498884375 0.3033246625 0.47580431093750003 0.3091270140625 0.47722963281249997 0.3099128578125 0.4800802796875 0.3114845453125 0.8926919734375 0.253495753125 0.893845475 0.2523474796875 0.8922145406249999 0.24074277500000002 0.890789215625 0.23995693125 0.797951584375 0.253004409375 0.795100940625 0.251432721875 0.78994329375 0.2521575828125 0.78763629375 0.2544541296875 0.779899825 0.25554141874999997
0 0.8972397640625 0.2577874015625 0.892963796875 0.25542987031250003 0.8903849734374999 0.25579230000000003 0.887534328125 0.2542206125 0.8852273265624999 0.256517159375 0.88006968125 0.2572420203125 0.8772190343749999 0.25567033281249996 0.47750145625 0.311846975 0.47634795625 0.3129952484375 0.47852253593749994 0.3284681875 0.4799478578125 0.32925403124999997 0.6914113515625 0.29953477500000003 0.694261996875 0.3011064625 0.8722007906250001 0.2760987953125 0.8750514359375 0.2776704828125 0.8879455515625001 0.2758583328125 0.890252553125 0.2735617859375 0.8928313765624999 0.27319935625 0.8962918765625 0.26975453437499997 0.8949327640625 0.2600839484375 0.8972397640625 0.2577874015625
0 0.8253777328125 0.298457903125 0.8282283765624999 0.300029590625 0.8359648468750001 0.2989423015625 0.8388154921875 0.30051398749999997 0.8568672546875 0.297976978125 0.8597178984375 0.29954866562500004 0.86745436875 0.2984613765625 0.8732218703125 0.29272000781249996 0.8726782249999999 0.2888517734375 0.8749852265625 0.2865552265625 0.8738979359375 0.27881875625 0.86962196875 0.276461225 0.6478431812500001 0.3076302015625 0.6449925359375001 0.3060585140625 0.5547337265625 0.3187435625 0.552426728125 0.321040109375 0.5446902578125 0.3221274 0.5418396125 0.3205557125 0.5366819671874999 0.321280571875 0.534374965625 0.32357711875 0.524059671875 0.3250268390625 0.521209028125 0.32345515156250004 0.48510550312499995 0.3285291703125 0.48279850468749996 0.33082571875 0.47906618125 0.332336421875 0.4801534703125 0.340072890625 0.4815787921875 0.34085873437499997 0.48442943906249997 0.342430421875 0.582424715625 0.328658084375 0.5852753625 0.330229771875 0.7322682781250001 0.3095712640625 0.7351189234375 0.3111429515625 0.7402765703124999 0.3104180921875 0.7425835703125 0.30812154375 0.7477412171875 0.307396684375 0.7505918609375 0.308968371875 0.8253777328125 0.298457903125
0 0.8523926546875 0.3222736765625 0.8546996546875001 0.3199771296875 0.857278478125 0.3196146984375 0.8607389781249999 0.316169878125 0.8585643984375 0.3006969390625 0.854560253125 0.30027352500000004 0.8517096078125 0.2987018390625 0.833657846875 0.30123884843750004 0.8313508453124999 0.3035353953125 0.821035553125 0.30498511562499997 0.8181849078125 0.303413428125 0.8158779062500001 0.30570997499999997 0.80040496875 0.3078845546875 0.7975543218750001 0.3063128671875 0.7949755 0.306675296875 0.7926684984375 0.3089718453125 0.790089675 0.309334275 0.78723903125 0.30776258749999996 0.5113049578125 0.3465425921875 0.5084543140625 0.34497090468749997 0.46719314375 0.350769784375 0.4648861421875 0.35306633125000003 0.46115381875 0.354577034375 0.46251293125000004 0.36424762187500004 0.46393825624999996 0.36503346406250003 0.46678889999999995 0.3666051515625 0.502892425 0.3615311328125 0.50574306875 0.3631028203125 0.59084423125 0.35114263125 0.5936948765625 0.35271431875000003 0.800000725 0.3237199234375 0.8028513703125 0.32529161093750003 0.8415337171875 0.3198551609375 0.8472350078125 0.3229985359375 0.8523926546875 0.3222736765625
0 0.684915534375 0.403008315625 0.68776618125 0.404580003125 0.7367638203125 0.39769383281250004 0.7396144640625 0.3992655203125 0.8144003359375 0.3887550515625 0.8172509796874999 0.3903267390625 0.8430392109374999 0.38670244062500003 0.8464997125 0.38325761875 0.8432378421875001 0.3600482109375 0.8455448437499999 0.3577516640625 0.8411956843749999 0.3268057875 0.843502684375 0.3245092390625 0.8432308609374999 0.32257512187500004 0.8389548937500001 0.320217590625 0.8286396015624999 0.3216673109375 0.82578895625 0.3200956234375 0.6710595703125 0.34184142031250003 0.6682089234374999 0.3402697328125 0.665901925 0.34256628125 0.601431346875 0.35162702968750004 0.5985807000000001 0.3500553421875 0.50574306875 0.3631028203125 0.502892425 0.3615311328125 0.46678889999999995 0.3666051515625 0.46332839843749996 0.3700499734375 0.46930849375 0.41260055468749995 0.46700149375000005 0.41489710156250004 0.468632428125 0.42650180468750004 0.47005774999999994 0.4272876484375 0.472908396875 0.4288593359375 0.5554307359374999 0.41726157812500003 0.55828138125 0.418833265625 0.6175943125 0.4104973765625 0.6204449578125 0.4120690640625 0.6694425953125 0.40518289531249996 0.6722932421875 0.4067545828125 0.6774508875 0.40602972187499997 0.6797578890625 0.403733175 0.684915534375 0.403008315625
0 0.755498628125 0.41872866093749994 0.758349271875 0.4203003484375 0.81508338125 0.412326890625 0.8179340265624999 0.41389857812499997 0.8824046031250001 0.40483782812499997 0.8858651046875 0.4013930078125 0.8845059921875 0.391722421875 0.8868129937499999 0.3894258734375 0.8865411703125 0.38749175625 0.8836905249999999 0.38592006875 0.8819933796875 0.38320010781249997 0.8484686796875 0.387911696875 0.845618034375 0.386340009375 0.7708321640625 0.396850478125 0.7679815203125 0.39527879062500004 0.7035109421875 0.404339540625 0.7006602953125001 0.402767853125 0.6258744265625 0.413278321875 0.6230237796875 0.41170663437500005 0.5662896734375 0.4196800921875 0.5634390265625 0.41810840625 0.4989684484375 0.4271691546875 0.4961178046875 0.4255974671875 0.47548721875 0.42849690625000003 0.4720267171875 0.431941728125 0.474201296875 0.44741466562500004 0.47562662187500004 0.448200509375 0.47847726562500004 0.449772196875 0.52489608125 0.4432484578125 0.527746728125 0.44482014531249997 0.5741655437500001 0.43829640625 0.5770161890625001 0.43986809375 0.6363291203125 0.4315322046875 0.639179765625 0.4331038921875 0.6933350515625001 0.42549286249999996 0.6961856953125001 0.42706455 0.755498628125 0.41872866093749994
0 0.71464868125 0.44616526093750003 0.717499328125 0.4477369484375 0.758760496875 0.44193806875 0.7616111421875 0.44350975625 0.7690757890625 0.44048835000000003 0.771926434375 0.4420600375 0.8157664265625 0.435898728125 0.8186170734375 0.437470415625 0.8753511812499999 0.42949695625000006 0.8782018265625 0.43106864375000004 0.8833594734375 0.43034378437500004 0.8868199750000001 0.4268989625 0.885732684375 0.41916249375000003 0.888039684375 0.41686594687499995 0.8874960390625001 0.4129977125 0.8846453953125 0.41142602500000003 0.8829482484375 0.40870606406250004 0.870054134375 0.4105182125 0.8672034875 0.40894652656249997 0.8053117328124999 0.4176448453125 0.8024610890625 0.4160731578125 0.7560422734375 0.422596896875 0.7531916265625 0.42102520937500004 0.7041939875 0.427911378125 0.70134334375 0.426339690625 0.654924528125 0.4328634296875 0.65207388125 0.43129174218750005 0.6494950578124999 0.431654171875 0.6471880578125 0.43395071874999996 0.6342939421875 0.43576286875000003 0.631443296875 0.43419118125 0.595339771875 0.4392652015625 0.592489128125 0.4376935140625 0.5460703125 0.444217253125 0.543219665625 0.442645565625 0.4787490890625 0.4517063140625 0.47528858749999997 0.45515113593749995 0.4771913453125 0.46868995625 0.47861666875 0.4694758 0.48146731249999997 0.47104748750000003 0.520149659375 0.4656110390625 0.5230003062499999 0.46718272499999997 0.564261475 0.461383846875 0.5671121203125 0.462955534375 0.6109521140624999 0.456794225 0.6138027578125 0.4583659125 0.6550639281249999 0.4525670328125 0.6579145750000001 0.45413872031249997 0.71464868125 0.44616526093750003
0 0.6789563828125 0.4728770015625 0.6818070281249999 0.4744486890625 0.7153317296874999 0.46973709843749994 0.7181823734375 0.47130878593750003 0.7568647203125 0.4658723375 0.759715365625 0.467444025 0.8035553578125001 0.461282715625 0.8064060046874999 0.462854403125 0.8450883499999999 0.45741795312500005 0.8479389968750001 0.45898964062500003 0.889200165625 0.45319076249999996 0.8903536671875001 0.4520424875 0.8876354421875 0.43270131406249995 0.8836312953125001 0.43227790156249996 0.8807806499999999 0.4307062140625 0.8784736484375 0.43300276093749995 0.8756230046875 0.4314310734375 0.834361834375 0.437229953125 0.8315111875 0.435658265625 0.787671196875 0.44181957499999996 0.78482055 0.4402478875 0.746138203125 0.4456843359375 0.743287559375 0.44411264843750003 0.7020263890625 0.449911528125 0.6991757421875 0.448339840625 0.63212634375 0.45776302031249994 0.629275696875 0.45619133281249996 0.5983298203125 0.46054049218750004 0.595479175 0.45896880468749995 0.5464815359374999 0.4658549734375 0.5436308890625 0.4642832859375 0.49463325156250004 0.4711694546875 0.49178260625 0.4695977671875 0.4840461359375 0.4706850578125 0.48173913593749995 0.47298160468750006 0.4780068125 0.47449230781249996 0.48018139218749994 0.48996524687500004 0.481606715625 0.490751090625 0.484457359375 0.49232277812499997 0.502509121875 0.48978576875 0.50535976875 0.49135745625 0.5440421140625 0.48592100625 0.546892759375 0.48749269375 0.590732753125 0.48133138437499995 0.593583396875 0.48290307187500003 0.6503175062500001 0.4749296125 0.6531681515625001 0.47650129999999996 0.6789563828125 0.4728770015625
0 0.6404134390625 0.498017053125 0.6662016687500001 0.4943927546875 0.6690523140625 0.49596444218749997 0.6974193671875 0.49197771250000005 0.7002700140625 0.4935494 0.7286370671875 0.4895626703125 0.7314877140625 0.4911343578125 0.7624335906249999 0.4867851984375 0.7652842375 0.488356884375 0.8039665828125001 0.4829204359375 0.806817228125 0.4844921234375 0.8480783984375 0.47869324375 0.8509290437500001 0.48026493124999997 0.8896113906249999 0.47482848281249995 0.893071890625 0.4713836609375 0.891169134375 0.45784484062499997 0.8871649875 0.45742142656249996 0.8843143421875 0.4558497390625 0.8559472890625001 0.45983646875 0.8530966421875 0.45826478125000003 0.8144142953125 0.46370122968749994 0.8115636500000001 0.46212954375 0.7677236578125 0.4682908515625 0.7648730109375 0.4667191640625 0.726190665625 0.4721556140625 0.7233400203125 0.47058392656250003 0.684657675 0.47602037656249996 0.6818070281249999 0.4744486890625 0.6353882125 0.480972428125 0.6325375671875 0.47940074062500004 0.6119069828125 0.48230017968750005 0.6090563359375001 0.48072849218749997 0.5677951671875 0.486527371875 0.564944521875 0.48495568437500003 0.5288409984375 0.490029703125 0.525990353125 0.488458015625 0.4821503609375 0.49461932500000005 0.480996859375 0.4957675984375 0.48289961718749996 0.5093064203125001 0.484324940625 0.5100922640625 0.4869037625 0.5097298343750001 0.48975440781249996 0.511301521875 0.515542640625 0.5076772218750001 0.518393284375 0.509248909375 0.551917984375 0.5045373203125 0.55476863125 0.5061090078125 0.5908721546875 0.5010349875 0.5937228 0.502606675 0.6375627921875 0.49644536562499997 0.6404134390625 0.498017053125
0 0.5729597937500001 0.5232756000000001 0.60648449375 0.5185640109375 0.6093351390625 0.5201356984375 0.63770219375 0.5161489687499999 0.6405528390625 0.5177206562500001 0.6714987171875 0.5133714968749999 0.6743493625 0.5149431843750001 0.702716415625 0.5109564546875001 0.7055670625 0.5125281421875 0.726197646875 0.509628703125 0.7290482921875 0.511200390625 0.7625729921875 0.5064888015625 0.7654236375 0.5080604890625 0.8015271609375001 0.50298646875 0.80437780625 0.50455815625 0.8275872140624999 0.5012962875 0.8304378609375 0.5028679734375 0.8639625593750001 0.498156384375 0.86681320625 0.499728071875 0.8771284984375001 0.498278353125 0.880589 0.49483353125 0.8784144203125 0.4793605921875 0.8769890968749999 0.47857475000000005 0.8615161578125001 0.4807493296875 0.8586655125 0.47917764218750003 0.8251408124999999 0.48388923124999994 0.822290165625 0.48231754374999997 0.7939231125 0.4863042734375 0.7910724671875 0.4847325859375 0.7601265890625 0.4890817453125 0.7572759453125 0.4875100578125 0.72375124375 0.49222164687500003 0.7209005984375 0.49064995937500006 0.6873758984375 0.49536154843749997 0.684525253125 0.4937898609375 0.6561581999999999 0.497776590625 0.653307553125 0.49620490312500004 0.6223616765625 0.5005540625 0.6195110296874999 0.4989823765625 0.58598633125 0.503693965625 0.583135684375 0.502122278125 0.5341380453125 0.509008446875 0.5312874015625 0.507436759375 0.50807799375 0.5106986296875 0.505227346875 0.5091269421875 0.4845967625 0.51202638125 0.4834432609375 0.5131746546875 0.48425872812500004 0.51897700625 0.48195172968750005 0.5212735546875 0.48480237343750004 0.5228452421875 0.48507419687500003 0.524779359375 0.48276719687499997 0.52707590625 0.48419251875 0.52786175 0.487043165625 0.5294334375 0.502516103125 0.5272588578125 0.5053667484375 0.5288305453125 0.536312625 0.5244813859375 0.539163271875 0.5260530734375 0.541470271875 0.523756525 0.54404909375 0.5233940953125 0.546899740625 0.5249657828125 0.5701091484374999 0.5217039140625 0.5729597937500001 0.5232756000000001
0 0.6045887171875 0.5424982796875 0.6303769484374999 0.5388739796875 0.63322759375 0.5404456671875 0.6615946484374999 0.5364589375000001 0.6644452937499999 0.538030625 0.6953911703125 0.533681465625 0.698241815625 0.535253153125 0.7162935781249999 0.53271614375 0.7191442234375 0.53428783125 0.74235363125 0.5310259609375 0.7452042765625 0.5325976484375 0.778728978125 0.527886059375 0.781579621875 0.529457746875 0.8073678531249999 0.525833446875 0.8102185000000001 0.527405134375 0.8334279078125 0.5241432640625 0.8362785515625 0.5257149515624999 0.8749608984374999 0.520278503125 0.8778115453125 0.521850190625 0.8801185453124999 0.5195536421875 0.8826973671875 0.5191912125 0.88615786875 0.5157463921875001 0.8839832890625001 0.5002734531249999 0.8797073203125001 0.49791592187499994 0.8564979125000001 0.5011777921875 0.85364726875 0.4996061046875 0.8252802140625001 0.503592834375 0.82242956875 0.502021146875 0.7966413375 0.505645446875 0.7937906906250001 0.504073759375 0.7654236375 0.5080604890625 0.7625729921875 0.5064888015625 0.72646946875 0.5115628203125 0.7236188234375 0.5099911328125 0.7055670625 0.5125281421875 0.702716415625 0.5109564546875001 0.66661289375 0.516030475 0.663762246875 0.5144587875 0.637974015625 0.5180830875 0.635123371875 0.5165114 0.6093351390625 0.5201356984375 0.60648449375 0.5185640109375 0.567802146875 0.5240004609375 0.564951503125 0.5224287734375 0.534005625 0.5267779328125 0.5311549796875 0.5252062453125 0.49763027812500005 0.5299178343750001 0.49477963437500005 0.5283461468749999 0.487043165625 0.5294334375 0.4858896640625 0.5305817109375 0.48616148593749997 0.532515828125 0.4838544859375 0.534812375 0.4852135984375 0.5444829625 0.4866389203125 0.54526880625 0.488336065625 0.5479887671875 0.492612034375 0.5503462984375 0.5158214421875 0.547084428125 0.5186720874999999 0.5486561156249999 0.54446031875 0.545031815625 0.5473109640625 0.546603503125 0.57567801875 0.5426167734375 0.5785286640625 0.5441884609375001 0.6017380718750001 0.5409265921874999 0.6045887171875 0.5424982796875
0 0.6351303500000001 0.5539844890625 0.637980996875 0.555556175 0.65861158125 0.5526567359375 0.6614622265625 0.5542284234375 0.68982928125 0.55024169375 0.6926799265625 0.55181338125 0.7133105109375 0.5489139421875 0.7161611578125 0.5504856296875 0.73421291875 0.54794861875 0.7370635640625001 0.54952030625 0.7551153265625 0.5469832968749999 0.757965971875 0.548554984375 0.7837542015625 0.5449306843749999 0.7866048484375 0.5465023718750001 0.8098142562499999 0.543240503125 0.8126649015625 0.544812190625 0.8436107796875 0.5404630312500001 0.8464614234375001 0.54203471875 0.8774073015624999 0.5376855593750001 0.880257946875 0.539257246875 0.8957308859375 0.5370826671875 0.8966125625 0.534000275 0.8989195640625001 0.531703728125 0.8975604515625 0.5220331421875 0.8932844828125001 0.5196756109375 0.8546021375 0.5251120593749999 0.851751490625 0.523540371875 0.8259632609375 0.5271646718749999 0.8231126140624999 0.525592984375 0.80248203125 0.5284924234374999 0.799631384375 0.5269207375 0.7686855078125 0.531269896875 0.7658348609375001 0.529698209375 0.74004663125 0.5333225078125 0.7371959859375 0.5317508203125 0.713986578125 0.535012690625 0.7111359312500001 0.533441003125 0.690505346875 0.5363404421875 0.6876547015625001 0.53476875625 0.659287646875 0.538755484375 0.6564370015625001 0.5371837968750001 0.6280699484375 0.5411705265625 0.6252193015625 0.5395988390625 0.599431071875 0.5432231390625 0.596580425 0.5416514515624999 0.5656345484374999 0.5460006109375 0.5627839031249999 0.5444289234374999 0.5395744953125 0.54769079375 0.53672385 0.54611910625 0.51093561875 0.5497434046875 0.508084971875 0.54817171875 0.49003321250000004 0.5507087281249999 0.4888797109375 0.5518570015625001 0.4905106453125 0.5634617046875 0.49193596875 0.5642475484375 0.4947866140625 0.5658192359374999 0.525732490625 0.5614700765625 0.5285831375 0.5630417640625 0.5440560750000001 0.5608671843749999 0.546906721875 0.562438871875 0.5701161296875 0.5591770031250001 0.5729667734375 0.560748690625 0.6090702984374999 0.5556746703125001 0.6119209421875 0.5572463578125 0.6351303500000001 0.5539844890625
0 0.5911579375 0.5779152828125 0.6092097 0.5753782734375 0.6120603453125 0.5769499609375 0.635269753125 0.5736880906249999 0.6381203984375 0.5752597796875001 0.658750984375 0.5723603390625 0.661601628125 0.5739320265625001 0.687389859375 0.5703077265625 0.69024050625 0.5718794140625 0.708292265625 0.5693424046875 0.7111429125 0.5709140921875 0.729194675 0.5683770828125 0.73204531875 0.5699487703125 0.7526759046875 0.5670493296875 0.75552655 0.5686210171875 0.7787359578124999 0.5653591484375 0.781586603125 0.5669308359375 0.799638365625 0.5643938265624999 0.8024890093750001 0.5659655140625001 0.8256984171875 0.56270364375 0.8285490640625 0.56427533125 0.8543372953124999 0.56065103125 0.857187940625 0.56222271875 0.882976171875 0.55859841875 0.8858268171875 0.56017010625 0.8961421093749999 0.5587203875 0.8972956109375 0.5575721125 0.8967519656249999 0.553703878125 0.899058965625 0.55140733125 0.897971675 0.5436708625 0.8951210312500001 0.5420991749999999 0.893423884375 0.5393792140625 0.8779509453125 0.54155379375 0.8751003015625001 0.53998210625 0.846733246875 0.5439688359375 0.8438826015625001 0.5423971484375001 0.823252015625 0.5452965875 0.820401371875 0.5437249000000001 0.7946131390625 0.5473492 0.7917624937500001 0.5457775125000001 0.7685530859374999 0.5490393828125 0.7657024406249999 0.5474676953125 0.7476506796875 0.5500047046875001 0.7448000328125 0.5484330171875 0.7241694484375001 0.55133245625 0.721318803125 0.54976076875 0.7032670421875 0.552297778125 0.7004163953125 0.5507260921875 0.6823646343750001 0.5532631015625 0.6795139890625 0.5516914140625 0.6537257578125 0.5553157140625 0.6508751125 0.5537440265625 0.6276657046875 0.5570058953125 0.624815059375 0.5554342078125 0.599026828125 0.5590585078125 0.5961761812499999 0.5574868203125 0.5729667734375 0.560748690625 0.5701161296875 0.5591770031250001 0.5443278984375 0.5628013015625 0.5414772515624999 0.5612296140625 0.507952553125 0.565941203125 0.50510190625 0.5643695171875 0.4922077921875 0.566181665625 0.491054290625 0.567329940625 0.49295704687499997 0.5808687609375001 0.494382371875 0.5816546046875 0.502118840625 0.580567315625 0.5049694859375 0.582139003125 0.5152847781250001 0.5806892828125 0.5181354234375 0.5822609703125 0.536187184375 0.5797239609375 0.53903783125 0.5812956484375 0.559668415625 0.5783962078125 0.5625190609375 0.5799678953125 0.5883072921875 0.5763435953125 0.5911579375 0.5779152828125
0 0.614234925 0.5924229000000001 0.6170855703125 0.5939945875 0.6351373312499999 0.5914575765625 0.637987978125 0.5930292640625 0.6560397390625 0.5904922546875 0.658890384375 0.5920639421875 0.6743633234375 0.5898893625 0.6772139687500001 0.59146105 0.7004233765625 0.5881991796875 0.703274021875 0.58977086875 0.7187469609375 0.5875962875 0.72159760625 0.589167975 0.742228190625 0.5862685359375 0.7450788359375 0.5878402234375 0.7631305984375001 0.5853032140625001 0.76598124375 0.5868749015625 0.7891906515625 0.58361303125 0.792041296875 0.58518471875 0.8075142359375 0.5830101390625 0.81036488125 0.5845818265625 0.8284166421875 0.5820448171875 0.8312672890625 0.5836165046875 0.854476696875 0.580354634375 0.8573273421875 0.5819263218749999 0.8831155718750001 0.578302021875 0.8859662187499999 0.5798737093749999 0.9014391578125001 0.5776991296875 0.902320834375 0.5746167390625 0.9046278359375 0.5723201921875 0.9035405453124999 0.5645837234375 0.8992645781249999 0.5622261921875 0.896685753125 0.562588621875 0.8938351093750001 0.561016934375 0.8783621703125 0.5631915140625 0.875511525 0.5616198265625 0.8574597624999999 0.5641568359375 0.85460911875 0.5625851484375 0.8391361796875 0.5647597281250001 0.8362855328125001 0.5631880406249999 0.818233771875 0.5657250515625 0.8153831265625 0.5641533640625 0.79217371875 0.5674152328125001 0.7893230734375 0.5658435453124999 0.7712713109375 0.5683805546875 0.768420665625 0.5668088671875 0.750368903125 0.569345878125 0.7475182578124999 0.567774190625 0.7268876734374999 0.5706736296875 0.7240370281249999 0.5691019421875 0.7034064437499999 0.5720013828125 0.700555796875 0.5704296953125 0.6825040359375001 0.5729667046875 0.679653390625 0.5713950171875 0.6512863375 0.575381746875 0.6484356906250001 0.573810059375 0.630383928125 0.57634706875 0.627533284375 0.57477538125 0.6017450531249999 0.57839968125 0.59889440625 0.57682799375 0.5808426453125 0.579365003125 0.577992 0.5777933156249999 0.5599402375 0.580330325 0.55708959375 0.5787586375 0.5338801859375 0.5820205078125 0.5310295390625 0.5804488203125 0.50782013125 0.5837106890625 0.5049694859375 0.582139003125 0.49465419375 0.583588721875 0.49119369218750003 0.5870335437499999 0.49255280468749996 0.5967041296875 0.493978128125 0.5974899734375 0.5022582421874999 0.6002709187499999 0.5228888265625 0.597371478125 0.5257394718749999 0.5989431656249999 0.5412124109375 0.5967685859375 0.54406305625 0.5983402734375 0.5672724640625 0.5950784046875001 0.570123109375 0.5966500921875 0.588174871875 0.59411308125 0.5910255171875 0.59568476875 0.614234925 0.5924229000000001
0 0.602295678125 0.6197410046875 0.6203474390625 0.6172039953125 0.6231980859374999 0.6187756828125 0.641249846875 0.6162386718749999 0.6441004921875 0.6178103593750001 0.6621522546875 0.61527335 0.6650029 0.6168450375 0.6882123078125 0.61358316875 0.691062953125 0.61515485625 0.7039570687500001 0.61334270625 0.7068077140625 0.61491439375 0.7248594765624999 0.6123773828125 0.7277101218750001 0.6139490703125 0.7431830609375 0.611774490625 0.7460337046875 0.613346178125 0.7640854671875 0.61080916875 0.7669361140625 0.6123808562499999 0.787566696875 0.6094814171875 0.79041734375 0.6110531031249999 0.811047928125 0.6081536640625 0.8138985734374999 0.6097253515625 0.831950334375 0.6071883421875001 0.8348009812500001 0.6087600296875 0.8554315656249999 0.6058605906250001 0.858892065625 0.60241576875 0.8561738406250001 0.5830745953124999 0.8547485187499999 0.5822887515625 0.8495908734375 0.5830136125000001 0.8467402265624999 0.581441925 0.8286884656250001 0.5839789343749999 0.8258378203125 0.582407246875 0.805207234375 0.5853066859375 0.8023565906250001 0.5837349984375 0.7868836515625001 0.585909578125 0.7840330062499999 0.584337890625 0.76598124375 0.5868749015625 0.7631305984375001 0.5853032140625001 0.7425000125000001 0.588202653125 0.73964936875 0.5866309656250001 0.72159760625 0.589167975 0.7187469609375 0.5875962875 0.7006952 0.5901332984375001 0.697844553125 0.5885616109375 0.679792790625 0.5910986203124999 0.676942146875 0.5895269328125 0.658890384375 0.5920639421875 0.6560397390625 0.5904922546875 0.63283033125 0.593754125 0.6299796859375 0.5921824375 0.6119279234375 0.594719446875 0.609077278125 0.5931477593750001 0.5910255171875 0.59568476875 0.588174871875 0.59411308125 0.5675442875 0.597012521875 0.564693640625 0.595440834375 0.54406305625 0.5983402734375 0.5412124109375 0.5967685859375 0.5205818265625 0.5996680265625 0.5177311796875 0.5980963390625 0.494521771875 0.6013582078125 0.493368271875 0.6025064812500001 0.49635832031250005 0.623781771875 0.4977836421875 0.624567615625 0.5158354046875 0.62203060625 0.5186860484375 0.62360229375 0.5367378109375001 0.621065284375 0.53958845625 0.622636971875 0.5550613953125 0.6204623921875 0.557912040625 0.6220340796875 0.5759638015624999 0.61949706875 0.5788144484375 0.62106875625 0.5994450328125 0.6181693171875 0.602295678125 0.6197410046875
0 0.6067772578125 0.6329173953125 0.6248290203125 0.6303803859375 0.627679665625 0.6319520734374999 0.6431526046875 0.62977749375 0.6460032499999999 0.63134918125 0.6614761875 0.6291746015624999 0.664326834375 0.6307462890625 0.682378596875 0.6282092796875001 0.685229240625 0.6297809671875 0.7058598265625 0.6268815265625001 0.7087104703125 0.6284532140625 0.7241834093749999 0.626278634375 0.7270340562500001 0.627850321875 0.74250699375 0.6256757421875 0.745357640625 0.6272474296875 0.7634094015625 0.6247104203125 0.766260046875 0.6262821078125 0.78689063125 0.6233826671875 0.7897412765625 0.6249543546874999 0.8077930390624999 0.6224173453125 0.810643684375 0.6239890328125 0.826116621875 0.621814453125 0.8289672687499999 0.623386140625 0.8495978531249999 0.6204867015625 0.8524484984375 0.6220583890625 0.8705002609375001 0.619521378125 0.8716537609375001 0.6183731046875 0.8711101156250001 0.6145048703125 0.8734171171874999 0.6122083234375 0.872873471875 0.6083400890624999 0.8657468578125 0.6044108703125 0.8322221578125 0.609122459375 0.8293715125000001 0.607550771875 0.8087409265625001 0.6104502109375 0.8058902828125 0.6088785234375 0.792996165625 0.6106906734375 0.790145521875 0.6091189859374999 0.7669361140625 0.6123808562499999 0.7640854671875 0.61080916875 0.7460337046875 0.613346178125 0.7431830609375 0.611774490625 0.7277101218750001 0.6139490703125 0.7248594765624999 0.6123773828125 0.7093865375 0.6145519625 0.706535890625 0.6129802765625 0.68590530625 0.615879715625 0.6830546609375 0.614308028125 0.6650029 0.6168450375 0.6621522546875 0.61527335 0.638942846875 0.6185352203125001 0.6360922 0.6169635328124999 0.6206192609375 0.6191381125000001 0.6177686171875 0.6175664249999999 0.5997168546875 0.620103434375 0.596866209375 0.618531746875 0.5736568015625 0.6217936171875 0.57080615625 0.6202219296875 0.5553332171875 0.622396509375 0.5524825718749999 0.620824821875 0.534430809375 0.62336183125 0.531580165625 0.62179014375 0.5109495796875 0.6246895828125 0.508098934375 0.6231178953125001 0.4977836421875 0.624567615625 0.4966301421875 0.6257158890625 0.4982610765625 0.6373205937499999 0.49968639843749996 0.6381064375000001 0.5151593375 0.6359318578125001 0.518009984375 0.6375035453125 0.5437982140625001 0.6338792453125001 0.5466488593750001 0.6354509328125 0.5647006218749999 0.6329139234375 0.5675512671875 0.6344856109375 0.585603028125 0.6319486000000001 0.588453675 0.6335202875 0.6039266140625 0.6313457078125 0.6067772578125 0.6329173953125
0 0.5622612 0.65297995625 0.5651118453125 0.65455164375 0.5857424296875 0.6516522046875 0.5885930765625 0.653223890625 0.601487190625 0.6514117421875001 0.6043378374999999 0.6529834296875 0.619810775 0.6508088484375001 0.622661421875 0.6523805359375 0.6355555359375 0.6505683875 0.6384061828125 0.6521400734375 0.65645794375 0.6496030640625 0.6593085890625 0.6511747515625 0.674781528125 0.649000171875 0.6776321734375 0.6505718593750001 0.6931051125 0.6483972796875 0.69595575625 0.6499689671875 0.7114286953125 0.6477943875000001 0.7142793421875 0.649366075 0.732331103125 0.646829065625 0.7351817484375001 0.648400753125 0.7506546875 0.6462261734375 0.7535053328125 0.6477978609374999 0.768978271875 0.64562328125 0.7718289171875 0.6471949671874999 0.7898806781250001 0.6446579578125 0.792731325 0.6462296453125 0.8082042625 0.644055065625 0.811054909375 0.645626753125 0.8239490234375 0.6438146031249999 0.8267996703125 0.6453862906250001 0.8654820171875001 0.6399498421875001 0.8677890156249999 0.6376532953125 0.8703678390625 0.6372908640625 0.873828340625 0.63384604375 0.87219740625 0.6222413390625 0.870772084375 0.6214554953125 0.8656144359375 0.62218035625 0.8627637921875 0.62060866875 0.8369755609375 0.62423296875 0.8341249140624999 0.62266128125 0.8186519750000001 0.6248358609375 0.81580133125 0.6232641734375 0.8054860390625 0.6247138921875 0.8026353921875 0.62314220625 0.787162453125 0.6253167859375 0.784311809375 0.6237450984375 0.766260046875 0.6262821078125 0.7634094015625 0.6247104203125 0.745357640625 0.6272474296875 0.74250699375 0.6256757421875 0.72445523125 0.6282127515625 0.7216045875 0.6266410640625 0.7061316484375 0.62881564375 0.7032810031250001 0.62724395625 0.685229240625 0.6297809671875 0.682378596875 0.6282092796875001 0.664326834375 0.6307462890625 0.6614761875 0.6291746015624999 0.6460032499999999 0.63134918125 0.6431526046875 0.62977749375 0.6251008421875001 0.632314503125 0.6222501968749999 0.630742815625 0.6041984359375 0.633279825 0.6013477890625001 0.6317081390625 0.5858748515625 0.63388271875 0.5830242046875 0.63231103125 0.5623936203125 0.6352104703125 0.559542975 0.6336387828125 0.5440700359374999 0.6358133625 0.5412193921874999 0.634241675 0.525746453125 0.6364162546875 0.5228958078125 0.6348445671875 0.49968639843749996 0.6381064375000001 0.4962258984375 0.6415512578125 0.497041365625 0.647353609375 0.4984666875 0.648139453125 0.49989201093749996 0.648925296875 0.5007074796875 0.65472765 0.5021328015625001 0.65551349375 0.507290446875 0.6547886328125 0.5101410937499999 0.6563603203125 0.5204563859375 0.6549106 0.52330703125 0.6564822875 0.543937615625 0.6535828484375 0.5467882609375 0.6551545359375 0.5622612 0.65297995625
0 0.6021702375 0.6749835796875 0.6124855296875 0.673533859375 0.615336175 0.675105546875 0.6333879375 0.6725685375 0.6362385828125 0.674140225 0.6517115203125 0.6719656453125 0.6545621671874999 0.6735373328125001 0.6700351062500001 0.671362753125 0.6728857515625 0.672934440625 0.6857798671875 0.671122290625 0.6886305125 0.672693978125 0.7041034515625 0.6705193984375 0.7069540953125 0.6720910859375 0.722427034375 0.66991650625 0.7252776812499999 0.6714881921875 0.7433294421875 0.6689511828125 0.7461800875 0.6705228703125 0.761653025 0.668348290625 0.764503671875 0.669919978125 0.7825554343750001 0.6673829687499999 0.7854060781250001 0.6689546562500001 0.8008790171875001 0.6667800765624999 0.8037296625 0.6683517640625001 0.8166237781250001 0.6665396140625 0.8194744249999999 0.6681113015625 0.8375261859375 0.6655742921875001 0.8403768312500001 0.6671459796875 0.85842859375 0.66460896875 0.8612792390624999 0.66618065625 0.8741733546875 0.66436850625 0.8753268546875 0.6632202328125001 0.8742395640625 0.6554837640625 0.8765465656250001 0.6531872171875001 0.87491563125 0.6415825125 0.8734903078125 0.64079666875 0.84254443125 0.645145828125 0.8396937843750001 0.643574140625 0.8216420234375 0.6461111515625 0.818791378125 0.6445394640625 0.8084760859375001 0.6459891828125001 0.8056254390625 0.6444174953124999 0.7901525 0.646592075 0.78730185625 0.6450203875 0.76925009375 0.6475573984375 0.7663994484375001 0.6459857109375 0.7509265093749999 0.648160290625 0.748075865625 0.646588603125 0.7326029265625 0.6487631828125 0.7297522796875 0.6471914953125 0.7142793421875 0.649366075 0.7114286953125 0.6477943875000001 0.69595575625 0.6499689671875 0.6931051125 0.6483972796875 0.67505335 0.6509342890625 0.6722027046875 0.6493626015625 0.6593085890625 0.6511747515625 0.65645794375 0.6496030640625 0.6384061828125 0.6521400734375 0.6355555359375 0.6505683875 0.6200825984375 0.6527429671875 0.6172319515625 0.6511712796875 0.6017590125 0.653345859375 0.59890836875 0.651774171875 0.5860142515625 0.653586321875 0.5831636078125 0.652014634375 0.562533021875 0.6549140734375001 0.559682378125 0.6533423859374999 0.5442094390625 0.6555169656250001 0.5413587921875 0.6539452781249999 0.52330703125 0.6564822875 0.5204563859375 0.6549106 0.5178775625 0.6552730312499999 0.5144170609375001 0.6587178515625001 0.5172677078125 0.6602895390625 0.5183549968750001 0.6680260078125 0.516047996875 0.67032255625 0.5168634640625 0.6761249078125 0.5182887859374999 0.6769107515624999 0.5260252546874999 0.6758234609375 0.5288759015625 0.6773951484375 0.5443488390625 0.67522056875 0.5471994859375 0.67679225625 0.5600936015625 0.6749801062499999 0.562944246875 0.6765517937500001 0.5809960078125 0.674014784375 0.583846653125 0.675586471875 0.5993195921875001 0.6734118921875 0.6021702375 0.6749835796875
0 0.5900985703125 0.7200711703125 0.592949215625 0.7216428578125 0.6084221546874999 0.719468278125 0.6112728 0.721039965625 0.6215880921875 0.7195902453125 0.6244387390624999 0.7211619328125 0.6399116765625 0.718987353125 0.642762321875 0.720559040625 0.6530776140625 0.7191093203125 0.6559282609375 0.7206810078125 0.6714011984375 0.718506428125 0.67425184375 0.720078115625 0.6897247828124999 0.7179035359375 0.692575428125 0.7194752234374999 0.7080483671875 0.71730064375 0.7108990125 0.7188723312499999 0.723793128125 0.71706018125 0.7266437734375 0.71863186875 0.744695534375 0.716094859375 0.7475461812499999 0.7176665468750001 0.7578614734375 0.7162168265625 0.76071211875 0.7177885140625 0.77618505625 0.715613934375 0.779035703125 0.717185621875 0.7919298171875 0.715373471875 0.7947804640625 0.716945159375 0.8102534015625 0.7147705796875 0.8131040484375 0.7163422671874999 0.8259981640625 0.7145301171875 0.828848809375 0.7161018046875001 0.8443217484375 0.713927225 0.8471723921875001 0.7154989125 0.8626453312500001 0.7133243328125001 0.8684128328125 0.7075829640625 0.8675973656249999 0.7017806125 0.8699043671875 0.699484065625 0.8674579640625 0.682077009375 0.8697649640625 0.6797804625 0.8681340296875 0.6681757578124999 0.8638580609375 0.6658182265625 0.8561215921875001 0.6669055171875 0.8532709468749999 0.6653338296875 0.8352191859375001 0.6678708390625 0.8323685390625 0.6662991515625001 0.8168955999999999 0.66847373125 0.8140449562500001 0.6669020437500001 0.7985720171875 0.6690766234375001 0.795721371875 0.6675049359375 0.7828272562499999 0.6693170859375 0.7799766109374999 0.6677453984375 0.7593460265624999 0.6706448375 0.7564953796875 0.6690731515625 0.7410224421875 0.67124773125 0.7381717953125 0.66967604375 0.72269885625 0.6718506234375 0.7198482125 0.6702789359375 0.7069540953125 0.6720910859375 0.7041034515625 0.6705193984375 0.6860516890625 0.6730564078125 0.68320104375 0.6714847203125001 0.6677281046875 0.6736593 0.664877459375 0.6720876125 0.649404521875 0.6742621921875 0.6465538750000001 0.6726905046875 0.6310809374999999 0.674865084375 0.628230290625 0.673293396875 0.6127573515625 0.6754679765625 0.6099067078125 0.6738962890625 0.597012590625 0.6757084390625 0.594161946875 0.6741367515625 0.5786890078125 0.67631133125 0.5758383625 0.67473964375 0.5603654234375 0.6769142234375 0.5575147765625 0.6753425359375 0.5420418390624999 0.6775171156249999 0.53919119375 0.675945428125 0.52371825625 0.6781200078125 0.520867609375 0.676548321875 0.5157099640625 0.67727318125 0.5076354609375 0.685311096875 0.50872275 0.6930475656249999 0.5064157515625001 0.6953441125000001 0.5096776203125 0.7185535203125 0.5111029421875 0.7193393640625 0.5168042328125 0.7224827390625 0.524540703125 0.7213954499999999 0.5273913484375 0.7229671375 0.5428642875 0.7207925578125 0.5457149328125 0.72236424375 0.5586090484375 0.7205520953125 0.56145969375 0.7221237828125 0.574353809375 0.7203116328125 0.5772044546874999 0.7218833203125 0.5900985703125 0.7200711703125
0 0.5795184359375 0.7570598609375 0.5898337296875 0.7556101421875 0.5926843734375 0.7571818296874999 0.6107361359375 0.75464481875 0.61358678125 0.75621650625 0.6213232515625 0.7551292171874999 0.6241738953125 0.7567009046875001 0.6370680125 0.7548887546875 0.63991865625 0.7564604421875 0.65023395 0.755010721875 0.6530845953125 0.756582409375 0.668557534375 0.7544078296875 0.671408178125 0.7559795171875 0.6843022953125 0.7541673671875 0.6871529390625 0.7557390546875 0.702625878125 0.753564475 0.705476525 0.7551361625 0.7157918171875 0.7536864421875 0.7186424625 0.7552581296875001 0.731536578125 0.7534459796874999 0.7343872234375 0.7550176671875 0.744702515625 0.7535679484375 0.7475531625 0.7551396359375 0.7604472765625 0.7533274859375 0.7632979234375 0.7548991734375 0.7761920375 0.7530870234375 0.779042684375 0.7546587109375 0.7919367984375 0.7528465609375 0.7947874453125 0.7544182484374999 0.8051027359375 0.752968528125 0.8079533828125 0.754540215625 0.8234263203125 0.7523656359374999 0.8262769671875001 0.7539373234375 0.83917108125 0.7521251734375001 0.842021728125 0.7536968609375 0.8574946671875001 0.75152228125 0.8603453109375 0.75309396875 0.8655029578125 0.752369109375 0.8678099578125 0.7500725609375001 0.87154228125 0.7485618578125 0.8704549921875 0.7408253890625 0.8727619921875001 0.738528840625 0.8708592359375 0.7249900203124999 0.8731662359374999 0.7226934734375 0.87235076875 0.7168911203125 0.8695001234375 0.7153194328125 0.8678029781250001 0.7125994718750001 0.8654959765625 0.7148960203125 0.8577595078125 0.715983309375 0.8549088625 0.714411621875 0.8420147468750001 0.716223771875 0.8391641 0.714652084375 0.8262699859374999 0.716464234375 0.8234193390625 0.714892546875 0.8105252249999999 0.716704696875 0.8076745781250001 0.715133009375 0.792201640625 0.7173075890625 0.7893509953125 0.7157359015625 0.7738780578125 0.71791048125 0.7710274109374999 0.71633879375 0.7581332953125 0.71815094375 0.75528265 0.71657925625 0.7423885343750001 0.7183914062500001 0.7395378890625001 0.71681971875 0.7214861265625 0.719356728125 0.7186354828125 0.717785040625 0.705741365625 0.7195971906249999 0.702890721875 0.718025503125 0.6874177828125 0.7202000828124999 0.6845671359375001 0.7186283953125 0.671673021875 0.7204405453125 0.668822375 0.7188688578125 0.6533494375 0.7210434375 0.650498790625 0.7194717500000001 0.6376046765625001 0.7212839 0.6347540296874999 0.7197122125 0.6218599140625 0.7215243625000001 0.61900926875 0.719952675 0.608693978125 0.7214023953125 0.60584333125 0.7198307078124999 0.5877915687499999 0.7223677171875 0.584940925 0.7207960296875 0.5720468078125001 0.7226081796875 0.5691961640625001 0.7210364921875 0.556302046875 0.7228486421875 0.553451403125 0.7212769546875 0.543136109375 0.722726675 0.5402854640625 0.7211549875000001 0.5222337031250001 0.723691996875 0.5193830562499999 0.7221203093749999 0.5168042328125 0.7224827390625 0.5133437328125 0.7259275609375 0.5149746671875 0.7375322640624999 0.5126676671875 0.7398288109375 0.5142986015625 0.7514335156249999 0.515723925 0.752219359375 0.5174210687499999 0.7549393203125 0.5216970375 0.7572968515625 0.526854684375 0.756571990625 0.5297053296875001 0.7581436781249999 0.5425994453125 0.756331528125 0.5454500906249999 0.7579032156250001 0.5583442062499999 0.7560910671875 0.5611948515625 0.7576627546875 0.576667790625 0.755488175 0.5795184359375 0.7570598609375
0 0.587122484375 0.7737420578124999 0.5899731296875 0.7753137453125001 0.595130775 0.7745888843750001 0.5979814218749999 0.776160571875 0.605717890625 0.7750732828125 0.6085685375 0.7766449703125 0.61630500625 0.7755576796875 0.6191556515625 0.7771293671875 0.6268921203125 0.7760420781249999 0.629742765625 0.7776137656250001 0.6452157046875 0.7754391859374999 0.6480663515625 0.7770108718750001 0.6635392890625 0.7748362921874999 0.6663899343749999 0.7764079796875001 0.6792840499999999 0.77459583125 0.6821346953125 0.77616751875 0.6898711640624999 0.775080228125 0.6927218109375 0.776651915625 0.7004582796875 0.775564625 0.703308925 0.7771363124999999 0.7523065640625 0.77025014375 0.755157209375 0.77182183125 0.765472503125 0.7703721109375 0.768323146875 0.7719437984375 0.7837960859375 0.76976921875 0.7866467312500001 0.7713409062500001 0.799540846875 0.76952875625 0.8023914921875 0.77110044375 0.8127067859375 0.769650725 0.8155574296875001 0.7712224125 0.820715078125 0.7704975515625 0.8235657218749999 0.7720692390624999 0.8338810140625 0.77061951875 0.8367316609375001 0.77219120625 0.8522046 0.7700166265624999 0.8550552437500001 0.7715883140625001 0.8627917125 0.770501025 0.8639452140625 0.7693527515625 0.8634015703125 0.7654845156250001 0.86570856875 0.76318796875 0.86434945625 0.7535173828125 0.8629241343749999 0.7527315390625 0.8526088421875 0.7541812593749999 0.849758196875 0.7526095703125 0.8368640812500001 0.7544217203125 0.8340134359375 0.7528500328125001 0.8236981437500001 0.754299753125 0.820847496875 0.752728065625 0.8053745593749999 0.7549026453125001 0.8025239140625 0.7533309578125 0.792208621875 0.754780678125 0.7893579749999999 0.753208990625 0.7764638609375 0.755021140625 0.7736132140625 0.753449453125 0.7632979234375 0.7548991734375 0.7604472765625 0.7533274859375 0.7449743375 0.755502065625 0.7421236921875 0.753930378125 0.7292295765625 0.755742528125 0.72637893125 0.754170840625 0.713484815625 0.755982990625 0.7106341703125 0.754411303125 0.700318878125 0.755861021875 0.6974682328124999 0.754289334375 0.6845741171874999 0.756101484375 0.681723471875 0.754529796875 0.6688293562500001 0.756341946875 0.6659787109375 0.7547702593750001 0.6530845953125 0.756582409375 0.65023395 0.755010721875 0.637339834375 0.7568228718750001 0.6344891890625 0.7552511843749999 0.6215950734375 0.757063334375 0.6187444281250001 0.755491646875 0.6110079578125001 0.7565789374999999 0.6081573125 0.75500725 0.5926843734375 0.7571818296874999 0.5898337296875 0.7556101421875 0.5769396125 0.7574222921875 0.5740889671875 0.7558506046875 0.5586160296875 0.758025184375 0.5557653828125 0.7564534968750001 0.5454500906249999 0.7579032156250001 0.5425994453125 0.756331528125 0.5271265078125 0.7585061078125 0.5242758609375 0.756934421875 0.5216970375 0.7572968515625 0.5182365359375 0.760741671875 0.519867471875 0.7723463765624999 0.5212927953125 0.7731322203125 0.5241434390624999 0.7747039078125 0.5344587328125 0.7732541875 0.537309378125 0.774825875 0.55020349375 0.773013725 0.5530541390625 0.7745854125 0.56336943125 0.7731356921875 0.5662200765625001 0.7747073796875 0.5739565468750001 0.7736200906249999 0.5768071921875 0.7751917765624999 0.587122484375 0.7737420578124999
0 0.5517089875 0.839861003125 0.554559634375 0.841432690625 0.562296103125 0.8403454015625 0.5651467484375 0.8419170890625001 0.567725571875 0.841554659375 0.5700325734375 0.8392581109374999 0.5829266875 0.8374459609375 0.585777334375 0.8390176484375 0.5883561562499999 0.8386552187499999 0.59066315625 0.836358671875 0.593513803125 0.837930359375 0.60640791875 0.8361182093749999 0.6092585640625 0.837689896875 0.6273103250000001 0.8351528874999999 0.6301609703125 0.8367245750000001 0.637897440625 0.835637284375 0.6407480859375 0.8372089718750001 0.656221025 0.8350343921875 0.65907166875 0.8366060796875001 0.6693869625 0.8351563593750001 0.6722376078125001 0.836728046875 0.6851317234375001 0.834915896875 0.68798236875 0.8364875843749999 0.7008764843749999 0.834675434375 0.7037271296875 0.836247121875 0.7243577140624999 0.8333476828125 0.7272083609375 0.8349193703125 0.7426813 0.8327447906250001 0.74553194375 0.834316478125 0.7558472359375 0.8328667578125 0.7586978828125 0.8344384453125 0.77674964375 0.8319014359375 0.7779031453125 0.8307531625 0.7768158546875 0.8230166921875 0.7725398859375 0.8206591624999999 0.7570669484375 0.8228337421875 0.7542163015625001 0.8212620546875 0.7387433640625 0.823436634375 0.7358927171875 0.821864946875 0.7255774265625 0.823314665625 0.7227267796875 0.8217429796875001 0.7098326640625 0.823555128125 0.70698201875 0.821983440625 0.6966667265625001 0.8234331609375 0.6938160812499999 0.8218614734375 0.67576431875 0.8243984828125 0.6729136734375001 0.822826796875 0.6600195578125 0.8246389453124999 0.6571689125 0.8230672578125 0.6416959734375001 0.8252418374999999 0.6388453296875001 0.8236701500000001 0.6233723906249999 0.8258447296875 0.62052174375 0.8242730437500001 0.6024699828125 0.8268100531250001 0.5996193375 0.825238365625 0.5867252203125 0.827050515625 0.5838745765625 0.8254788281250001 0.5684016375 0.8276534078125 0.5655509921874999 0.8260817203125 0.5578145218749999 0.8271690093749999 0.5549638765625 0.825597321875 0.5394909375 0.8277719015624999 0.53664029375 0.8262002140625 0.5343332921874999 0.8284967625 0.531482646875 0.8269250749999999 0.526325 0.827649934375 0.5251715 0.8287982078124999 0.5268686453125 0.8315181687500001 0.5299911140625 0.8350239734375 0.5322981140625 0.8327274265625 0.5337234375000001 0.8335132703125 0.5314164359375 0.8358098171874999 0.5356924046875 0.8381673484375 0.538271228125 0.8378049187500001 0.5411218734375 0.8393766062499999 0.5434288734375 0.837080059375 0.5491301640625 0.8402234343749999 0.5517089875 0.839861003125
0 0.6047769828125 0.8245135046875 0.6076276296875001 0.8260851921875 0.625679390625 0.8235481828125 0.6285300359375 0.8251198703125 0.6414241515625 0.8233077203124999 0.644274796875 0.8248794078125 0.66490538125 0.82197996875 0.667756028125 0.82355165625 0.6780713203125 0.8221019359374999 0.6809219640624999 0.8236736234375 0.6912372578125 0.822223903125 0.694087903125 0.8237955906250001 0.70698201875 0.821983440625 0.7098326640625 0.823555128125 0.727884425 0.82101811875 0.7307350718750001 0.8225898062500001 0.7436291859375 0.82077765625 0.7464798328125 0.82234934375 0.756795125 0.8208996234375 0.7596457703125 0.8224713109374999 0.7725398859375 0.8206591624999999 0.77539053125 0.8222308500000001 0.783127 0.821143559375 0.7859776468749999 0.8227152468750001 0.7988717609375 0.820903096875 0.8017224078125 0.822474784375 0.8146165218749999 0.8206626343750001 0.81746716875 0.822234321875 0.8329401078125 0.8200597421875001 0.835790753125 0.8216314296875 0.8461060437500001 0.820181709375 0.8489566906249999 0.821753396875 0.867008453125 0.8192163875 0.8698590968750001 0.820788075 0.8853320359374999 0.8186134953125 0.88818268125 0.8201851828125 0.9010767968750001 0.8183730328125 0.9039274421875 0.8199447203125001 0.9116639125000001 0.8188574296875 0.9128174124999999 0.81770915625 0.9109146546875 0.8041703359374999 0.9049415421875 0.79909284375 0.904397896875 0.7952246093750001 0.898424784375 0.7901471171875001 0.8978811390624999 0.78627888125 0.8936051703125001 0.7839213515625 0.8884475234375 0.7846462109375001 0.8872940234375 0.785794484375 0.889468603125 0.8012674234375 0.888315103125 0.802415696875 0.8779998109375 0.8038654171875 0.8751491640625 0.8022937296875 0.86999151875 0.8030185890625001 0.8665310171874999 0.8064634093749999 0.8670746625 0.8103316453125 0.8659211625 0.8114799187499999 0.8504482250000001 0.8136544984375 0.847597578125 0.8120828109374999 0.8347034640625 0.8138949609375 0.8318528171875 0.8123232734375 0.8215375249999999 0.8137729921875 0.8186868796875 0.8122013046875001 0.8006351171875 0.8147383156249999 0.797784471875 0.8131666281250001 0.78489035625 0.814978778125 0.7820397109375 0.813407090625 0.7691455953124999 0.8152192390625 0.76629495 0.8136475531249999 0.753400834375 0.8154597015625 0.7505501890625 0.813888015625 0.7299196046875001 0.8167874546875 0.7270689578125 0.8152157671875001 0.7193324890625 0.81630305625 0.71648184375 0.8147313687500001 0.70100890625 0.8169059484375 0.698158259375 0.8153342625000001 0.680106496875 0.8178712718750001 0.6772558531249999 0.816299584375 0.6617829140625 0.8184741640625001 0.65893226875 0.8169024765625 0.6434593296875 0.8190770562499999 0.640608684375 0.81750536875 0.6328722140624999 0.818592659375 0.6300215703125 0.817020971875 0.6197062765625 0.818470690625 0.61685563125 0.8168990031250001 0.603961515625 0.818711153125 0.6011108703125 0.817139465625 0.5882167546875 0.8189516156250001 0.585366109375 0.817379928125 0.57247199375 0.819192078125 0.5696213484375 0.817620390625 0.554148409375 0.8197949703124999 0.5512977640625001 0.8182232828125 0.533246003125 0.8207602921875001 0.53039535625 0.81918860625 0.5252377109374999 0.8199134656249999 0.5240842109375 0.8210617390625 0.52462785625 0.8249299734375001 0.526053178125 0.8257158171875 0.5289038234375 0.8272875046875001 0.5417979390625 0.8254753546875 0.5446485859375 0.8270470421875 0.5575427000000001 0.8252348921875001 0.560393346875 0.8268065796874999 0.5655509921874999 0.8260817203125 0.5684016375 0.8276534078125 0.5864533984375 0.8251163984375 0.5893040453125 0.8266880859375 0.6047769828125 0.8245135046875
0 0.6137401437500001 0.8508662875 0.6165907890625 0.852437975 0.632063728125 0.8502633953125001 0.6349143734375 0.8518350828125 0.6503873125 0.8496605031250001 0.6532379578125 0.851232190625 0.6661320734375 0.849420040625 0.6689827187499999 0.8509917281250001 0.681876834375 0.849179578125 0.6847274796875 0.850751265625 0.6976215953125 0.8489391156250001 0.700472240625 0.8505108031249999 0.7107875328125 0.8490610843749999 0.7136381796875 0.8506327718750001 0.7291111171875 0.8484581921875 0.7319617625 0.8500298796875001 0.7448558796875 0.8482177296875 0.7477065234375 0.8497894171875 0.760600640625 0.8479772671875001 0.763451284375 0.8495489546874999 0.7763454015625 0.8477368046875 0.7791960453125 0.8493084921875 0.802405453125 0.846046621875 0.8052561 0.847618309375 0.8233078609375 0.8450813 0.8244613609375 0.8439330265624999 0.8217431375 0.824591853125 0.81746716875 0.822234321875 0.8123095234375001 0.8229591812500001 0.8094588765624999 0.82138749375 0.7965647625 0.82319964375 0.793714115625 0.8216279562500001 0.7782411765624999 0.8238025359375 0.7747806765624999 0.8272473578125 0.775324321875 0.8311155921875001 0.7741708218750001 0.832263865625 0.763855528125 0.8337135859375 0.7610048828125 0.8321418984375001 0.750689590625 0.8335916171875001 0.7478389453125 0.83201993125 0.7297871828125 0.834556940625 0.7269365375 0.8329852531249999 0.7114636 0.8351598328125001 0.7086129531250001 0.8335881453124999 0.6931400156249999 0.835762725 0.69028936875 0.8341910374999999 0.6773952546875 0.8360031875 0.6745446078125 0.8344315 0.6616504921875 0.8362436499999999 0.658799846875 0.8346719625000001 0.64590573125 0.8364841125 0.6430550859374999 0.834912425 0.6301609703125 0.8367245750000001 0.6273103250000001 0.8351528874999999 0.6169950328125 0.8366026062499999 0.6141443875 0.8350309203125 0.5986714484375 0.8372054999999999 0.595820803125 0.8356338125 0.5803478640625 0.8378083921874999 0.5774972203125001 0.8362367046875001 0.56202428125 0.838411284375 0.559173634375 0.8368395968750001 0.551437165625 0.8379268859375 0.5485865203125 0.8363551984375001 0.5331135812500001 0.838529778125 0.5302629359375 0.836958090625 0.524495434375 0.8426994593750001 0.5255827234375 0.850435928125 0.527008046875 0.8512217718749999 0.530130515625 0.8547275765625001 0.537866984375 0.8536402875 0.5407176296875 0.8552119749999999 0.5639270375 0.8519501046875 0.5667776828125 0.8535217921875 0.582250621875 0.8513472125 0.5851012671875 0.8529189 0.60057420625 0.8507443203125 0.6034248515625 0.8523160078125 0.6137401437500001 0.8508662875
0 0.6009854296875 0.872382040625 0.6190371921875 0.86984503125 0.6218878375 0.8714167187499999 0.6399395984375 0.868879709375 0.64279024375 0.870451396875 0.655684359375 0.868639246875 0.6585350062499999 0.870210934375 0.6765867671875 0.8676739250000001 0.6794374125 0.8692456125 0.6897527046875 0.8677958921875 0.6926033515625 0.8693675796875 0.7106551125 0.8668305703125 0.7135057578125 0.8684022578124999 0.7263998734375 0.8665901078125 0.72925051875 0.8681617953125 0.7395658125 0.866712075 0.74241645625 0.8682837625 0.7630470421875 0.8653843218749999 0.7658976859375 0.8669560093750001 0.781370625 0.8647814296874999 0.784221271875 0.8663531171875001 0.7945365640625 0.8649033984375001 0.7956900640625 0.863755125 0.7943309515625 0.8540845375 0.7966379531250001 0.851787990625 0.7963661296875 0.8498538734375 0.7920901625 0.8474963421874999 0.78177486875 0.8489460624999999 0.7789242234375 0.847374375 0.7660301078125 0.8491865234375 0.7631794625 0.8476148374999999 0.7451277015625 0.850151846875 0.7422770546875 0.8485801593750001 0.7293829406250001 0.850392309375 0.72653229375 0.848820621875 0.71105935625 0.8509952015625 0.708208709375 0.8494235140624999 0.69789341875 0.8508732328124999 0.6950427718750001 0.849301546875 0.6847274796875 0.850751265625 0.681876834375 0.849179578125 0.6689827187499999 0.8509917281250001 0.6661320734375 0.849420040625 0.6506591359375 0.8515946203125001 0.6478084890625 0.8500229328125 0.6349143734375 0.8518350828125 0.632063728125 0.8502633953125001 0.6140119656249999 0.8528004046875 0.6111613218749999 0.8512287171875 0.5982672046874999 0.8530408671874999 0.5954165609375 0.8514691796875 0.5773647984375 0.8540061906249999 0.5745141515625 0.852434503125 0.5641988609374999 0.853884221875 0.5613482140625 0.852312534375 0.543296453125 0.8548495453125 0.5404458078125 0.8532778578125001 0.530130515625 0.8547275765625001 0.5266700140625 0.8581723984374999 0.528572771875 0.87171121875 0.52999809375 0.8724970624999999 0.535155740625 0.871772203125 0.5380063859375 0.8733438906250001 0.5509005015625 0.8715317406249999 0.553751146875 0.8731034281250001 0.5666452625 0.871291278125 0.5694959078124999 0.872862965625 0.5798112 0.8714132453125 0.582661846875 0.8729849328125001 0.598134784375 0.870810353125 0.6009854296875 0.872382040625
0 0.6054739921875 0.923031521875 0.6209469296875 0.9208569421874999 0.623797575 0.9224286296875001 0.636691690625 0.9206164796874999 0.6395423359375 0.9221881671875 0.649857628125 0.920738446875 0.652708275 0.9223101343750001 0.6707600359375 0.9197731250000001 0.67361068125 0.9213448124999999 0.686504796875 0.9195326625 0.6893554421875 0.92110435 0.70482838125 0.9189297703125 0.7076790265625 0.9205014578125 0.723151965625 0.918326878125 0.7260026093749999 0.919898565625 0.7414755484375 0.9177239859374999 0.7443261953125 0.919295671875 0.757220309375 0.9174835234375 0.76007095625 0.919055209375 0.77554389375 0.9168806296875 0.778394540625 0.9184523171875 0.7938674796875 0.9162777375 0.7967181234375 0.917849425 0.8121910625 0.9156748453124999 0.8150417078125001 0.9172465328125 0.830514646875 0.9150719531249999 0.8333652921875 0.916643640625 0.8462594078125001 0.914831490625 0.849110053125 0.9164031781249999 0.8645829921875 0.9142285984375 0.8657364921875 0.9130803249999999 0.8646492015625 0.90534385625 0.8669562031250001 0.9030473078125001 0.8661407359375 0.89724495625 0.8618647671874999 0.894887425 0.8489706515625001 0.8966995750000001 0.84612000625 0.8951278874999999 0.8280682453124999 0.8976648968750001 0.8252175984375001 0.8960932109374999 0.8123234828125 0.897905359375 0.8094728375000001 0.896333671875 0.7939998984375001 0.8985082515625 0.7911492546875001 0.8969365640625 0.7730974921875 0.899473575 0.7702468453125 0.8979018875 0.7599315546875001 0.89935160625 0.757080909375 0.8977799203125001 0.746765615625 0.8992296390625001 0.743914971875 0.8976579515625 0.7310208546875 0.8994701015625 0.7281702109375 0.8978984140625 0.71527609375 0.8997105640624999 0.7124254484375 0.8981388765625 0.6943736875 0.9006758859374999 0.691523040625 0.8991041984375 0.6786289265625001 0.9009163484375 0.6757782796875 0.8993446609375001 0.65772651875 0.9018816703124999 0.6548758734375 0.900309984375 0.6419817578125 0.9021221328125 0.6391311125 0.9005504468750001 0.6236581734375 0.9027250265625 0.6208075281250001 0.9011533390625001 0.6104922359375 0.9026030578125 0.607641590625 0.9010313703125 0.5921686515625 0.90320595 0.5893180046875 0.9016342625 0.576423890625 0.9034464124999999 0.5735732437500001 0.9018747250000001 0.55810030625 0.9040493046875 0.5552496609375 0.9024776171875001 0.54493436875 0.9039273375000001 0.542083721875 0.90235565 0.5369260765625 0.9030805109375001 0.5334655749999999 0.9065253312499999 0.5356401546875 0.9219982703125 0.5370654781249999 0.9227841140624999 0.5396443015625 0.9224216828125 0.542494946875 0.9239933703125001 0.5528102390625 0.9225436515625001 0.555660884375 0.9241153390625 0.5711338234375 0.9219407593750001 0.57398446875 0.9235124453125 0.586878584375 0.921700296875 0.5897292296875001 0.9232719843750001 0.6026233453125001 0.921459834375 0.6054739921875 0.923031521875
0 0.597054475 0.9005469734375 0.5999051203125 0.9021186609375 0.6102204140625 0.900668940625 0.6130710578125 0.9022406281249999 0.6285439968750001 0.9000660484375 0.6313946421875001 0.9016377359375 0.64686758125 0.8994631562500001 0.649718228125 0.90103484375 0.6626123421875 0.89922269375 0.6654629890625 0.9007943812500001 0.678357103125 0.89898223125 0.68120775 0.90055391875 0.701838334375 0.8976544796875 0.7046889796875 0.8992261671874999 0.72016191875 0.8970515875 0.7230125625 0.8986232749999999 0.741064325 0.8960862640625 0.743914971875 0.8976579515625 0.751651440625 0.8965706625 0.752804940625 0.8954223890625 0.7522612953125 0.891554153125 0.754568296875 0.8892576062499999 0.7523937171874999 0.8737846671874999 0.75096839375 0.872998825 0.7354954546875 0.8751734046875 0.7331884546875 0.8774699515625001 0.7280308078125 0.8781948109375 0.7251801625 0.8766231234375 0.709707225 0.8787977031249999 0.706856578125 0.877226015625 0.6939624640625001 0.879038165625 0.6911118171874999 0.8774664781249999 0.675638878125 0.8796410578125 0.6727882328125 0.8780693703125 0.654736471875 0.88060638125 0.6518858265625 0.8790346937500001 0.6415705328125 0.8804844125000001 0.6387198890625 0.878912725 0.625825771875 0.880724875 0.622975128125 0.8791531875 0.6075021890625 0.8813277671874999 0.6046515421875001 0.8797560796875 0.591757428125 0.8815682296875 0.5889067812500001 0.8799965421874999 0.5708550203125 0.8825335531249999 0.568004375 0.880961865625 0.5551102593749999 0.8827740140625 0.5522596140625 0.8812023265625 0.5342078515625001 0.8837393375 0.5313572062499999 0.8821676500000001 0.5278967046874999 0.8856124703124999 0.5292558171875 0.8952830578125001 0.5306811406249999 0.8960689000000001 0.5323782859375 0.8987888625 0.5363824312500001 0.899212275 0.542083721875 0.90235565 0.552399015625 0.90090593125 0.5552496609375 0.9024776171875001 0.5681437765624999 0.90066546875 0.5709944218749999 0.9022371546875 0.5838885375 0.9004250062500001 0.5867391828125 0.9019966937499999 0.597054475 0.9005469734375
0 0.622975128125 0.8791531875 0.625825771875 0.880724875 0.6361410656250001 0.87927515625 0.6389917109375001 0.8808468421875 0.65446465 0.8786722625 0.65731529375 0.88024395 0.6702094109375001 0.8784318000000001 0.6730600546875001 0.8800034890624999 0.68853299375 0.8778289078125001 0.691383640625 0.8794005953124999 0.706856578125 0.877226015625 0.709707225 0.8787977031249999 0.7251801625 0.8766231234375 0.7280308078125 0.8781948109375 0.73060963125 0.87783238125 0.7340701328125 0.8743875609374999 0.7332546640625 0.8685852078125 0.7318293421875001 0.8677993640624999 0.7266716953125 0.868524225 0.72382105 0.8669525374999999 0.7083481125 0.8691271171875 0.7054974656249999 0.8675554296874999 0.690024528125 0.869730009375 0.68717388125 0.868158321875 0.6742797671874999 0.8699704718750001 0.6714291203125 0.868398784375 0.65595618125 0.8705733640625001 0.6531055375 0.8690016765624999 0.6376325984375 0.8711762562500001 0.634781953125 0.86960456875 0.6193090140625 0.8717791484375 0.61645836875 0.8702074609375 0.5984066078125 0.8727444703125 0.5955559609375001 0.8711727828125 0.58524066875 0.8726225031249999 0.5823900234375 0.8710508156250001 0.5669170859375 0.8732253953125 0.5640664390625 0.8716537078125001 0.551172325 0.8734658578125 0.548321678125 0.8718941703124999 0.530269915625 0.8744311796875 0.529116415625 0.8755794546875 0.5296600609375 0.8794476890625 0.5310853828125001 0.8802335328125 0.539365496875 0.8830144765625001 0.5522596140625 0.8812023265625 0.5551102593749999 0.8827740140625 0.568004375 0.880961865625 0.5708550203125 0.8825335531249999 0.5863279578125 0.8803589734375 0.5891786046874999 0.8819306593749999 0.6046515421875001 0.8797560796875 0.6075021890625 0.8813277671874999 0.622975128125 0.8791531875
0 0.1238961765625 0.9019584921874999 0.1262031765625 0.8996619453125 0.1365184703125 0.898212225 0.1388254703125 0.895915678125 0.14140429375000002 0.8955532484375001 0.14601829375 0.8909601546875001 0.151175940625 0.89023529375 0.158368765625 0.88527976875 0.1635264109375 0.884554909375 0.1681404125 0.879961815625 0.17587688125 0.878874525 0.1781838828125 0.876577978125 0.183341528125 0.8758531187499999 0.1856485296875 0.8735565703124999 0.1933849984375 0.8724692812500001 0.195692 0.8701727343749999 0.20342846875 0.8690854437500001 0.20573546875 0.866788896875 0.21089311562500002 0.8660640359375 0.213200115625 0.8637674890625 0.2183577625 0.8630426296874999 0.2206647625 0.8607460828125 0.225822409375 0.8600212218750001 0.228129409375 0.857724675 0.23586587812499998 0.8566373859375 0.2381728796875 0.8543408375 0.24333052500000002 0.8536159781249999 0.2456375265625 0.85131943125 0.250795171875 0.8505945703125001 0.25310217343749997 0.8482980234375 0.25825981875 0.8475731640624999 0.2605668203125 0.8452766171875 0.265724465625 0.8445517562499999 0.26803146718750004 0.842255209375 0.2757679359375 0.8411679187500001 0.2780749375 0.8388713718749999 0.2832325828125 0.8381465125 0.28553958437500004 0.835849965625 0.2906972296875 0.8351251046874999 0.29300423124999997 0.8328285578125 0.2981618765625 0.8321036984375001 0.300468878125 0.82980715 0.3056265234375 0.8290822906249999 0.30793352500000004 0.82678574375 0.3130911703125 0.8260608828124999 0.31539817187499997 0.8237643359375 0.323134640625 0.8226770468750001 0.325441640625 0.8203804984374999 0.3305992875 0.8196556390625 0.3329062875 0.8173590921875 0.338063934375 0.8166342312499999 0.340370934375 0.814337684375 0.34552858125 0.8136128250000001 0.34783558124999997 0.8113162781250001 0.35557205000000003 0.8102289875 0.362764875 0.8052734640624999 0.367922521875 0.804548603125 0.37022952187499997 0.8022520562500001 0.3739618453125 0.800741353125 0.37287455468749997 0.7930048828125 0.3774885578125 0.7884117890625 0.37721673437500003 0.786477671875 0.3818307359375 0.7818845765625 0.38359409218749996 0.7757197953125 0.3882080921875 0.7711267 0.387664446875 0.767258465625 0.3899714484375 0.76496191875 0.3896996265625 0.7630278015624999 0.3943136265625 0.75843470625 0.3940418046875 0.7565005890625 0.40299798437499995 0.7453802828125 0.40272616250000004 0.743446165625 0.40706834062499997 0.736918953125 0.4065246953125 0.73305071875 0.4050993734375 0.732264875 0.3999417265625 0.7329897359374999 0.382639221875 0.7502138390625 0.38291104374999996 0.7521479578125 0.37368304218750004 0.7613341453125 0.373954865625 0.7632682640625 0.37049436406249997 0.766713084375 0.3653367171875 0.76743794375 0.360722715625 0.7720310390625 0.3581438921875 0.77239346875 0.35583689375 0.774690015625 0.3506792453125 0.7754148765625 0.348372246875 0.7777114234375 0.3432145984375 0.7784362828125 0.34090760000000003 0.7807328296875 0.3357499515625 0.781457690625 0.333442953125 0.7837542375 0.3282853046875 0.784479096875 0.32597830625 0.7867756453125 0.3208206578125 0.7875005046875 0.318513659375 0.7897970515625 0.3133560125 0.7905219125 0.3061631875 0.7954774359375001 0.30100554218750003 0.796202296875 0.298698540625 0.79849884375 0.2935408953125 0.799223703125 0.29123389375 0.8015202499999999 0.2860762484375 0.8022451109375 0.283769246875 0.8045416578125 0.27861160156250003 0.8052665171875001 0.2763046 0.807563065625 0.2711469546875 0.8082879249999999 0.268839953125 0.8105844718749999 0.2636823078125 0.8113093328125001 0.26137530625 0.8136058796875 0.2562176609375 0.8143307390625001 0.24902483593750002 0.8192862640625 0.243867190625 0.8200111234374999 0.2415601890625 0.8223076703125001 0.23640254375 0.82303253125 0.2340955421875 0.825329078125 0.228937896875 0.8260539375 0.22663089531249997 0.8283504859375 0.22147325 0.8290753453124999 0.21916624843750002 0.8313718921875 0.214008603125 0.8320967515625 0.2117016015625 0.8343933 0.20654395625 0.8351181593750001 0.20423695468749997 0.83741470625 0.199079309375 0.8381395671874999 0.196772309375 0.8404361140625 0.1916146625 0.8411609734375001 0.1844218390625 0.8461164984374999 0.17926419062500001 0.8468413578125 0.1769571921875 0.8491379046875001 0.17179954375 0.849862765625 0.1694925453125 0.8521593125000001 0.1643348984375 0.8528841734375 0.1620278984375 0.8551807203124999 0.1568702515625 0.8559055796875 0.1545632515625 0.8582021265625001 0.1494056046875 0.8589269875 0.1470986046875 0.8612235343749999 0.1419409578125 0.86194839375 0.13963395781250001 0.864244940625 0.1344763109375 0.8649698015625 0.1321693109375 0.8672663484375001 0.1295904875 0.867628778125 0.1272834859375 0.8699253265625 0.12212584062500001 0.8706501859375001 0.114933015625 0.8756057109375 0.10719654687499999 0.8766930000000001 0.10000372187499999 0.8816485249999999 0.0948460765625 0.882373384375 0.092539075 0.88466993125 0.0873814296875 0.8853947921875 0.0839209296875 0.8888396125 0.0841927515625 0.8907737296875 0.08188575000000001 0.8930702765625 0.0824293953125 0.8969385125 0.08385471718750001 0.89772435625 0.085280040625 0.8985101984374999 0.0858236859375 0.902378434375 0.0915249765625 0.9055218078125 0.09179679843750001 0.9074559265625 0.09607276718749999 0.90981345625 0.098651590625 0.9094510265625001 0.10095859062500001 0.9071544796875 0.10611623750000002 0.9064296203125 0.1084232375 0.904133071875 0.1238961765625 0.9019584921874999
0 0.10882050000000001 0.8508246156249999 0.11601332499999999 0.845869090625 0.12374979374999999 0.8447818 0.13094261875 0.8398262765625001 0.136100265625 0.839101415625 0.138407265625 0.83680486875 0.1435649125 0.836080009375 0.15075773750000002 0.831124484375 0.1559153828125 0.8303996250000001 0.158222384375 0.8281030765624999 0.1633800296875 0.8273782171875 0.1656870296875 0.8250816703125 0.1708446765625 0.8243568109374999 0.1731516765625 0.8220602625 0.18088814687500002 0.8209729734375 0.18808097031249998 0.8160174484375 0.1932386171875 0.8152925890624999 0.19554561718750002 0.8129960421875 0.2007032640625 0.8122711812500001 0.2030102640625 0.8099746343750001 0.2081679109375 0.809249775 0.2104749109375 0.8069532265625 0.21563255781250001 0.8062283671875001 0.2179395578125 0.8039318203124999 0.22309720312499998 0.803206959375 0.2254042046875 0.8009104125000001 0.23056185 0.800185553125 0.2328688515625 0.7978890062499999 0.23802649687500002 0.7971641453125 0.2403334984375 0.7948675984375 0.24549114374999997 0.7941427390625 0.2477981453125 0.7918461906250001 0.252955790625 0.7911213312500001 0.260148615625 0.78616580625 0.2653062609375 0.785440946875 0.2676132625 0.7831444000000001 0.2727709078125 0.7824195406250001 0.27996373281250003 0.777464015625 0.2851213796875 0.7767391546875 0.2874283796875 0.7744426078125 0.2951648484375 0.77335531875 0.29747185 0.7710587703125 0.3026294953125 0.7703339109375 0.3098223203125 0.7653783859375001 0.3149799671875 0.7646535265625001 0.3172869671875 0.7623569796874999 0.3224446140625 0.7616321187499999 0.3247516140625 0.759335571875 0.3299092609375 0.7586107125 0.337102084375 0.7536551874999999 0.34225973125000003 0.7529303281249999 0.3480272328125 0.7471889593750001 0.3474835875 0.743320725 0.34205411875 0.7421114671875 0.3417822953125 0.74017735 0.3389316515625 0.7386056625 0.335537359375 0.733165740625 0.3341120375 0.732379896875 0.328954390625 0.7331047578125001 0.326647390625 0.7354013046875 0.32148974375 0.7361261640625 0.31918274375 0.7384227109375 0.314025096875 0.739147571875 0.311718096875 0.7414441187499999 0.30656045 0.7421689781249999 0.30425345 0.7444655265625 0.299095803125 0.7451903859375 0.296788803125 0.7474869328125 0.29163115624999997 0.74821179375 0.28932415625 0.7505083406249999 0.284166509375 0.7512331999999999 0.281859509375 0.753529746875 0.2767018625 0.7542546078125001 0.2695090390625 0.7592101328124999 0.2643513921875 0.7599349921874999 0.26204439218750003 0.7622315390625001 0.254307921875 0.7633188296875 0.24711509843749999 0.768274353125 0.241957453125 0.7689992140624999 0.23965045156250003 0.7712957609375 0.23449280625000002 0.7720206203125 0.2321858046875 0.7743171671875 0.227028159375 0.775042028125 0.2247211578125 0.777338575 0.2195635125 0.778063434375 0.2123706875 0.783018959375 0.20721304218749997 0.78374381875 0.204906040625 0.7860403671875 0.1997483953125 0.7867652265625 0.19744139375 0.7890617734375 0.1922837484375 0.7897866328125 0.189976746875 0.79208318125 0.1848191015625 0.792808040625 0.17762627656250002 0.7977635656250001 0.1724686296875 0.7984884250000001 0.17016162968749998 0.800784971875 0.1650039828125 0.8015098328124999 0.1626969828125 0.8038063796875001 0.1575393359375 0.8045312390625 0.15523233593750002 0.8068277875 0.15007468906250002 0.8075526468750001 0.14776768906249999 0.8098491937500001 0.1426100421875 0.8105740546875 0.13541721874999998 0.815529578125 0.13025957187499998 0.8162544390625 0.127952571875 0.8185509859375 0.122794925 0.8192758453125 0.11560210156249999 0.8242313703124999 0.11044445624999999 0.8249562296875 0.1081374546875 0.8272527765625 0.102979809375 0.8279776375000001 0.10067280781250001 0.8302741843750001 0.098093984375 0.8306366140625 0.090901159375 0.8355921390625 0.088050515625 0.8340204515625 0.0857435140625 0.8363169984375001 0.08058586875 0.8370418578125 0.0782788671875 0.8393384062499999 0.07570004375 0.8397008359375 0.06993254374999999 0.845442203125 0.07162968750000001 0.848162165625 0.07332683281249999 0.8508821265625001 0.076177478125 0.8524538140625 0.0769929453125 0.8582561656250001 0.0812689140625 0.860613696875 0.083575915625 0.8583171484375001 0.09389120625 0.8568674296875001 0.0961982078125 0.8545708828125 0.10135585312499999 0.853846021875 0.1036628546875 0.851549475 0.10882050000000001 0.8508246156249999
0 0.0948321140625 0.8074272062500001 0.10202493906250001 0.8024716812499999 0.10976140781249999 0.8013843921875001 0.112068409375 0.7990878453125 0.1172260546875 0.798362984375 0.11953305624999999 0.7960664375000001 0.127269525 0.7949791484375 0.13446235 0.7900236234375 0.14219881875 0.7889363328125001 0.14939164375 0.783980809375 0.1545492890625 0.7832559484375 0.156856290625 0.7809594015625 0.1620139359375 0.7802345421875 0.1643209375 0.7779379953125 0.1694785828125 0.777213134375 0.171785584375 0.7749165875 0.1769432296875 0.774191728125 0.17925023125 0.7718951796875 0.1869867 0.770807890625 0.194179525 0.765852365625 0.1993371703125 0.76512750625 0.201644171875 0.762830959375 0.2068018171875 0.7621060984375 0.20910881718750002 0.7598095515625001 0.2142664640625 0.7590846921875001 0.21657346406250003 0.7567881437499999 0.22173111093750003 0.7560632843749999 0.22403811093749998 0.7537667375 0.22919575781249998 0.753041878125 0.23150275781250002 0.7507453296875 0.2366604046875 0.7500204703125 0.23896740468750002 0.7477239234375 0.24412505156250003 0.7469990625 0.25131787499999997 0.7420435390625 0.256475521875 0.7413186781250001 0.258782521875 0.7390221312499999 0.26394016875 0.7382972718749999 0.26624716875 0.7360007234375 0.271404815625 0.7352758640625 0.273711815625 0.7329793171875 0.2788694625 0.73225445625 0.2811764625 0.729957909375 0.286334109375 0.72923305 0.288641109375 0.726936503125 0.29379875625 0.7262116421875 0.29610575625 0.7239150953125 0.301263403125 0.7231902359375 0.303570403125 0.7208936890625 0.30872805 0.720168828125 0.31103505 0.71787228125 0.316192696875 0.717147421875 0.323385521875 0.7121918968750001 0.3285431671875 0.7114670375000001 0.33085016875 0.7091704890625 0.3360078140625 0.7084456296874999 0.338314815625 0.7061490828125 0.3434724609375 0.705424221875 0.3457794625 0.703127675 0.3509371078125 0.702402815625 0.353244109375 0.7001062671875 0.35582293125 0.6997438375 0.368511434375 0.687112828125 0.36796779062499996 0.68324459375 0.36396364375 0.6828211796875 0.3616566421875 0.6851177265625 0.3590778203125 0.6854801562499999 0.356227175 0.68390846875 0.3407542359375 0.6860830484375 0.338447234375 0.688379596875 0.330710765625 0.6894668859374999 0.328403765625 0.6917634328125 0.3258249421875 0.6921258640625 0.31863211874999997 0.6970813875 0.3108956484375 0.6981686781249999 0.303702825 0.703124203125 0.2959663546875 0.7042114921875 0.28877353125 0.7091670171875 0.2836158859375 0.7098918765625 0.281308884375 0.7121884234375 0.2761512390625 0.712913284375 0.2738442375 0.7152098312499999 0.2686865921875 0.7159346906249999 0.266379590625 0.7182312375000001 0.2612219453125 0.7189560984375001 0.25891494375 0.7212526453125 0.2537572984375 0.7219775046875 0.251450296875 0.724274053125 0.2462926515625 0.7249989125 0.2390998265625 0.7299544375 0.2339421796875 0.730679296875 0.23163517968749997 0.73297584375 0.2264775328125 0.7337007046874999 0.22417053281250002 0.7359972515625001 0.2190128859375 0.7367221109375001 0.2118200609375 0.7416776359374999 0.206662415625 0.7424024953125 0.2043554140625 0.7446990437500001 0.1966189453125 0.7457863328125 0.1943119453125 0.7480828796875 0.1891542984375 0.748807740625 0.1819614734375 0.7537632640624999 0.176803828125 0.7544881250000001 0.174496828125 0.756784671875 0.16933918125 0.75750953125 0.16703218125 0.759806078125 0.161874534375 0.7605309390625 0.1546817109375 0.7654864625 0.14952406406250002 0.7662113234375 0.14721706406249999 0.7685078703125 0.14205941875 0.7692327296875 0.1397524171875 0.7715292781249999 0.132015946875 0.7726165671875 0.12482312343749999 0.7775720921875 0.11966547812499999 0.7782969515625 0.11735847656250001 0.7805934984375 0.11220083125 0.7813183593749999 0.10989382968750001 0.78361490625 0.10473618437500001 0.784339765625 0.10242918281249999 0.7866363140625 0.0972715375 0.7873611734375 0.0900787125 0.7923166984375001 0.084921065625 0.7930415578125001 0.082614065625 0.7953381046875 0.07745641875 0.796062965625 0.07026359374999999 0.8010184890625001 0.0651059484375 0.80174335 0.062798946875 0.8040398968750001 0.057641301562500004 0.80476475625 0.0553343 0.807061303125 0.047869653125 0.8100827109375001 0.044409153125 0.8135275312499999 0.044952798437500004 0.8173957671875 0.046378121875 0.818181609375 0.0497724109375 0.8236215328125001 0.0600877046875 0.8221718125 0.062394704687500004 0.8198752656250001 0.06755235000000001 0.8191504046875 0.074745175 0.8141948812500001 0.0799028203125 0.8134700203125 0.082209821875 0.8111734734375 0.0873674671875 0.8104486140624999 0.08967446875 0.808152065625 0.0948321140625 0.8074272062500001
0 0.10719654687499999 0.8766930000000001 0.11235419218750001 0.875968140625 0.11466119374999999 0.8736715921875 0.11981883906249999 0.8729467328125 0.12443284218749999 0.8683536390625 0.1295904875 0.867628778125 0.1318974890625 0.86533223125 0.13963395781250001 0.864244940625 0.14682678124999998 0.8592894171875001 0.151984428125 0.8585645562499999 0.15429142812500002 0.856268009375 0.159449075 0.8555431499999999 0.161756075 0.8532466031249999 0.1694925453125 0.8521593125000001 0.17668536875000002 0.8472037875 0.181843015625 0.846478928125 0.184150015625 0.8441823812499999 0.1893076625 0.843457521875 0.1916146625 0.8411609734375001 0.196772309375 0.8404361140625 0.199079309375 0.8381395671874999 0.20423695468749997 0.83741470625 0.21142977968749999 0.8324591828125 0.21916624843750002 0.8313718921875 0.22147325 0.8290753453124999 0.22663089531249997 0.8283504859375 0.228937896875 0.8260539375 0.2340955421875 0.825329078125 0.23640254375 0.82303253125 0.2415601890625 0.8223076703125001 0.2487530140625 0.817352146875 0.253910659375 0.8166272859375001 0.2562176609375 0.8143307390625001 0.26137530625 0.8136058796875 0.2636823078125 0.8113093328125001 0.268839953125 0.8105844718749999 0.2711469546875 0.8082879249999999 0.2763046 0.807563065625 0.27861160156250003 0.8052665171875001 0.283769246875 0.8045416578125 0.2860762484375 0.8022451109375 0.29123389375 0.8015202499999999 0.2935408953125 0.799223703125 0.298698540625 0.79849884375 0.305891365625 0.7935433187500001 0.3110490125 0.7928184593750001 0.3133560125 0.7905219125 0.318513659375 0.7897970515625 0.3208206578125 0.7875005046875 0.32597830625 0.7867756453125 0.3282853046875 0.784479096875 0.333442953125 0.7837542375 0.3357499515625 0.781457690625 0.34090760000000003 0.7807328296875 0.3432145984375 0.7784362828125 0.348372246875 0.7777114234375 0.3506792453125 0.7754148765625 0.35325806875 0.7750524453125001 0.36045089375 0.770096921875 0.367915540625 0.7670755140625001 0.3713760421875 0.7636306937499999 0.37110421875 0.7616965765625 0.37802522031249997 0.754806934375 0.3777533984375 0.7528728171875 0.382639221875 0.7502138390625 0.3823674 0.748279721875 0.3869814015625 0.7436866281250001 0.38874475625 0.7375218453125 0.40489376093749996 0.721446015625 0.40407829375000004 0.7156436625 0.402652971875 0.71485781875 0.3949165015625 0.715945109375 0.39227146875 0.7251922828125 0.3888109671875 0.728637103125 0.38623214375 0.7289995328125001 0.384196965625 0.7332301984375 0.3790393203125 0.7339550578125 0.377342175 0.731235096875 0.384806821875 0.7282136890625 0.3839913546875 0.7224113375 0.38256603125 0.72162549375 0.3722507390625 0.7230752140625001 0.3641762359375 0.7311131296875 0.36241288125 0.7372779109375001 0.352031378125 0.7476123734375 0.34945255468749997 0.747974803125 0.347145553125 0.7502713515625 0.34456673125 0.75063378125 0.34225973125000003 0.7529303281249999 0.33968090625 0.7532927578125 0.3324880828125 0.7582482828125 0.3247516140625 0.759335571875 0.3175587890625 0.764291096875 0.31240114375 0.76501595625 0.3100941421875 0.7673125046875 0.30235767343750003 0.76839979375 0.2951648484375 0.77335531875 0.2874283796875 0.7744426078125 0.2802355546875 0.7793981328124999 0.275077909375 0.7801229921874999 0.2727709078125 0.7824195406250001 0.2676132625 0.7831444000000001 0.2653062609375 0.785440946875 0.260148615625 0.78616580625 0.252955790625 0.7911213312500001 0.2477981453125 0.7918461906250001 0.24549114374999997 0.7941427390625 0.2403334984375 0.7948675984375 0.23802649687500002 0.7971641453125 0.2328688515625 0.7978890062499999 0.23056185 0.800185553125 0.2254042046875 0.8009104125000001 0.22309720312499998 0.803206959375 0.2179395578125 0.8039318203124999 0.21074673437500002 0.80888734375 0.2030102640625 0.8099746343750001 0.2007032640625 0.8122711812500001 0.19554561718750002 0.8129960421875 0.1932386171875 0.8152925890624999 0.18808097031249998 0.8160174484375 0.18088814687500002 0.8209729734375 0.17573049999999998 0.8216978328125 0.1734235 0.8239943796875 0.168265853125 0.8247192406250001 0.165958853125 0.8270157875 0.16080120625 0.8277406468749999 0.15849420625 0.8300371953125 0.153336559375 0.8307620546875001 0.151029559375 0.8330586015625 0.1458719125 0.8337834624999999 0.1386790875 0.8387389859375001 0.1335214421875 0.839463846875 0.131214440625 0.8417603937499999 0.1260567953125 0.842485253125 0.12374979374999999 0.8447818 0.11859214843749999 0.8455066609375 0.1113993234375 0.850462184375 0.106241678125 0.8511870453125001 0.0990488546875 0.8561425687499999 0.09389120625 0.8568674296875001 0.0915842078125 0.8591639765625001 0.086426559375 0.8598888359375 0.0841195609375 0.8621853843749999 0.0815407359375 0.8625478140625 0.0803872375 0.8636960874999999 0.08208438125 0.8664160484375 0.08724202656249999 0.8656911890625001 0.0915179953125 0.8680487203125 0.09178981875 0.8699828374999999 0.0871758171875 0.8745759312500001 0.0900264640625 0.8761476187499999 0.09084193125 0.8819499703125 0.0948460765625 0.882373384375 0.0971530765625 0.8800768375000001 0.10488954531250001 0.878989546875 0.10719654687499999 0.8766930000000001
0 0.1139711671875 0.812626665625 0.1217076359375 0.8115393765625001 0.128900459375 0.8065838515625 0.13405810625 0.8058589921875001 0.13636510625 0.80356244375 0.141522753125 0.802837584375 0.143829753125 0.8005410375 0.1489874 0.799816178125 0.1561802234375 0.794860653125 0.1613378703125 0.79413579375 0.1636448703125 0.7918392453124999 0.1688025171875 0.7911143859374999 0.1711095171875 0.7888178390625 0.1762671640625 0.788092978125 0.1776924875 0.788878821875 0.1753854859375 0.7911753703125 0.1770826328125 0.79389533125 0.1848191015625 0.792808040625 0.1871261015625 0.79051149375 0.190858425 0.7890007906250001 0.1905866015625 0.7870666734375 0.19289360312499998 0.784770125 0.1937752796875 0.7816877343749999 0.1963541046875 0.7813253046875 0.199476571875 0.784831109375 0.2020553953125 0.7844686796875 0.2043623953125 0.7821721312500001 0.21209886562500002 0.7810848421875 0.214405865625 0.7787882953125 0.2181381890625 0.777277590625 0.21528754375 0.775705903125 0.2161692203125 0.7726235124999999 0.21874804375 0.7722610828125 0.22594086875000002 0.7673055578125 0.2336773375 0.76621826875 0.2359843390625 0.763921721875 0.2374096609375 0.764707565625 0.23795330625000002 0.7685758 0.241957453125 0.7689992140624999 0.244264453125 0.766702665625 0.24799677656250002 0.7651919625 0.2425673078125 0.7639827046875001 0.24344898593750003 0.7609003140625 0.2460278078125 0.7605378843749999 0.2532206328125 0.755582359375 0.2583782796875 0.7548575 0.2606852796875 0.7525609531249999 0.2684217484375 0.7514736625 0.2715442171875 0.7549794671875001 0.2767018625 0.7542546078125001 0.2778553640625 0.753106334375 0.27242589375000004 0.7518970765625 0.272154071875 0.749962959375 0.2756145734375 0.7465181375000001 0.2807722203125 0.7457932781250001 0.2879650453125 0.740837753125 0.293122690625 0.74011289375 0.3003155140625 0.73515736875 0.3054731609375 0.734432509375 0.3077801609375 0.7321359625 0.31293780781249997 0.731411103125 0.31524480781249997 0.7291145546875 0.3204024546875 0.7283896953125 0.3227094546875 0.7260931484375 0.3278671 0.7253682875 0.3312613921875 0.730808209375 0.3335683921875 0.7285116625 0.33730071562499997 0.727000959375 0.3364852484375 0.7211986078125 0.3462568953125 0.7158806531249999 0.34516960625 0.7081441828124999 0.3437442828125 0.7073583390625 0.3360078140625 0.7084456296874999 0.3337008125 0.7107421765625 0.3285431671875 0.7114670375000001 0.326236165625 0.713763584375 0.3210785203125 0.71448844375 0.31877151875 0.716784990625 0.31361387343749997 0.7175098515625 0.311306871875 0.7198063984374999 0.3061492265625 0.7205312578124999 0.303842225 0.72282780625 0.2986845796875 0.723552665625 0.296377578125 0.7258492125 0.29121993281249997 0.726574071875 0.28891293125 0.7288706203124999 0.2837552859375 0.7295954796874999 0.281448284375 0.7318920265625 0.2762906390625 0.7326168875 0.2739836375 0.734913434375 0.2688259921875 0.73563829375 0.266518990625 0.7379348421875 0.2613613453125 0.7386597015625 0.2590543453125 0.7409562484375 0.2538966984375 0.7416811078125 0.2515896984375 0.74397765625 0.24643205156249998 0.744702515625 0.24412505156250003 0.7469990625 0.23896740468750002 0.7477239234375 0.23177458125 0.752679446875 0.2266169359375 0.7534043078125 0.224309934375 0.7557008546875 0.21657346406250003 0.7567881437499999 0.2142664640625 0.7590846921875001 0.20910881718750002 0.7598095515625001 0.20191599375 0.7647650765625 0.1967583484375 0.7654899359375 0.19445134687500001 0.7677864828125001 0.1892937015625 0.76851134375 0.1869867 0.770807890625 0.1818290546875 0.77153275 0.179522053125 0.773829296875 0.1743644078125 0.7745541578124999 0.17205740625 0.7768507046875001 0.1668997609375 0.7775755640625001 0.164592759375 0.7798721125 0.1594351140625 0.780596971875 0.1571281125 0.78289351875 0.1519704671875 0.783618378125 0.149663465625 0.7859149265625 0.1445058203125 0.7866397859375 0.14219881875 0.7889363328125001 0.1370411734375 0.78966119375 0.134734171875 0.791957740625 0.12957652656250002 0.7926826 0.1223837015625 0.797638125 0.1172260546875 0.798362984375 0.11491905468750001 0.8006595328125 0.1071825859375 0.801746821875 0.104875584375 0.80404336875 0.09971793906250001 0.8047682296875 0.0974109375 0.8070647765625001 0.0922532921875 0.8077896359375 0.08506046874999999 0.8127451609375 0.0799028203125 0.8134700203125 0.077595821875 0.8157665671875 0.0724381734375 0.8164914281250001 0.070131175 0.818787975 0.0649735265625 0.8195128359374999 0.062666528125 0.8218093828124999 0.0575088796875 0.8225342421875 0.0540483796875 0.8259790625000001 0.05513566875 0.8337155328125 0.056560993749999997 0.8345013765625 0.0642974625 0.8334140859374999 0.0714902859375 0.8284585625 0.081805578125 0.8270088421875 0.0841125796875 0.8247122953125 0.08927022500000001 0.823987434375 0.0915772265625 0.8216908875 0.09673487187499999 0.8209660281250001 0.10392769531249998 0.816010503125 0.11166416562499999 0.8149232140624999 0.1139711671875 0.812626665625
0 0.114779653125 0.7809559296875 0.117086653125 0.77865938125 0.1222443 0.777934521875 0.1294371234375 0.7729789968749999 0.1397524171875 0.7715292781249999 0.14205941875 0.7692327296875 0.14721706406249999 0.7685078703125 0.1544098875 0.7635523453124999 0.159567534375 0.7628274859374999 0.1667603578125 0.7578719609375 0.17191800468750001 0.7571471015625 0.1742250046875 0.7548505546875 0.1793826515625 0.75412569375 0.1816896515625 0.751829146875 0.1868472984375 0.7511042875 0.1891542984375 0.748807740625 0.1943119453125 0.7480828796875 0.1966189453125 0.7457863328125 0.2043554140625 0.7446990437500001 0.2115482390625 0.73974351875 0.2167058859375 0.7390186578125 0.2190128859375 0.7367221109375001 0.22417053281250002 0.7359972515625001 0.2313633578125 0.7310417265625 0.23652100312500002 0.7303168671875 0.23882800468749998 0.7280203203125 0.24398565 0.727295459375 0.2462926515625 0.7249989125 0.251450296875 0.724274053125 0.2537572984375 0.7219775046875 0.25891494375 0.7212526453125 0.2661077671875 0.7162971203125 0.27126541406250004 0.7155722609375 0.2735724140625 0.7132757140625 0.27873006093749997 0.7125508546875 0.2810370609375 0.71025430625 0.2861947078125 0.709529446875 0.2885017078125 0.7072328999999999 0.29365935468750004 0.7065080390625 0.2959663546875 0.7042114921875 0.30112400156249997 0.7034866328125 0.3034310015625 0.7011900843750001 0.3085886484375 0.7004652250000001 0.3108956484375 0.6981686781249999 0.31605329531250004 0.6974438187499999 0.32324611875000003 0.69248829375 0.328403765625 0.6917634328125 0.330710765625 0.6894668859374999 0.3358684125 0.6887420265624999 0.3381754125 0.6864454796875 0.343333059375 0.68572061875 0.34564005937500003 0.683424071875 0.35079770625 0.6826992125 0.35310470625 0.680402665625 0.358262353125 0.6796778046874999 0.360569353125 0.6773812578125 0.365727 0.6766563984375 0.36803400000000003 0.67435985 0.373191646875 0.673634990625 0.375498646875 0.6713384437500001 0.38065629375 0.6706135828125 0.38296329375 0.6683170359374999 0.388120940625 0.6675921765624999 0.395313765625 0.6626366515625 0.40047141093749994 0.6619117921875 0.4085459125 0.6538738765625001 0.408274090625 0.651939759375 0.41058109062500003 0.6496432125 0.40915576875 0.64885736875 0.3988404765625 0.6503070875 0.3916476515625 0.6552626125 0.38649000624999996 0.655987471875 0.3841830046875 0.6582840203125 0.37902535937500004 0.6590088796875 0.3767183578125 0.6613054265625 0.36898188906249996 0.6623927171874999 0.3617890640625 0.667348240625 0.35663141875000004 0.6680731015625 0.3543244171875 0.6703696484375 0.349166771875 0.6710945078125 0.341973946875 0.6760500328125 0.3368163 0.6767748921875001 0.3345093 0.6790714390625 0.329351653125 0.6797963 0.32704465312500003 0.682092846875 0.32188700625 0.68281770625 0.31958000625 0.6851142546875 0.314422359375 0.6858391140625 0.3121153609375 0.6881356609375 0.3069577125 0.688860521875 0.3046507140625 0.69115706875 0.299493065625 0.691881928125 0.2971860671875 0.694178475 0.29202841875 0.6949033359375 0.2897214203125 0.6971998828125 0.2871425953125 0.6975623125 0.27994977187500003 0.7025178375000001 0.272213303125 0.7036051265625 0.2699063015625 0.705901675 0.26474865625 0.706626534375 0.2624416546875 0.70892308125 0.257284009375 0.7096479421875 0.2549770078125 0.7119444890625 0.24981936249999998 0.7126693484375 0.2475123609375 0.7149658953125 0.24235471562500002 0.71569075625 0.235161890625 0.7206462796875 0.23000424531250002 0.721371140625 0.22769724375 0.7236676875 0.22253959843749999 0.724392546875 0.220232596875 0.7266890953125 0.21507495156249998 0.7274139546875 0.21276795 0.7297105015625001 0.20761030468750002 0.7304353609375001 0.205303303125 0.732731909375 0.2001456578125 0.73345676875 0.19783865625 0.735753315625 0.1926810109375 0.7364781765624999 0.190374009375 0.7387747234375001 0.1852163640625 0.7394995828125001 0.1829093625 0.74179613125 0.1777517171875 0.742520990625 0.175444715625 0.7448175375 0.1702870703125 0.745542396875 0.16309424687500002 0.750497921875 0.15793659843750002 0.7512227828125 0.15562959999999998 0.7535193296875 0.15047195156249998 0.7542441890625 0.148164953125 0.7565407359375 0.1430073046875 0.7572655968750001 0.14070030625000002 0.75956214375 0.1355426578125 0.760287003125 0.13323565937499998 0.76258355 0.1306568359375 0.76294598125 0.1234640109375 0.7679015046875 0.1157275421875 0.7689887953125 0.1085347171875 0.7739443203125 0.103377071875 0.7746691796875 0.1010700703125 0.7769657265625 0.095912425 0.7776905859375 0.0936054234375 0.779987134375 0.088447778125 0.78071199375 0.0861407765625 0.783008540625 0.08098313124999999 0.7837334015625 0.0786761296875 0.7860299484375 0.07609730625 0.786392378125 0.0740621296875 0.7906230421875 0.066325659375 0.7917103328125 0.06517215781249999 0.79285860625 0.0665974828125 0.7936444500000001 0.074877596875 0.7964253953125 0.0800352421875 0.795700534375 0.08234224375 0.7934039875 0.0874998890625 0.792679128125 0.089806890625 0.7903825796875 0.0923857125 0.7900201499999999 0.0995785359375 0.7850646265625 0.10731500624999998 0.7839773359375 0.1096220078125 0.7816807890625 0.114779653125 0.7809559296875
0 0.14070030625000002 0.75956214375 0.1430073046875 0.7572655968750001 0.148164953125 0.7565407359375 0.1553577765625 0.7515852125 0.16309424687500002 0.750497921875 0.1654012453125 0.7482013750000001 0.16798006875 0.7478389453125 0.1702870703125 0.745542396875 0.175444715625 0.7448175375 0.1777517171875 0.742520990625 0.1854881859375 0.7414337 0.1877951859375 0.739137153125 0.1929528328125 0.73841229375 0.19525983281249998 0.736115746875 0.2004174796875 0.7353908859375 0.20761030468750002 0.7304353609375001 0.21276795 0.7297105015625001 0.21507495156249998 0.7274139546875 0.220232596875 0.7266890953125 0.22742542187499998 0.7217335703125001 0.235161890625 0.7206462796875 0.23746889218749997 0.7183497328125 0.2426265375 0.7176248734375 0.24981936249999998 0.7126693484375 0.2549770078125 0.7119444890625 0.257284009375 0.7096479421875 0.26502047812499996 0.7085606515625 0.272213303125 0.7036051265625 0.2773709484375 0.7028802671875 0.27967795 0.7005837203125 0.2848355953125 0.6998588609375 0.29202841875 0.6949033359375 0.2971860671875 0.694178475 0.299493065625 0.691881928125 0.3046507140625 0.69115706875 0.3069577125 0.688860521875 0.3121153609375 0.6881356609375 0.314422359375 0.6858391140625 0.31958000625 0.6851142546875 0.32677283125 0.6801587296875 0.3345093 0.6790714390625 0.34170212499999997 0.6741159156250001 0.3468597703125 0.6733910546875 0.349166771875 0.6710945078125 0.3543244171875 0.6703696484375 0.35663141875000004 0.6680731015625 0.3617890640625 0.667348240625 0.36898188906249996 0.6623927171874999 0.37413953437499997 0.66166785625 0.3764465359375 0.659371309375 0.38160418125 0.65864645 0.38391118281250003 0.6563499015625001 0.3916476515625 0.6552626125 0.393954653125 0.652966065625 0.3991122984375 0.6522412046875 0.4014193 0.6499446578125 0.4065769453125 0.6492197984375 0.412344446875 0.6434784296875 0.41207262499999997 0.6415443125 0.41437962500000003 0.639247765625 0.413292334375 0.6315112953125 0.4118670125 0.6307254515625 0.40155171875000006 0.6321751718749999 0.39924472031249997 0.63447171875 0.3940870734375 0.6351965796875 0.3917800734375 0.6374931265625 0.3866224265625 0.6382179859375 0.3794296015625 0.6431735109375001 0.37427195625 0.6438983703125001 0.3719649546875 0.64619491875 0.366807309375 0.646919778125 0.3645003078125 0.649216325 0.3593426625 0.6499411859374999 0.3570356609375 0.6522377328125 0.351878015625 0.6529625921875 0.3495710140625 0.6552591390625 0.34441336875 0.655984 0.3421063671875 0.658280546875 0.33694872187499997 0.65900540625 0.3346417203125 0.6613019546875 0.329484075 0.6620268140625 0.32229125000000003 0.6669823390625 0.3171336046875 0.6677071984375 0.314826603125 0.6700037453125 0.307090134375 0.6710910359375 0.29989730937500003 0.676046559375 0.2947396640625 0.6767714203125 0.2924326625 0.6790679671875 0.2872750171875 0.6797928265625 0.28496801562499996 0.682089375 0.2798103703125 0.682814234375 0.2775033703125 0.6851107812499999 0.2723457234375 0.685835640625 0.2700387234375 0.6881321890625001 0.2648810765625 0.6888570484375001 0.257688253125 0.6938125734375 0.24995178281250002 0.6948998625 0.242758959375 0.6998553875 0.2376013125 0.700580246875 0.2352943125 0.70287679375 0.230136665625 0.7036016546875 0.227829665625 0.7058982015625 0.22267201874999998 0.7066230609375 0.22036501875 0.708919609375 0.215207371875 0.70964446875 0.212900371875 0.711941015625 0.2103215484375 0.7123034453125 0.20312872343750002 0.7172589703125001 0.19539225468750002 0.7183462609375 0.1881994296875 0.723301784375 0.18304178437500002 0.7240266453124999 0.1807347828125 0.7263231921875 0.17557713749999998 0.7270480515625 0.1732701359375 0.7293445984375 0.168112490625 0.730069459375 0.1658054890625 0.73236600625 0.16064784375000002 0.733090865625 0.1583408421875 0.7353874140625 0.15576201875 0.7357498437500001 0.14856919531249999 0.74070536875 0.14341154843749998 0.741430228125 0.1411045484375 0.7437267750000001 0.133368078125 0.744814065625 0.1261752546875 0.7497695890625 0.118438784375 0.7508568796875 0.1161317859375 0.7531534265625 0.1135529625 0.7535158562500001 0.11124596093750001 0.755812403125 0.10378131406249999 0.7588338109375 0.10262781406249999 0.759982084375 0.10405313593750001 0.760767928125 0.11694725312500001 0.758955778125 0.12122322187500001 0.761313309375 0.1174908984375 0.7628240125 0.11403039687500001 0.766268834375 0.11545571875 0.767054678125 0.1231921890625 0.7659673875 0.1254991890625 0.763670840625 0.1306568359375 0.76294598125 0.1329638359375 0.7606494328125 0.14070030625000002 0.75956214375
0 0.133368078125 0.744814065625 0.1356750796875 0.7425175171875 0.14341154843749998 0.741430228125 0.14571855 0.73913368125 0.15087619531250002 0.7384088203125 0.15318319687499998 0.7361122734375 0.1583408421875 0.7353874140625 0.1655336671875 0.7304318890625 0.1732701359375 0.7293445984375 0.17557713749999998 0.7270480515625 0.1807347828125 0.7263231921875 0.1879276078125 0.7213676671875 0.193085253125 0.7206428078125 0.19539225468750002 0.7183462609375 0.2005499 0.7176214 0.2028569015625 0.715324853125 0.208014546875 0.71459999375 0.215207371875 0.70964446875 0.222943840625 0.7085571796875 0.230136665625 0.7036016546875 0.2352943125 0.70287679375 0.2376013125 0.700580246875 0.242758959375 0.6998553875 0.24995178281250002 0.6948998625 0.2551094296875 0.694175003125 0.2574164296875 0.69187845625 0.2651529 0.690791165625 0.2674598984375 0.68849461875 0.272617546875 0.6877697578124999 0.2749245453125 0.6854732109375 0.28008219375 0.6847483515625 0.2872750171875 0.6797928265625 0.2924326625 0.6790679671875 0.2947396640625 0.6767714203125 0.29989730937500003 0.676046559375 0.3022043109375 0.6737500125 0.3047831328125 0.6733875828125 0.307090134375 0.6710910359375 0.3122477796875 0.6703661750000001 0.3194406046875 0.6654106515625 0.3271770734375 0.6643233609375 0.329484075 0.6620268140625 0.3346417203125 0.6613019546875 0.33694872187499997 0.65900540625 0.3421063671875 0.658280546875 0.34441336875 0.655984 0.3495710140625 0.6552591390625 0.351878015625 0.6529625921875 0.3570356609375 0.6522377328125 0.3642284859375 0.6472822078125 0.3693861328125 0.6465573484375 0.3716931328125 0.6442608015625 0.37427195625 0.6438983703125001 0.37657895625000004 0.6416018234374999 0.381736603125 0.6408769640624999 0.38404360312499997 0.638580415625 0.3943588953125 0.637130696875 0.40155171875000006 0.6321751718749999 0.4067093671875 0.6314503124999999 0.409016365625 0.629153765625 0.41159519062500005 0.628791334375 0.41620919062499995 0.624198240625 0.42136683750000004 0.6234733796875 0.4236738375 0.6211768328125 0.42625266093749997 0.620814403125 0.42971316249999997 0.6173695828125 0.42944133906250004 0.615435465625 0.431748340625 0.6131389171875 0.427472371875 0.6107813859375 0.4171570796875 0.61223110625 0.414850078125 0.614527653125 0.41227125625000005 0.614890084375 0.4099642546875 0.61718663125 0.404806609375 0.617911490625 0.397613784375 0.622867015625 0.389877315625 0.6239543046875 0.38757031406250003 0.626250853125 0.38241266875 0.6269757125 0.3801056671875 0.629272259375 0.374948021875 0.6299971203125 0.3726410203125 0.6322936671875 0.367483375 0.6330185265625 0.3602905515625 0.6379740515625001 0.355132903125 0.6386989109375001 0.3528259046875 0.6409954578125 0.34766825625000003 0.64172031875 0.34047543281250003 0.6466758421875001 0.3353177875 0.647400703125 0.3330107859375 0.64969725 0.327853140625 0.650422109375 0.32554613906249996 0.6527186578124999 0.32038849375 0.6534435171874999 0.31808149218750004 0.6557400640625 0.312923846875 0.6564649250000001 0.3106168453125 0.658761471875 0.3054592 0.65948633125 0.30315219843749996 0.661782878125 0.297994553125 0.6625077390625 0.29568755156250004 0.6648042859375 0.29052990625 0.6655291453125 0.28333708125 0.6704846703125 0.2781794359375 0.6712095296875 0.275872434375 0.673506078125 0.2707147890625 0.6742309375 0.2684077875 0.676527484375 0.26067131875 0.677614775 0.25347849375 0.6825702984375 0.2483208484375 0.683295159375 0.246013846875 0.68559170625 0.24085620156249998 0.686316565625 0.23854920000000002 0.6886131140625 0.2359703765625 0.68897554375 0.22877755312499998 0.6939310671875 0.22361990625 0.694655928125 0.22131290625000002 0.696952475 0.2161552609375 0.697677334375 0.21384825937500002 0.6999738828125001 0.2061117890625 0.7010611718749999 0.203804790625 0.70335771875 0.1986471421875 0.7040825796875 0.19634014375 0.7063791265625 0.191182496875 0.7071039859375 0.188875496875 0.7094005328125 0.1862966734375 0.7097629640625 0.18398967187499998 0.7120595109375001 0.1788320265625 0.7127843703125001 0.1716392015625 0.7177398953125 0.16648155625 0.7184647546875 0.1641745546875 0.720761303125 0.159016909375 0.7214861625 0.1567099078125 0.723782709375 0.154131084375 0.7241451390625 0.146938259375 0.7291006640625 0.1417806140625 0.7298255234375 0.1394736125 0.732122071875 0.13173714375 0.7332093609375 0.12943014375 0.7355059078124999 0.12169367499999999 0.7365931984375 0.1170796734375 0.7411862921875 0.11192202656250001 0.741911153125 0.104729203125 0.7468666765624999 0.09699273281250001 0.7479539671875 0.09122523125000001 0.7536953359375 0.0926505546875 0.754481178125 0.09835184531249999 0.757624553125 0.10350949218750001 0.75689969375 0.1058164921875 0.754603146875 0.1109741375 0.7538782859375 0.1132811390625 0.7515817390625 0.12101760937499999 0.7504944499999999 0.123324609375 0.7481979015625 0.12590343125 0.747835471875 0.1282104328125 0.745538925 0.133368078125 0.744814065625
0 0.10120249218749999 0.759196240625 0.108395315625 0.7542407156250001 0.1135529625 0.7535158562500001 0.1158599625 0.7512193093749999 0.12101760937499999 0.7504944499999999 0.123324609375 0.7481979015625 0.12848225625 0.7474730421875 0.13078925624999999 0.7451764953125 0.135946903125 0.7444516343750001 0.13825390312500002 0.7421550875 0.14341154843749998 0.741430228125 0.14571855 0.73913368125 0.15087619531250002 0.7384088203125 0.15318319687499998 0.7361122734375 0.1583408421875 0.7353874140625 0.16064784375000002 0.733090865625 0.1658054890625 0.73236600625 0.1729983140625 0.72741048125 0.1807347828125 0.7263231921875 0.1879276078125 0.7213676671875 0.193085253125 0.7206428078125 0.19539225468750002 0.7183462609375 0.2005499 0.7176214 0.207742725 0.7126658765625 0.212900371875 0.711941015625 0.215207371875 0.70964446875 0.22036501875 0.708919609375 0.22755784218750003 0.703964084375 0.2352943125 0.70287679375 0.2424871359375 0.6979212703125001 0.2476447828125 0.6971964093749999 0.24995178281250002 0.6948998625 0.2551094296875 0.694175003125 0.2574164296875 0.69187845625 0.2651529 0.690791165625 0.2723457234375 0.685835640625 0.2775033703125 0.6851107812499999 0.2798103703125 0.682814234375 0.28496801562499996 0.682089375 0.2872750171875 0.6797928265625 0.2924326625 0.6790679671875 0.2947396640625 0.6767714203125 0.29989730937500003 0.676046559375 0.3022043109375 0.6737500125 0.3047831328125 0.6733875828125 0.3119759578125 0.6684320578125 0.3171336046875 0.6677071984375 0.3194406046875 0.6654106515625 0.3271770734375 0.6643233609375 0.329484075 0.6620268140625 0.3346417203125 0.6613019546875 0.3418345453125 0.6563464296875 0.3469921921875 0.65562156875 0.3492991921875 0.653325021875 0.3544568390625 0.6526001625 0.3567638390625 0.650303615625 0.3619214859375 0.6495787546875 0.369114309375 0.64462323125 0.37427195625 0.6438983703125001 0.37657895625000004 0.6416018234374999 0.3843154265625 0.640514534375 0.3866224265625 0.6382179859375 0.3917800734375 0.6374931265625 0.39897289687500004 0.6325376015625 0.40413054375 0.6318127421875 0.40643754374999996 0.6295161953124999 0.41159519062500005 0.628791334375 0.41620919062499995 0.624198240625 0.42136683750000004 0.6234733796875 0.4236738375 0.6211768328125 0.42625266093749997 0.620814403125 0.4320201625 0.615073034375 0.4312046953125 0.6092706828125001 0.4427396984375 0.597787946875 0.4424678765625 0.5958538296875 0.44708187656250004 0.591260734375 0.4459945875 0.583524265625 0.44830158750000004 0.58122771875 0.44775794375 0.577359484375 0.444907296875 0.575787796875 0.4440918296875 0.56998544375 0.44266650781249994 0.5691995999999999 0.4368990046875 0.57494096875 0.43513565 0.5811057500000001 0.4302498265625 0.583764728125 0.43079347031250004 0.5876329625000001 0.4336441171875 0.58920465 0.43391593906250003 0.5911387671874999 0.4281484375 0.5968801359375 0.4178331453125 0.5983298546875 0.410640321875 0.6032853796875 0.405482675 0.6040102390625 0.40317567499999996 0.6063067875 0.398018028125 0.607031646875 0.395711028125 0.6093281937499999 0.39055338125 0.6100530546875 0.38824638125 0.6123496015625001 0.383088734375 0.6130744609375001 0.380781734375 0.6153710078125 0.3756240875 0.61609586875 0.3733170875 0.618392415625 0.3707382640625 0.6187548453125 0.3684312625 0.62105139375 0.3632736171875 0.621776253125 0.3560807921875 0.6267317765625 0.350923146875 0.6274566375 0.34861614531249996 0.6297531843749999 0.3434585 0.6304780437499999 0.34115149843750003 0.6327745921875 0.335993853125 0.6334994515625 0.3336868515625 0.6357959984375 0.32852920625 0.636520859375 0.32622220468749996 0.63881740625 0.321064559375 0.639542265625 0.3138717359375 0.644497790625 0.30871408749999996 0.64522265 0.3064070890625 0.647519196875 0.30382826406249996 0.647881628125 0.3015212640625 0.650178175 0.29636361875 0.650903034375 0.2940566171875 0.6531995828125 0.28632014687499996 0.654286871875 0.28401314843750003 0.65658341875 0.276276678125 0.6576707093749999 0.273969678125 0.6599672562500001 0.2713908546875 0.6603296859375 0.26996553125 0.6595438421875001 0.26942188749999996 0.6556756078125 0.2679965640625 0.6548897640625 0.26283891718749997 0.6556146234375 0.2605319171875 0.657911171875 0.25679959375 0.6594218749999999 0.2622290625 0.6606311328125 0.26250088437499997 0.66256525 0.259040384375 0.6660100703125 0.24872509062499998 0.6674597906249999 0.24587444687499999 0.665888103125 0.235559153125 0.6673378234375 0.22836632968749998 0.672293346875 0.22062985937500001 0.6733806375 0.21343703593750002 0.6783361609375 0.205700565625 0.6794234515625 0.1985077421875 0.6843789765625 0.193350096875 0.6851038359375 0.19104309531250002 0.6874003828124999 0.18846427187499998 0.6877628125 0.186157271875 0.6900593609375 0.180999625 0.6907842203125 0.17380679999999998 0.6957397453125 0.16607033124999998 0.696827034375 0.16376333125 0.6991235812500001 0.158605684375 0.6998484421875 0.151412859375 0.704803965625 0.14367639062499998 0.7058912562499999 0.141369390625 0.708187803125 0.13621174375 0.7089126640625001 0.1292907421875 0.7158023046875 0.11897545000000001 0.717252025 0.1143614484375 0.7218451203125 0.10404615625 0.7232948390625 0.10173915625 0.7255913859375 0.096581509375 0.726316246875 0.0919675078125 0.730909340625 0.0893886859375 0.7312717703125 0.0801606828125 0.740457959375 0.07500303750000001 0.7411828203125 0.06346803281249999 0.75266555625 0.059735709375 0.754176259375 0.0625863546875 0.755747946875 0.060279354687499995 0.7580444953125001 0.061094821875000004 0.763846846875 0.06394546718750001 0.765418534375 0.057024465625 0.772308175 0.058449787499999996 0.77309401875 0.061300434375000004 0.77466570625 0.0638792578125 0.7743032765625 0.06618625781250001 0.7720067296875001 0.0739227265625 0.7709194390625 0.0785367296875 0.7663263453125 0.083694375 0.7656014859375 0.086001375 0.7633049375 0.0937378453125 0.7622176484375001 0.0960448453125 0.7599211015625 0.10120249218749999 0.759196240625
0 0.2017626296875 0.6701152953125 0.206920278125 0.669390434375 0.2092272765625 0.6670938875 0.214384925 0.666369028125 0.2166919234375 0.6640724812500001 0.219270746875 0.6637100499999999 0.22646357187500002 0.6587545265625 0.2316212171875 0.658029665625 0.23881404218750002 0.6530741421874999 0.24397168906250002 0.65234928125 0.2462786890625 0.650052734375 0.2514363359375 0.649327875 0.2537433359375 0.647031328125 0.2589009828125 0.6463064671875001 0.2612079828125 0.6440099203125 0.2663656296875 0.6432850609375 0.2686726296875 0.6409885125 0.2738302765625 0.640263653125 0.2761372765625 0.63796710625 0.2787161 0.6376046765625001 0.28590892343749996 0.6326491515625 0.29364539375 0.6315618609375 0.30083821718750003 0.6266063374999999 0.3059958640625 0.6258814765625 0.30830286406249996 0.6235849296875 0.3134605109375 0.6228600703125 0.3157675109375 0.6205635218750001 0.3209251578125 0.6198386625000001 0.32323215781250003 0.6175421156249999 0.328389803125 0.61681725625 0.33069680468749996 0.6145207078125 0.33585444999999997 0.6137958484375 0.343047275 0.6088403234374999 0.34820492187499996 0.6081154640624999 0.350511921875 0.6058189171875 0.35566956875 0.60509405625 0.35797656875 0.602797509375 0.36313421562500003 0.60207265 0.370327040625 0.597117125 0.3754846859375 0.596392265625 0.3777916875 0.5940957171875 0.3829493328125 0.5933708578125 0.385256334375 0.5910743109375 0.3904139796875 0.5903494515625 0.39272098125 0.588052903125 0.395299803125 0.5876904734374999 0.3976068046875 0.5853939265625 0.40276445 0.5846690671875 0.4099572734375 0.5797135421874999 0.41769374375 0.5786262515625 0.42000074375 0.5763297046875 0.42257956874999997 0.575967275 0.42719356875000003 0.5713741796875 0.42977239218749996 0.57101175 0.44707489687499996 0.5537876453125 0.44625942968750004 0.5479852937499999 0.4485664296875 0.545688746875 0.44829460625 0.5437546296875 0.44401863906249994 0.5413970984375001 0.4347906375 0.5505832875000001 0.43221181406250003 0.5509457171875 0.4275978125 0.5555388125 0.4250189890625 0.5559012421875 0.4132121640625 0.5654498609374999 0.410633340625 0.565812290625 0.40832633906250004 0.5681088375 0.40574751718749996 0.56847126875 0.403440515625 0.570767815625 0.4008616921875 0.5711302453125 0.3985546921875 0.5734267921875 0.39597586875 0.573789221875 0.38878304531249996 0.578744746875 0.381046575 0.5798320375 0.378739575 0.582128584375 0.376160753125 0.5824910140624999 0.368967928125 0.5874465390625 0.361231459375 0.588533828125 0.35892445781250004 0.590830375 0.3537668125 0.5915552359375 0.3514598109375 0.5938517828125 0.3437233421875 0.5949390734375 0.34141634062500004 0.5972356203125 0.3362586953125 0.5979604796875 0.33395169375 0.6002570265625 0.3287940484375 0.6009818874999999 0.32648704687499996 0.6032784343750001 0.323908225 0.6036408640625 0.3216012234375 0.6059374109375 0.316443578125 0.606662271875 0.309250753125 0.6116177953124999 0.301514284375 0.6127050859375001 0.2992072828125 0.6150016328125 0.2940496375 0.6157264921875 0.2917426359375 0.618023040625 0.286584990625 0.6187479 0.2842779890625 0.6210444468749999 0.27912034375 0.6217693078125001 0.2768133421875 0.6240658546875 0.27423451875 0.624428284375 0.26704169375000003 0.6293838093749999 0.256726403125 0.6308335281249999 0.2544194015625 0.6331300765625001 0.251840578125 0.63349250625 0.24464775468750002 0.63844803125 0.23949010781250002 0.639172890625 0.23718310781250002 0.6414694375 0.2320254609375 0.642194296875 0.22971846093749998 0.6444908453125 0.2245608140625 0.6452157046875 0.22225381406250003 0.6475122515625 0.21709616718750002 0.6482371125 0.2124821671875 0.65283020625 0.2047456984375 0.653917496875 0.202438696875 0.65621404375 0.1998598734375 0.6565764734374999 0.1975528734375 0.6588730203125001 0.19239522656250002 0.6595978812500001 0.1852024015625 0.6645534046875 0.18004475625 0.665278265625 0.1777377546875 0.6675748125000001 0.17258010937499998 0.6682996718750001 0.165387284375 0.673255196875 0.1602296390625 0.67398005625 0.1579226375 0.6762766046875 0.1527649921875 0.6770014640625 0.14557216875 0.6819569890625 0.14041452031249999 0.6826818484375 0.138107521875 0.6849783953124999 0.130642875 0.6879998031250001 0.1271823734375 0.6914446234375 0.12887951875 0.694164584375 0.157246571875 0.6901778546874999 0.1595535734375 0.6878813078125 0.162132396875 0.687518878125 0.1693252203125 0.682563353125 0.1744828671875 0.68183849375 0.1767898671875 0.6795419468749999 0.1845263375 0.67845465625 0.19171916093750002 0.67349913125 0.19945563125000002 0.6724118421874999 0.2017626296875 0.6701152953125
0 0.096581509375 0.726316246875 0.0991603328125 0.7259538171875 0.1014673328125 0.72365726875 0.106624978125 0.722932409375 0.113817803125 0.717976884375 0.12155427187500001 0.7168895953125001 0.1238612734375 0.7145930484374999 0.12901891875 0.7138681874999999 0.1313259203125 0.711571640625 0.136483565625 0.71084678125 0.14367639062499998 0.7058912562499999 0.1488340375 0.7051663968749999 0.1560268625 0.700210871875 0.1611845078125 0.6994860125 0.163491509375 0.6971894640625 0.1686491546875 0.6964646046875 0.17095615625 0.6941680578125 0.1761138015625 0.693443196875 0.18330662656250002 0.6884876734375001 0.19104309531250002 0.6874003828124999 0.193350096875 0.6851038359375 0.19592891875000001 0.68474140625 0.2031217421875 0.6797858812500001 0.208279390625 0.6790610218750001 0.2105863890625 0.6767644749999999 0.21574403593749997 0.6760396140625 0.2180510359375 0.6737430671875 0.2232086828125 0.6730182078125 0.2304015078125 0.6680626828125 0.235559153125 0.6673378234375 0.2378661546875 0.665041275 0.2430238 0.664316415625 0.24533080156249998 0.6620198687500001 0.2530672703125 0.660932578125 0.257681271875 0.656339484375 0.26283891718749997 0.6556146234375 0.26514591875 0.6533180765625 0.2703035640625 0.6525932171875 0.272610565625 0.6502966703124999 0.27776821093750004 0.649571809375 0.2800752125 0.6472752625 0.28523285781249996 0.646550403125 0.2924256828125 0.641594878125 0.2975833296875 0.64087001875 0.2998903296875 0.6385734703125 0.3050479765625 0.6378486109375 0.30735497500000003 0.6355520640625001 0.3125126234375 0.634827203125 0.314819621875 0.6325306562499999 0.317398446875 0.6321682265625 0.3245912703125 0.6272127015625 0.329748915625 0.6264878421875 0.3320559171875 0.6241912953125001 0.3372135625 0.6234664343749999 0.3395205640625 0.6211698875 0.344678209375 0.620445028125 0.3469852109375 0.61814848125 0.35214285625 0.6174236203125 0.3544498578125 0.6151270734375001 0.359607503125 0.6144022140625001 0.36680032812499996 0.6094466890625 0.371957975 0.6087218296875 0.374264975 0.6064252812500001 0.379422621875 0.6057004218750001 0.38172962187500004 0.6034038749999999 0.38688726875 0.6026790140625 0.39408009375 0.597723490625 0.39923773906250004 0.5969986296875 0.401544740625 0.5947020828125 0.4067023859375 0.5939772234375 0.413895209375 0.5890216984375 0.41905285625 0.5882968390625 0.42135985624999994 0.5860002921875 0.428824503125 0.582978884375 0.42970618125 0.57989649375 0.44124118437500004 0.56841375625 0.4369652171875 0.5660562265625 0.43438639375 0.56641865625 0.42773721406250004 0.575242415625 0.42000074375 0.5763297046875 0.41769374375 0.5786262515625 0.412536096875 0.5793511125 0.41022909687500003 0.581647659375 0.40507145156249996 0.58237251875 0.40276445 0.5846690671875 0.3976068046875 0.5853939265625 0.395299803125 0.5876904734374999 0.3901421578125 0.588415334375 0.38783515625 0.5907118812500001 0.3826775109375 0.5914367406250001 0.3754846859375 0.596392265625 0.370327040625 0.597117125 0.3680200390625 0.599413671875 0.36286239375 0.6001385328125 0.35566956875 0.60509405625 0.350511921875 0.6058189171875 0.34820492187499996 0.6081154640624999 0.343047275 0.6088403234374999 0.33585444999999997 0.6137958484375 0.33069680468749996 0.6145207078125 0.328389803125 0.61681725625 0.32323215781250003 0.6175421156249999 0.3209251578125 0.6198386625000001 0.3157675109375 0.6205635218750001 0.3134605109375 0.6228600703125 0.30830286406249996 0.6235849296875 0.3059958640625 0.6258814765625 0.30083821718750003 0.6266063374999999 0.2985312171875 0.628902884375 0.2933735703125 0.62962774375 0.2910665703125 0.6319242921875 0.28590892343749996 0.6326491515625 0.2836019234375 0.6349456984375 0.2810231015625 0.6353081281249999 0.2738302765625 0.640263653125 0.2660938078125 0.6413509421875 0.2589009828125 0.6463064671875001 0.2537433359375 0.647031328125 0.2514363359375 0.649327875 0.2462786890625 0.650052734375 0.24397168906250002 0.65234928125 0.23881404218750002 0.6530741421874999 0.2316212171875 0.658029665625 0.22646357187500002 0.6587545265625 0.2241565703125 0.6610510734374999 0.218998925 0.6617759328124999 0.2166919234375 0.6640724812500001 0.21153427812499997 0.6647973406250001 0.2092272765625 0.6670938875 0.20664845468749998 0.6674563171875 0.19945563125000002 0.6724118421874999 0.19171916093750002 0.67349913125 0.1845263375 0.67845465625 0.179368690625 0.6791795171875 0.177061690625 0.6814760640624999 0.17190404374999999 0.6822009234374999 0.16959704375 0.6844974703125 0.164439396875 0.68522233125 0.162132396875 0.687518878125 0.15697475 0.6882437375 0.149781925 0.6931992625000001 0.1446242796875 0.6939241218750001 0.142317278125 0.6962206703125 0.13715963281250002 0.6969455296875 0.13485263125 0.6992420765625 0.132273809375 0.69960450625 0.12508098437499998 0.70456003125 0.11992333749999999 0.705284890625 0.1176163375 0.7075814375 0.112458690625 0.7083062984375 0.110151690625 0.7106028453125 0.10499404375000002 0.71132770625 0.10038004375000001 0.7159207999999999 0.0926435734375 0.7170080890625 0.08545074999999999 0.7219636140625 0.0777142796875 0.7230509046875 0.07052145625 0.7280064281249999 0.0653638109375 0.7287312890625001 0.063056809375 0.7310278359375 0.0555921625 0.73404924375 0.0544386625 0.7351975171875 0.055525953125000006 0.7429339859375 0.056951275 0.7437198296875 0.0595300984375 0.7433574000000001 0.0618370984375 0.741060853125 0.0669947453125 0.7403359921875 0.0693017453125 0.7380394453125 0.0744593921875 0.7373145859375 0.081652215625 0.7323590609374999 0.0868098625 0.7316342015624999 0.0891168625 0.729337653125 0.09427450937500001 0.72861279375 0.096581509375 0.726316246875
0 0.1177557390625 0.7272850421875 0.12291338437499999 0.72656018125 0.1252203859375 0.724263634375 0.13037803125 0.723538775 0.1326850328125 0.7212422265625 0.137842678125 0.7205173671875 0.145035503125 0.7155618421875001 0.15019315 0.7148369828125001 0.15250015 0.7125404359374999 0.15765779687499998 0.7118155749999999 0.164850621875 0.7068600515625 0.1700082671875 0.706135190625 0.17231526875 0.7038386437499999 0.17747291406250001 0.7031137843749999 0.18466573749999998 0.698158259375 0.189823384375 0.6974334 0.19213038437500002 0.695136853125 0.19728803125 0.6944119921875 0.19959503125 0.6921154453125 0.20475267812500003 0.6913905859375 0.20705967812499998 0.6890940375 0.21221732499999998 0.688369178125 0.2194101484375 0.683413653125 0.22456779531249998 0.6826887937499999 0.22687479531250002 0.680392246875 0.23203244218750002 0.6796673859375 0.2392252671875 0.6747118624999999 0.24438291250000002 0.6739870015625 0.2466899140625 0.6716904546875 0.251847559375 0.6709655953125 0.2541545609375 0.6686690484375 0.25931220625 0.6679441875000001 0.26161920781250003 0.665647640625 0.266776853125 0.66492278125 0.26908385468749996 0.6626262328125 0.27424149999999997 0.6619013734375 0.2765485015625 0.6596048265625 0.281706146875 0.658879965625 0.288898971875 0.6539244421875 0.2940566171875 0.6531995828125 0.29636361875 0.650903034375 0.3015212640625 0.650178175 0.30871408749999996 0.64522265 0.3138717359375 0.644497790625 0.316178734375 0.64220124375 0.3213363828125 0.6414763828125001 0.32364338125000003 0.6391798359374999 0.3288010296875 0.6384549765624999 0.335993853125 0.6334994515625 0.34115149843750003 0.6327745921875 0.3434585 0.6304780437499999 0.34861614531249996 0.6297531843749999 0.3558089703125 0.624797659375 0.360966615625 0.6240728 0.3632736171875 0.621776253125 0.3684312625 0.62105139375 0.3707382640625 0.6187548453125 0.375895909375 0.6180299859375 0.383088734375 0.6130744609375001 0.390825203125 0.611987171875 0.398018028125 0.607031646875 0.40317567499999996 0.6063067875 0.405482675 0.6040102390625 0.410640321875 0.6032853796875 0.4178331453125 0.5983298546875 0.4229907921875 0.5976049953125 0.42875829374999996 0.5918636265624999 0.42821464843749996 0.5879953921875 0.42393867968750004 0.5856378609374999 0.4216316796875 0.5879344093750001 0.413895209375 0.5890216984375 0.4067023859375 0.5939772234375 0.401544740625 0.5947020828125 0.39923773906250004 0.5969986296875 0.39408009375 0.597723490625 0.38688726875 0.6026790140625 0.38172962187500004 0.6034038749999999 0.379422621875 0.6057004218750001 0.374264975 0.6064252812500001 0.36707215 0.61138080625 0.36191450468749997 0.612105665625 0.359607503125 0.6144022140625001 0.3544498578125 0.6151270734375001 0.35214285625 0.6174236203125 0.3469852109375 0.61814848125 0.344678209375 0.620445028125 0.3395205640625 0.6211698875 0.3372135625 0.6234664343749999 0.3320559171875 0.6241912953125001 0.329748915625 0.6264878421875 0.3245912703125 0.6272127015625 0.32228426875 0.62950925 0.319705446875 0.6298716796875 0.3125126234375 0.634827203125 0.30735497500000003 0.6355520640625001 0.3050479765625 0.6378486109375 0.2998903296875 0.6385734703125 0.2975833296875 0.64087001875 0.2924256828125 0.641594878125 0.29011868281250003 0.643891425 0.2849610359375 0.6446162859375 0.27776821093750004 0.649571809375 0.272610565625 0.6502966703124999 0.2703035640625 0.6525932171875 0.26514591875 0.6533180765625 0.25795309375 0.6582736015624999 0.2527954484375 0.6589984609374999 0.250488446875 0.6612950078125001 0.24533080156249998 0.6620198687500001 0.23813797656250002 0.6669753921875 0.23298032968750002 0.667700253125 0.2306733296875 0.6699968000000001 0.2255156828125 0.6707216593750001 0.218322859375 0.675677184375 0.2131652125 0.67640204375 0.21085821249999998 0.6786985921875 0.205700565625 0.6794234515625 0.20339356562500002 0.6817199984375 0.19823591875 0.682444859375 0.19104309531250002 0.6874003828124999 0.18330662656250002 0.6884876734375001 0.180999625 0.6907842203125 0.178420803125 0.6911466500000001 0.17122797812499999 0.6961021749999999 0.16607033124999998 0.696827034375 0.16376333125 0.6991235812500001 0.158605684375 0.6998484421875 0.156298684375 0.7021449890625 0.15114103750000002 0.7028698484375 0.1439482125 0.7078253734375 0.1387905671875 0.7085502328125 0.136483565625 0.71084678125 0.1313259203125 0.711571640625 0.12901891875 0.7138681874999999 0.1238612734375 0.7145930484374999 0.12155427187500001 0.7168895953125001 0.11639662656250001 0.7176144546875001 0.114089625 0.7199110015625 0.10893197968749999 0.7206358625 0.10173915625 0.7255913859375 0.096581509375 0.726316246875 0.09427450937500001 0.72861279375 0.0891168625 0.729337653125 0.0819240390625 0.734293178125 0.0767663921875 0.7350180374999999 0.0744593921875 0.7373145859375 0.07188056875 0.737677015625 0.0684200671875 0.7411218359375 0.06923553437499999 0.7469241875 0.0706608578125 0.74771003125 0.0758185046875 0.746985171875 0.08301132812499999 0.7420296468750001 0.08816897500000001 0.7413047875000001 0.090475975 0.739008240625 0.09563362187499999 0.7382833796875 0.097940621875 0.7359868328125 0.10309826875000001 0.7352619734375 0.10540526875 0.7329654265625 0.1105629140625 0.732240565625 0.1177557390625 0.7272850421875
0 0.0958984625 0.7027444093749999 0.1030912875 0.697788884375 0.10824893437500001 0.6970640234375 0.110555934375 0.6947674765625 0.11571358125 0.6940426171875 0.11802058124999999 0.6917460703125 0.1205994046875 0.691383640625 0.127792228125 0.686428115625 0.13552869843749998 0.685340825 0.142721521875 0.6803853015625 0.1478791671875 0.679660440625 0.15018616875 0.6773638937500001 0.1553438140625 0.6766390343750001 0.157650815625 0.6743424859375 0.1628084609375 0.6736176265625 0.1700012859375 0.668662103125 0.1751589328125 0.6679372421875 0.1774659328125 0.6656406953125 0.1826235796875 0.664915834375 0.18493057968749999 0.6626192875 0.1926670484375 0.6615319984375 0.1972810515625 0.656938903125 0.1998598734375 0.6565764734374999 0.202166875 0.6542799265625 0.20990334375000003 0.6531926359375 0.2122103453125 0.6508960890625 0.21736799062499998 0.6501712296875 0.2196749921875 0.64787468125 0.2248326375 0.647149821875 0.2271396390625 0.644853275 0.22971846093749998 0.6444908453125 0.236911284375 0.6395353203125 0.24206893125 0.6388104609374999 0.24437593125 0.6365139140625 0.24953357812500002 0.635789053125 0.251840578125 0.63349250625 0.25699822499999997 0.6327676453125 0.26419105 0.627812121875 0.2693486953125 0.6270872625 0.271655696875 0.6247907140625 0.2768133421875 0.6240658546875 0.27912034375 0.6217693078125001 0.2842779890625 0.6210444468749999 0.2914708140625 0.6160889234375 0.29662845937500004 0.6153640625000001 0.2989354609375 0.613067515625 0.30409310624999997 0.61234265625 0.3064001078125 0.6100461078125 0.30897893125000003 0.609683678125 0.31128593125 0.60738713125 0.316443578125 0.606662271875 0.3236364015625 0.6017067468749999 0.33137287187500003 0.60061945625 0.33856569531249997 0.5956639328125 0.3437233421875 0.5949390734375 0.3460303421875 0.592642525 0.3511879875 0.591917665625 0.3534949890625 0.58962111875 0.358652634375 0.5888962578125 0.36095963593749997 0.5865997109375 0.3635384578125 0.5862372812500001 0.365845459375 0.5839407343749999 0.37100310468750003 0.5832158734374999 0.37819592968750004 0.57826035 0.3833535765625 0.5775354890625 0.38566057656249997 0.5752389421874999 0.3933970453125 0.574151653125 0.40147154843750005 0.5661137375 0.397467403125 0.5656903234375 0.393191434375 0.5633327921875 0.39291961249999996 0.561398675 0.390068965625 0.5598269874999999 0.3892534984375 0.5540246359375 0.3849775296875 0.5516671046875 0.38239870625 0.552029534375 0.37778470625 0.5566226296875 0.3752058828125 0.556985059375 0.3728988828125 0.55928160625 0.36774123593749997 0.560006465625 0.3605484109375 0.564961990625 0.355390765625 0.56568685 0.3530837640625 0.5679833984375 0.34792611875 0.5687082578125 0.34073329375 0.5736637828125 0.3355756484375 0.5743886421875 0.333268646875 0.5766851890625 0.3281110015625 0.5774100484375 0.320918178125 0.5823655734375001 0.3157605296875 0.5830904343750001 0.31345353125000003 0.58538698125 0.30829588281250003 0.586111840625 0.305988884375 0.5884083875 0.3008312359375 0.5891332484375 0.2985242375 0.5914297953125 0.2933665890625 0.5921546546875 0.28617376562499997 0.5971101796875 0.278437296875 0.5981974703125 0.276130296875 0.6004940171875 0.2735514734375 0.6008564468750001 0.2663586484375 0.605811971875 0.2586221796875 0.6068992609375 0.2514293546875 0.6118547859375 0.2436928859375 0.6129420750000001 0.241385884375 0.6152386234375 0.2388070625 0.615601053125 0.23161423750000001 0.6205565765625 0.226456590625 0.6212814375 0.224149590625 0.623577984375 0.21899194375 0.62430284375 0.21668494374999997 0.6265993921875 0.211527296875 0.6273242515625 0.20922029687500002 0.6296207984375 0.201483828125 0.6307080890625001 0.1991768265625 0.6330046359375 0.19401918125 0.6337294953125 0.1917121796875 0.6360260421875 0.186554534375 0.636750903125 0.1842475328125 0.63904745 0.1765110640625 0.640134740625 0.1742040625 0.6424312875 0.1690464171875 0.643156146875 0.16185359375 0.648111671875 0.156695946875 0.64883653125 0.154388946875 0.651133078125 0.1492313 0.6518579390625 0.1420384765625 0.6568134625 0.13688082968749998 0.6575383234375 0.1345738296875 0.6598348703125 0.13199500625 0.6601973 0.12480218125 0.6651528250000001 0.1170657125 0.6662401140624999 0.11475871093750001 0.6685366625 0.10960106562500001 0.669261521875 0.10240824062500001 0.6742170468750001 0.0972505953125 0.6749419062500001 0.09494359375 0.677238453125 0.0897859484375 0.6779633140625 0.08747894687499999 0.6802598609375 0.0823213015625 0.6809847203125 0.0751284765625 0.6859402453125 0.0699708296875 0.6866651046875 0.0676638296875 0.6889616515625 0.06508500625 0.6893240828125 0.06162450625 0.692768903125 0.06332165 0.6954888640625 0.064746975 0.6962747078125 0.0655624421875 0.702077059375 0.06841308593749999 0.703648746875 0.0718073765625 0.70908866875 0.0732327 0.7098745125 0.0835479921875 0.70842479375 0.08585499375 0.7061282453125 0.088433815625 0.705765815625 0.0907408171875 0.7034692687499999 0.0958984625 0.7027444093749999
0 0.072549653125 0.6863026750000001 0.0748566546875 0.684006128125 0.08001430000000001 0.6832812671874999 0.087207125 0.67832574375 0.0923647703125 0.6776008828125 0.094671771875 0.6753043359374999 0.0998294171875 0.6745794765625 0.10213641874999999 0.6722829296875 0.1072940640625 0.67155806875 0.1144868890625 0.6666025453125 0.11964453593749999 0.6658776843750001 0.12195153593750001 0.6635811375 0.1271091828125 0.662856278125 0.1294161828125 0.6605597296875 0.1345738296875 0.6598348703125 0.141766653125 0.6548793453124999 0.1469243 0.6541544859374999 0.1492313 0.6518579390625 0.154388946875 0.651133078125 0.156695946875 0.64883653125 0.16185359375 0.648111671875 0.16416059375 0.645815125 0.169318240625 0.6450902640625 0.1765110640625 0.640134740625 0.181668709375 0.6394098796875001 0.1839757109375 0.6371133328125 0.1917121796875 0.6360260421875 0.19401918125 0.6337294953125 0.1991768265625 0.6330046359375 0.20636965156249998 0.6280491109375 0.2141061203125 0.6269618218749999 0.216413121875 0.6246652734375 0.22157076718750002 0.6239404140625 0.22387776874999998 0.6216438671875 0.2290354140625 0.6209190078125 0.23622823906249998 0.6159634828125 0.241385884375 0.6152386234375 0.24599988750000001 0.610645528125 0.25373635625 0.6095582375 0.2609291796875 0.6046027140625 0.26866565 0.6035154234375 0.27097265 0.6012188765625 0.2735514734375 0.6008564468750001 0.2758584734375 0.5985598999999999 0.2810161203125 0.5978350390625 0.28820894375 0.592879515625 0.2959454140625 0.5917922250000001 0.29825241406249997 0.589495678125 0.3034100609375 0.58877081875 0.3057170609375 0.5864742703125 0.3108747078125 0.5857494109375 0.3131817078125 0.5834528640625 0.318339353125 0.582728003125 0.325532178125 0.5777724796875 0.33068982343750003 0.57704761875 0.332996825 0.574751071875 0.3381544703125 0.5740262125 0.340461471875 0.571729665625 0.3456191171875 0.5710048046875 0.34792611875 0.5687082578125 0.3530837640625 0.5679833984375 0.355390765625 0.56568685 0.3579695890625 0.5653244203125001 0.3651624140625 0.5603688953125 0.370320059375 0.5596440359375 0.374934059375 0.5550509421875 0.3775128828125 0.5546885109375 0.3844338859375 0.5477988703125 0.387012709375 0.5474364390625001 0.391626709375 0.5428433453125 0.3942055328125 0.542480915625 0.3965125328125 0.5401843687500001 0.39909135625 0.5398219375 0.4013983578125 0.537525390625 0.40397717968749997 0.5371629609374999 0.40628418125000004 0.5348664140625 0.41001650468750006 0.533355709375 0.40974468125 0.5314215921875001 0.4143586828125 0.5268284984375 0.41408686093749997 0.52489438125 0.40811374687499996 0.5198168890625 0.40729827968750004 0.5140145375 0.40444763437500003 0.51244285 0.403088521875 0.5027722625 0.398812553125 0.50041473125 0.39107608437499997 0.501502021875 0.388769084375 0.50379856875 0.381032615625 0.5048858593750001 0.3787256140625 0.50718240625 0.376146790625 0.5075448359375 0.373839790625 0.5098413828125 0.36868214374999997 0.51056624375 0.36637514375 0.5128627906250001 0.358638675 0.5139500796875 0.3563316734375 0.516246628125 0.3434375578125 0.5180587765625 0.3411305578125 0.5203553249999999 0.3359729109375 0.5210801843749999 0.33366591093750003 0.5233767312500001 0.3285082640625 0.5241015921875001 0.321315440625 0.529057115625 0.31615779375 0.5297819765625 0.31385079375 0.5320785234375001 0.308693146875 0.5328033828125001 0.301500321875 0.5377589078125 0.2963426765625 0.5384837671875 0.294035675 0.540780315625 0.2888780296875 0.541505175 0.28168520468749997 0.5464607 0.276527559375 0.547185559375 0.2742205578125 0.5494821062499999 0.26906291250000003 0.5502069656249999 0.2667559109375 0.5525035140625 0.2641770875 0.55286594375 0.2569842640625 0.55782146875 0.24924779375 0.5589087578124999 0.24205497031249998 0.5638642828125 0.23689732343749997 0.5645891421875 0.23459032343750003 0.5668856890625 0.22943267656250002 0.56761055 0.222239853125 0.5725660734375 0.2170822078125 0.573290934375 0.21477520625 0.57558748125 0.2096175609375 0.576312340625 0.2024247359375 0.581267865625 0.19726708906249998 0.581992725 0.1949600890625 0.5842892734375 0.1898024421875 0.5850141328125 0.1826096171875 0.5899696578125 0.177451971875 0.5906945171875 0.1751449703125 0.5929910640625 0.169987325 0.5937159249999999 0.1676803234375 0.5960124718750001 0.1651015015625 0.5963749015625 0.157908678125 0.6013304265625 0.1501722078125 0.602417715625 0.142979384375 0.6073732406250001 0.1378217359375 0.6080981000000001 0.1355147375 0.610394646875 0.130357090625 0.6111195078125 0.128050090625 0.6134160546875 0.12547126718749999 0.613778484375 0.123164265625 0.6160750312500001 0.12058544375 0.6164374625 0.11827844218750001 0.618734009375 0.11569961875000001 0.6190964390625 0.10850679375000001 0.6240519640625 0.10334914843750001 0.6247768234375 0.10104214687499999 0.6270733703125 0.0958845015625 0.62779823125 0.09357750000000001 0.6300947781249999 0.08584103125 0.6311820671875 0.08353403125 0.633478615625 0.0809552078125 0.6338410453125001 0.073762384375 0.63879656875 0.0686047375 0.6395214296875 0.0662977375 0.6418179765625001 0.06371891406249999 0.64218040625 0.061411914062499996 0.6444769531250001 0.058833090624999994 0.644839384375 0.051640265625 0.6497949078125 0.0464826203125 0.65051976875 0.04417561875 0.652816315625 0.041596795312500004 0.6531787453125 0.0404432953125 0.65432701875 0.0428896984375 0.671734075 0.044315020312499995 0.6725199187500001 0.046012165625000004 0.6752398796875 0.0488628109375 0.6768115671875 0.0491346328125 0.678745684375 0.0519852796875 0.680317371875 0.0522571015625 0.6822514890625 0.055107748437500007 0.6838231765625 0.0553795703125 0.6857572937499999 0.0625061828125 0.6896865125 0.064813184375 0.687389965625 0.072549653125 0.6863026750000001
0 0.08353403125 0.633478615625 0.08584103125 0.6311820671875 0.090998678125 0.6304572078125 0.093305678125 0.6281606609375 0.098463325 0.6274358 0.10077032500000001 0.625139253125 0.105927971875 0.62441439375 0.108234971875 0.6221178468749999 0.11081379531249999 0.621755415625 0.11312079687500001 0.61945886875 0.11569961875000001 0.6190964390625 0.12289244375 0.6141409140625 0.128050090625 0.6134160546875 0.1352429140625 0.6084605296875 0.1404005609375 0.6077356703125 0.1427075609375 0.6054391234375001 0.1478652078125 0.6047142625 0.1501722078125 0.602417715625 0.1553298546875 0.60169285625 0.1576368546875 0.5993963078125 0.1602156765625 0.599033878125 0.16252267812500001 0.5967373312500001 0.1676803234375 0.5960124718750001 0.1748731484375 0.591056946875 0.1826096171875 0.5899696578125 0.18491661875 0.5876731093750001 0.1874954421875 0.5873106796875 0.1946882671875 0.5823551546875 0.1998459125 0.5816302953125 0.20215291406250002 0.5793337484375 0.20731055937499998 0.5786088890625 0.214503384375 0.5736533640625 0.21966102968749998 0.5729285046875 0.2219680296875 0.57063195625 0.2271256765625 0.569907096875 0.22943267656250002 0.56761055 0.23459032343750003 0.5668856890625 0.23689732343749997 0.5645891421875 0.24205497031249998 0.5638642828125 0.24924779375 0.5589087578124999 0.254405440625 0.5581838984374999 0.256712440625 0.5558873515625 0.25929126406249997 0.5555249203125 0.261598265625 0.5532283734375001 0.2667559109375 0.5525035140625 0.2739487359375 0.5475479890625 0.27910638125 0.5468231296875 0.2814133828125 0.54452658125 0.286571028125 0.543801721875 0.2888780296875 0.541505175 0.294035675 0.540780315625 0.2963426765625 0.5384837671875 0.2989215 0.5381213375 0.3012285 0.535824790625 0.306386146875 0.53509993125 0.3135789703125 0.53014440625 0.3187366171875 0.529419546875 0.3210436171875 0.5271229984375 0.3262012640625 0.5263981390625 0.3333940875 0.5214426140625 0.3385517328125 0.5207177546875 0.34085873437499997 0.5184212078125 0.3460163796875 0.517696346875 0.3532092046875 0.5127408234375 0.3609456734375 0.5116535328125 0.3681384984375 0.506698009375 0.3758749671875 0.5056107187500001 0.37818196875 0.5033141718749999 0.3833396140625 0.5025893109374999 0.385646615625 0.5002927640625 0.3893789390625 0.49878206093750005 0.388563471875 0.492979709375 0.38571282500000004 0.491408021875 0.38401568125 0.4886880609375 0.3685427421875 0.49086264062499996 0.366235740625 0.4931591875 0.3533416265625 0.4949713375 0.351034625 0.49726788437499997 0.3278252171875 0.5005297546875 0.3255182171875 0.5028263015625 0.3203605703125 0.5035511609375 0.3180535703125 0.5058477078125 0.315474746875 0.5062101390625 0.3082819234375 0.5111656625000001 0.3031242765625 0.5118905218750001 0.3008172765625 0.5141870703125 0.2956596296875 0.5149119296875 0.29335262968750003 0.5172084765625 0.2881949828125 0.5179333374999999 0.2858879828125 0.5202298843750001 0.2807303359375 0.5209547437500001 0.2784233359375 0.5232512921875 0.2732656890625 0.5239761515625 0.266072865625 0.5289316765625001 0.26091521875 0.5296565359375001 0.25860821875 0.5319530828125 0.2560293953125 0.5323155125000001 0.25372239375 0.5346120609375 0.24856474843749998 0.5353369203125 0.24137192343749997 0.5402924453125 0.236214278125 0.5410173046875 0.23390727656250002 0.5433138515625 0.22874963125 0.5440387109375 0.2264426296875 0.5463352593749999 0.221284984375 0.5470601187499999 0.21409215937499998 0.55201564375 0.2089345125 0.552740503125 0.20662751406250002 0.5550370499999999 0.20146986562500002 0.5557619109374999 0.1991628671875 0.5580584578125001 0.1965840421875 0.5584208875 0.1942770421875 0.560717434375 0.1891193953125 0.5614422953125 0.181926571875 0.56639781875 0.1767689265625 0.5671226796875 0.174461925 0.5694192265625 0.1693042796875 0.5701440859375 0.166997278125 0.572440634375 0.1618396328125 0.57316549375 0.15953263125 0.575462040625 0.15695380781249998 0.5758244703125001 0.1546468078125 0.57812101875 0.1494891609375 0.578845878125 0.1422963359375 0.5838014031250001 0.137138690625 0.5845262625000001 0.1348316890625 0.586822809375 0.12967404375 0.5875476703125 0.1224812203125 0.59250319375 0.1173235734375 0.593228053125 0.1150165734375 0.5955246015625 0.1098589265625 0.5962494609375 0.10755192656250001 0.5985460078125 0.10497310156249999 0.5989084390625 0.097780278125 0.6038639625 0.09262263281250001 0.6045888234375 0.09031563125 0.6068853703125 0.0851579859375 0.6076102296875 0.082850984375 0.6099067765624999 0.0776933390625 0.6106316374999999 0.07050051406249999 0.6155871609375 0.06534286875 0.616312021875 0.058150043750000005 0.6212675453125 0.052992396875 0.62199240625 0.050685396875 0.624288953125 0.0481065734375 0.6246513828125 0.0446460734375 0.6280962046874999 0.045461540625000005 0.6338985562499999 0.0468868625 0.6346844 0.0483121859375 0.63547024375 0.048855831249999995 0.639338478125 0.05313179999999999 0.641696009375 0.055710621875 0.6413335796874999 0.0585612671875 0.6429052671875 0.06371891406249999 0.64218040625 0.0709117375 0.6372248828125 0.07606938437500001 0.636500021875 0.078376384375 0.634203475 0.08353403125 0.633478615625
0 0.090653665625 0.59993474375 0.0895001640625 0.60108301875 0.0869213421875 0.6014454484375 0.08461434062499999 0.6037419953125001 0.074299046875 0.605191715625 0.0731455484375 0.6063399890625 0.0736891921875 0.6102082234374999 0.075114515625 0.6109940671875 0.0802721625 0.6102692078125 0.0825791625 0.607972659375 0.0851579859375 0.6076102296875 0.08977198593749999 0.6030171359375001 0.1000872796875 0.601567415625 0.10239427968749999 0.59927086875 0.10755192656250001 0.5985460078125 0.1098589265625 0.5962494609375 0.11243774843750001 0.59588703125 0.11474474999999999 0.5935904843750001 0.11990239531249999 0.5928656234374999 0.1270952203125 0.5879101 0.1322528671875 0.5871852390625001 0.1345598671875 0.5848886921875 0.1397175140625 0.5841638328125 0.1420245140625 0.5818672859375 0.1471821609375 0.581142425 0.15437498593750001 0.5761869 0.15953263125 0.575462040625 0.1618396328125 0.57316549375 0.166997278125 0.572440634375 0.174190103125 0.567485109375 0.1793477484375 0.56676025 0.1816547484375 0.5644637015625 0.1842335734375 0.564101271875 0.186540571875 0.561804725 0.1916982203125 0.561079865625 0.19889104375 0.556124340625 0.2040486890625 0.55539948125 0.206355690625 0.5531029328125 0.21151333593750002 0.5523780734375 0.2187061609375 0.5474225484375 0.22386380625000002 0.5466976890625 0.22617080781249999 0.5444011421875 0.231328453125 0.54367628125 0.2336354546875 0.541379734375 0.2387931 0.540654875 0.245985925 0.53569935 0.251143571875 0.534974490625 0.258336396875 0.530018965625 0.2634940421875 0.52929410625 0.2658010421875 0.5269975578125 0.2709586890625 0.5262726984375 0.2732656890625 0.5239761515625 0.2784233359375 0.5232512921875 0.285616159375 0.5182957671875 0.29077380625 0.5175709078125 0.29308080625 0.515274359375 0.2982384515625 0.5145495 0.3054312765625 0.509593975 0.3105889234375 0.508869115625 0.3128959234375 0.50657256875 0.3180535703125 0.5058477078125 0.3252463953125 0.5008921843749999 0.330404040625 0.5001673234374999 0.33271104218750003 0.4978707765625 0.3404475109375 0.4967834875 0.3427545109375 0.49448693906249996 0.3479121578125 0.49376207968749997 0.3502191578125 0.4914655328125 0.3579556265625 0.49037824218750004 0.360262628125 0.48808169531249995 0.37315674374999996 0.4862695453125 0.37546374375 0.4839729984375 0.380621390625 0.4832481390625 0.3823847453125 0.47708335625 0.40043650781249995 0.47454634687499997 0.4027435078125 0.4722498 0.40532233125 0.47188737031250005 0.408172978125 0.47345905625 0.409326478125 0.47231078281250005 0.40796736562499997 0.46264019687499996 0.410274365625 0.46034365 0.394595815625 0.45169936875000005 0.39201699218749997 0.4520617984375 0.3897099921875 0.45435834531249997 0.374237053125 0.456532925 0.37193005156250003 0.4588294734375 0.369351228125 0.45919190312499997 0.366500584375 0.457620215625 0.3613429375 0.458345075 0.355641646875 0.45520170000000004 0.35333464531250003 0.4574982484375 0.348177 0.4582231078125 0.3458699984375 0.4605196546875 0.340712353125 0.46124451562499996 0.33840535156249996 0.46354106249999993 0.33324770625 0.46426592187500004 0.32605488125000004 0.46922144687499995 0.3208972359375 0.46994630624999995 0.318590234375 0.47224285468750005 0.3134325890625 0.47296771406250004 0.31112558749999997 0.4752642609375 0.3059679421875 0.4759891203125 0.30366094062500004 0.47828566875 0.2985032953125 0.479010528125 0.2913104703125 0.48396605312499996 0.28615282343750004 0.48469091249999996 0.2838458234375 0.486987459375 0.281267 0.4873498890625 0.27896 0.4896464375 0.273802353125 0.490371296875 0.2666095296875 0.495326821875 0.2614518828125 0.49605168125 0.2591448828125 0.49834822812499996 0.25398723749999996 0.4990730890625 0.2516802359375 0.5013696359375001 0.246522590625 0.5020944953125 0.24421558906250002 0.50439104375 0.24163676562499997 0.5047534734375 0.23932976562500002 0.5070500203125 0.23417211875000002 0.5077748796875 0.22697929375 0.5127304046875001 0.22182164843750002 0.5134552640625001 0.219514646875 0.5157518125 0.21435700156249998 0.516476671875 0.21205 0.51877321875 0.20689235468749997 0.519498078125 0.204585353125 0.5217946265625 0.20200653124999998 0.52215705625 0.1996995296875 0.524453603125 0.194541884375 0.5251784625 0.18734906093749998 0.5301339875 0.17961259062499998 0.5312212781250001 0.1773055890625 0.533517825 0.174726765625 0.5338802546875 0.1675339421875 0.5388357796875 0.162376296875 0.5395606390625 0.1600692953125 0.5418571859375 0.15491165 0.542582046875 0.147718825 0.5475375703124999 0.14256117968749998 0.54826243125 0.14025417812500002 0.550558978125 0.1376753546875 0.5509214078125 0.1353683546875 0.5532179546875 0.1302107078125 0.5539428156249999 0.12301788281249999 0.5588983390625 0.1178602375 0.5596232 0.1155532359375 0.561919746875 0.110395590625 0.56264460625 0.1080885890625 0.5649411546875001 0.1055097671875 0.565303584375 0.09831694375 0.5702591078125 0.0931592953125 0.57098396875 0.08596647187499999 0.5759394921875 0.078230003125 0.5770267828125 0.075923003125 0.5793233296875 0.0733441796875 0.579685759375 0.071037178125 0.5819823078125 0.06845835624999999 0.5823447374999999 0.0661513546875 0.584641284375 0.0586867078125 0.5876626921875 0.0575332078125 0.588810965625 0.05895853125 0.5895968093749999 0.0618091765625 0.5911684968750001 0.06438799843750001 0.5908060671875 0.066695 0.58850951875 0.0749751140625 0.5912904640625001 0.080132759375 0.5905656046875001 0.0824397609375 0.5882690562499999 0.085018584375 0.5879066265625 0.092145196875 0.5918358453125 0.0898381984375 0.5941323921875 0.090653665625 0.59993474375
0 0.0577318390625 0.5621567359374999 0.0706259546875 0.5603445875 0.0734766 0.5619162734375001 0.07578359999999999 0.5596197265625 0.08609889375 0.5581700078125 0.08779603750000001 0.56088996875 0.0854890375 0.563186515625 0.0857608609375 0.5651206328125 0.0811468578125 0.5697137265625 0.0828440046875 0.5724336875 0.0905804734375 0.5713463984375 0.0928874734375 0.5690498515625 0.0980451203125 0.5683249906250001 0.1003521203125 0.5660284437499999 0.1055097671875 0.565303584375 0.1078167671875 0.5630070375 0.1129744140625 0.5622821765625 0.1152814140625 0.5599856296875 0.1178602375 0.5596232 0.12505306249999998 0.5546676749999999 0.1302107078125 0.5539428156249999 0.13251770937500001 0.5516462671875 0.1376753546875 0.5509214078125 0.144868178125 0.5459658843749999 0.15002582656250002 0.5452410234375 0.152332825 0.5429444765625 0.1574904734375 0.542219615625 0.164683296875 0.5372640921875 0.16984094375 0.5365392328125 0.17214794375 0.534242684375 0.174726765625 0.5338802546875 0.1770337671875 0.5315837078125 0.18219141249999998 0.5308588484375 0.1893842375 0.5259033234375 0.194541884375 0.5251784625 0.196848884375 0.522881915625 0.20200653124999998 0.52215705625 0.20919935625 0.51720153125 0.21435700156249998 0.516476671875 0.216664003125 0.514180125 0.22182164843750002 0.5134552640625001 0.22412865 0.5111587171875 0.22928629531250003 0.5104338578125 0.231593296875 0.508137309375 0.23675094218749998 0.50741245 0.243943765625 0.5024569249999999 0.2491014125 0.501732065625 0.2514084125 0.49943551875000003 0.256566059375 0.49871065937500003 0.26375888281250004 0.493755134375 0.2689165296875 0.4930302734375 0.27122352968749996 0.49073372656250003 0.2763811765625 0.49000886718750003 0.2786881765625 0.48771232031249995 0.281267 0.4873498890625 0.2835740015625 0.4850533421875 0.28873164687499997 0.4843284828125 0.295924471875 0.4793729578125 0.3010821171875 0.4786480984375 0.30338911875 0.47635155156250003 0.30854676406250003 0.47562669062499996 0.310853765625 0.47333014375 0.31601141093749996 0.472605284375 0.3183184125 0.4703087359375 0.3234760578125 0.4695838765625 0.325783059375 0.46728732968750003 0.3283618828125 0.4669249 0.33555470625 0.46196937499999996 0.3432911765625 0.460882084375 0.345598175 0.45858553750000003 0.348177 0.4582231078125 0.350484 0.4559265609375 0.353062821875 0.45556413124999995 0.3553698234375 0.4532675828125 0.35910214687500003 0.45175687968749995 0.357743034375 0.44208629374999997 0.3548923890625 0.44051460625 0.35434874375000003 0.43664637187500005 0.3503445984375 0.4362229578125 0.34858124375 0.4423877390625 0.3408447734375 0.4434750296875 0.3385377734375 0.4457715765625 0.3333801265625 0.4464964359375 0.33052948125000003 0.4449247484375 0.302162428125 0.448911478125 0.2998554265625 0.45120802656250003 0.29469778125 0.45193288593750003 0.2923907796875 0.4542294328125 0.287233134375 0.4549542921875 0.2849261328125 0.457250840625 0.2797684875 0.4579757 0.2725756625 0.462931225 0.267418015625 0.463656084375 0.265111015625 0.46595263124999997 0.25995336875 0.4666774921875 0.25764636875 0.4689740390625 0.25506754531250003 0.46933646875 0.25276054375 0.471633015625 0.250181721875 0.47199544531250004 0.2429888984375 0.4769509703125 0.23783125 0.47767583125 0.2355242515625 0.479972378125 0.230366603125 0.4806972375 0.2280596046875 0.48299378437499996 0.22290195625 0.4837186453125 0.2205949578125 0.48601519218749994 0.2154373109375 0.48674005156250005 0.2131303109375 0.4890365984375 0.2079726640625 0.48976145937500004 0.2056656640625 0.49205800625 0.2005080171875 0.492782865625 0.19331519218749998 0.497738390625 0.188157546875 0.49846325 0.1858505453125 0.5007597984375 0.1806929 0.5014846578125 0.1783858984375 0.5037812046875 0.173228253125 0.504506065625 0.1709212515625 0.5068026125 0.16576360625 0.507527471875 0.1634566046875 0.5098240203125 0.158298959375 0.5105488796875 0.1559919578125 0.5128454265625 0.15083431249999998 0.5135702859375 0.1436414875 0.5185258109374999 0.1384838421875 0.5192506703124999 0.136176840625 0.52154721875 0.1310191953125 0.522272078125 0.12871219375 0.524568625 0.1261333703125 0.5249310546875 0.12382637187500001 0.5272276031249999 0.11866872343749998 0.5279524624999999 0.1114759 0.5329079875 0.10373942968750001 0.5339952765625 0.10143243125000001 0.5362918234375 0.0988536078125 0.5366542546875 0.0916607828125 0.541609778125 0.08650313750000001 0.5423346390625 0.0841961359375 0.5446311859375 0.079038490625 0.5453560453125 0.0767314890625 0.5476525921875 0.07157384375 0.548377453125 0.0692668421875 0.550674 0.06668801875 0.5510364296875 0.059495193749999994 0.5559919546875001 0.05433754843750001 0.5567168140625001 0.05203054687500001 0.5590133625 0.0468729015625 0.559738221875 0.044565900000000006 0.56203476875 0.041987078125 0.5623971984375 0.039680078125000004 0.564693746875 0.032215431249999996 0.567715153125 0.03106193125 0.5688634265625 0.0321492203125 0.576599896875 0.0335745421875 0.577385740625 0.035271687499999996 0.5801057015625 0.03954765625 0.5824632328125 0.0421264796875 0.5821008015625 0.045586981250000005 0.5786559812500001 0.0447715125 0.5728536296875 0.0419208671875 0.5712819421875001 0.0416490453125 0.569347825 0.0451095453125 0.5659030031250001 0.055424839062499995 0.5644532843750001 0.0577318390625 0.5621567359374999
0 0.0712950390625 0.5089702468749999 0.079031509375 0.50788295625 0.0818821546875 0.50945464375 0.0947762703125 0.5076424937499999 0.097626915625 0.5092141812500001 0.11052103124999998 0.50740203125 0.1128280328125 0.505105484375 0.11798567812500001 0.504380625 0.12029267968749999 0.502084078125 0.1280291484375 0.5009967875 0.13033614843750002 0.498700240625 0.1354937953125 0.49797537968750005 0.1378007953125 0.49567883281249997 0.1429584421875 0.49495397343749997 0.14526544218749998 0.4926574265625 0.1504230890625 0.491932565625 0.15273008906250002 0.48963601875 0.1578877359375 0.488911159375 0.1601947359375 0.48661461250000004 0.1653523828125 0.4858897515625 0.17254520625 0.4809342265625 0.177702853125 0.4802093671875 0.180009853125 0.47791282031250004 0.18516749999999998 0.47718796093750004 0.1923603234375 0.47223243593750003 0.19751796875 0.47150757656250003 0.1998249703125 0.469211028125 0.204982615625 0.46848616875 0.212175440625 0.46353064374999997 0.2173330875 0.462805784375 0.21964008750000003 0.4605092375 0.22737655625 0.45942194687500004 0.2296835578125 0.45712539999999996 0.24515649687500002 0.4549508203125 0.24746349687500002 0.4526542734375 0.25777878906249996 0.451204553125 0.260629434375 0.452776240625 0.2761023734375 0.4506016609375 0.2789530203125 0.4521733484375 0.3279506578125 0.4452871796875 0.32910415937500004 0.4441389046875 0.32692957968749997 0.42866596718750005 0.3229254328125 0.42824255312500004 0.32007478749999996 0.42667086562499995 0.3149171421875 0.42739572499999995 0.31206649531249997 0.4258240375 0.301751203125 0.4272737578125 0.2989005578125 0.42570207031249996 0.288585265625 0.42715179062499997 0.282883975 0.424008415625 0.2803051515625 0.42437084531249997 0.2774545046875 0.4227991578125 0.24135098125 0.42787317812500003 0.23904398124999998 0.430169725 0.218413396875 0.4330691640625 0.21610639531250003 0.4353657125 0.19805463437499998 0.437902721875 0.195747634375 0.44019926875 0.1725382265625 0.44346113750000005 0.170231225 0.4457576859375 0.15475828593750002 0.447932265625 0.1524512859375 0.45022881249999996 0.1369783484375 0.4524033921875 0.134671346875 0.45469993906250006 0.116619584375 0.45723694843749996 0.114312584375 0.45953349687499995 0.0962608234375 0.46207050625 0.093953821875 0.464367053125 0.0733232375 0.46726649218749994 0.0710162359375 0.46956304062500004 0.0555432984375 0.4717376203125 0.053236298437499996 0.4740341671875 0.037763359375 0.476208746875 0.0354563578125 0.47850529374999995 0.0199834203125 0.48067987343749996 0.01767641875 0.482976421875 0.00993995 0.4840637109375 0.009058271875 0.4871461015625 0.0067512703125 0.48944265 0.00838220625 0.5010473531249999 0.0098075296875 0.501833196875 0.0115046734375 0.5045531578125 0.0186312890625 0.5084823765625 0.026367757812499996 0.5073950859374999 0.029218403124999997 0.5089667734375001 0.0395336953125 0.5075170546875001 0.042384340625 0.509088740625 0.0501208109375 0.5080014515625 0.052971454687499996 0.5095731390625 0.06844439375 0.507398559375 0.0712950390625 0.5089702468749999
0 0.059223371875 0.5540578375 0.061530373437499994 0.551761290625 0.06668801875 0.5510364296875 0.0689950203125 0.5487398828125001 0.074152665625 0.5480150234375001 0.0813454890625 0.5430594984375 0.08650313750000001 0.5423346390625 0.0888101359375 0.540038090625 0.093967784375 0.53931323125 0.0962747828125 0.5370166843749999 0.0988536078125 0.5366542546875 0.10604643124999999 0.5316987296875 0.1112040765625 0.5309738703125 0.11351107812500001 0.5286773218749999 0.11866872343749998 0.5279524624999999 0.120975725 0.525655915625 0.1261333703125 0.5249310546875 0.128440371875 0.5226345078125 0.1335980171875 0.5219096484375 0.13590501875 0.5196131015625001 0.1410626640625 0.518888240625 0.143369665625 0.5165916937499999 0.1485273109375 0.5158668343749999 0.15083431249999998 0.5135702859375 0.1559919578125 0.5128454265625 0.158298959375 0.5105488796875 0.1634566046875 0.5098240203125 0.17064942968750002 0.5048684953125 0.1758070765625 0.504143634375 0.1781140765625 0.5018470875000001 0.1832717234375 0.5011222281250001 0.18557872343749998 0.49882568125000004 0.1907363703125 0.49810082031249997 0.19304337031250002 0.4958042734375 0.1982010171875 0.4950794140625 0.2005080171875 0.492782865625 0.2056656640625 0.49205800625 0.2128584875 0.48710248125 0.2205949578125 0.48601519218749994 0.22778778125 0.48105966718750004 0.232945428125 0.48033480781250004 0.235252428125 0.47803826093749996 0.240410075 0.4773134 0.242717075 0.47501685312499997 0.247874721875 0.47429199375 0.250181721875 0.47199544531250004 0.25276054375 0.471633015625 0.25506754531250003 0.46933646875 0.25764636875 0.4689740390625 0.26483919375 0.46401851406250005 0.2699968390625 0.46329365468750006 0.272303840625 0.4609971078125 0.2797684875 0.4579757 0.2832289875 0.4545308796875 0.2789530203125 0.4521733484375 0.27121655 0.4532606375 0.2683659046875 0.45168895 0.23226238124999998 0.4567629703125 0.22506955781250002 0.46171849375 0.219911909375 0.46244335468750003 0.2176049109375 0.4647399015625 0.2124472625 0.4654647609375 0.2101402640625 0.467761309375 0.204982615625 0.46848616875 0.2026756171875 0.47078271562499996 0.19751796875 0.47150757656250003 0.1952109703125 0.4738041234375 0.190053321875 0.4745289828125 0.1877463234375 0.4768255296875 0.1825886765625 0.477550390625 0.1802816765625 0.47984693749999996 0.17512402968750002 0.48057179687499996 0.1679312046875 0.485527321875 0.162773559375 0.48625218124999997 0.16046655781250002 0.48854872968749996 0.1553089125 0.48927358906249996 0.15300191093749999 0.49157013593750004 0.147844265625 0.49229499531250004 0.14065144062499998 0.49725052031250006 0.132914971875 0.49833781093749996 0.1306079703125 0.5006343578125 0.1280291484375 0.5009967875 0.125722146875 0.503293334375 0.12056450156250001 0.5040181953125 0.1133716765625 0.50897371875 0.10563520781249999 0.510061009375 0.10332820625000001 0.51235755625 0.10074938281250001 0.5127199859375 0.098442384375 0.5150165328125 0.0932847359375 0.51574139375 0.0860919125 0.52069691875 0.0783554421875 0.5217842078125 0.07116261874999999 0.5267397328125 0.0634261484375 0.5278270218750001 0.056233325 0.532782546875 0.0510756796875 0.53350740625 0.048768678125 0.5358039546875 0.0436110328125 0.5365288140625 0.04130403125 0.5388253609375 0.0361463859375 0.5395502203125 0.0289535609375 0.5445057453125 0.023795915625 0.5452306046875 0.0180284125 0.5509719734375 0.0194537359375 0.5517578171874999 0.020879059375 0.5525436609375001 0.021966348437499998 0.5602801296875 0.02481699375 0.5618518171875 0.025088815625 0.563785934375 0.026514140624999998 0.564571778125 0.0394082546875 0.562759628125 0.04171525625 0.56046308125 0.0468729015625 0.559738221875 0.054065726562500006 0.554782696875 0.059223371875 0.5540578375
0 0.14471481718749998 0.4513161015625 0.14702181718750001 0.44901955468750004 0.1650735796875 0.4464825453125 0.1673805796875 0.4441859984375 0.1880111640625 0.44128655781250004 0.19031816562499998 0.43899001093749995 0.2057911046875 0.43681543125 0.208098103125 0.43451888437499997 0.2287286890625 0.4316194453125 0.2310356890625 0.429322896875 0.264560390625 0.4246113078125 0.266867390625 0.42231476093750003 0.2694462125 0.42195233125 0.27229685937500003 0.42352401874999995 0.2826121515625 0.4220742984375 0.285462796875 0.42364598593749997 0.29062044375 0.42292112656249997 0.29347108906249997 0.42449281406250006 0.3012075578125 0.4234055234375 0.304058203125 0.42497721093749996 0.314373496875 0.423527490625 0.317224140625 0.425099178125 0.3223817890625 0.42437431875 0.32523243281249997 0.42594600624999995 0.340705371875 0.4237714265625 0.344165871875 0.4203266046875 0.3419912921875 0.40485366718750004 0.337715325 0.4024961359375 0.33513650156249997 0.402858565625 0.33228585625 0.40128687812499997 0.3271282109375 0.40201173749999997 0.3242775640625 0.40044005 0.31911991875 0.4011649109375 0.3108398046875 0.398383965625 0.3056821578125 0.399108825 0.29740204375 0.39632788125 0.29224439687500003 0.397052740625 0.28939375156249997 0.39548105312500004 0.281385459375 0.39463422656249997 0.27907845937500003 0.3969307734375 0.258447875 0.3998302125 0.256140875 0.40212675937500003 0.23293146718750002 0.40538862968749995 0.230624465625 0.40768517656250003 0.20999388125000001 0.4105846171875 0.2076868796875 0.4128811640625 0.1818986484375 0.4165054640625 0.1795916484375 0.41880201093749997 0.156382240625 0.4220638796875 0.154075240625 0.42436042812499997 0.13344465625 0.42725986718750003 0.1311376546875 0.4295564140625 0.1105070703125 0.432455853125 0.10820006874999999 0.4347524015625 0.079833015625 0.43873913125 0.07752601406250001 0.441035678125 0.059474253125 0.4435726875 0.057167253125 0.44586923437500003 0.0365366671875 0.448768675 0.0342296671875 0.451065221875 0.029072020312500002 0.45179008125 0.0279185203125 0.4529383546875 0.028462165625 0.456806590625 0.026155164062500003 0.4591031375 0.027514276562500002 0.46877372343749996 0.0289396 0.4695595671875 0.032333889062499996 0.47499948906249995 0.058122121875 0.471375190625 0.060429121875000005 0.4690786421875 0.0759020609375 0.4669040625 0.07820906093749999 0.464607515625 0.10141846875 0.461345646875 0.10372547031249998 0.4590490984375 0.12693487812499998 0.45578722968749996 0.12924187812500001 0.45349068125 0.14471481718749998 0.4513161015625
0 0.1182435390625 0.43136856406249996 0.12055053906249999 0.4290720171875 0.1386023015625 0.42653500781250003 0.140909303125 0.424238459375 0.1589610640625 0.42170145000000003 0.1612680640625 0.41940490312499995 0.1870562953125 0.415780603125 0.1893632953125 0.41348405625 0.2203091734375 0.40913489687500004 0.2226161734375 0.40683835 0.2432467578125 0.403938909375 0.24555375937499999 0.40164236249999996 0.271341990625 0.3980180625 0.27364899062500003 0.395721515625 0.2891219296875 0.3935469359375 0.291972575 0.39511862343750004 0.29970904374999996 0.39403133437500004 0.302559690625 0.3956030203125 0.3077173359375 0.3948781609375 0.3105679828125 0.3964498484375 0.3183044515625 0.3953625578125 0.3211550953125 0.3969342453125 0.32631274375 0.3962093859375 0.3291633875 0.3977810734375 0.334321034375 0.39705621406249997 0.3371716796875 0.3986279015625 0.347486971875 0.39717818125000004 0.35033761874999997 0.39874986875 0.3683893796875 0.396212859375 0.3718498796875 0.3927680375 0.3715780578125 0.3908339203125 0.3687274125 0.3892622328125 0.368455590625 0.387328115625 0.364179621875 0.384970584375 0.359021975 0.3856954453125 0.3561713296875 0.38412375781249997 0.35359250625 0.38448618749999997 0.3453123921875 0.3817052421875 0.340154746875 0.38243010312500003 0.3373041015625 0.380858415625 0.32929580937499997 0.38001158749999997 0.32359451875 0.3768682125 0.32101569531249996 0.3772306421875 0.3181650484375 0.37565895625 0.28464035 0.38037054531250003 0.2823333484375 0.3826670921875 0.2642815859375 0.38520410156249996 0.2619745859375 0.3875006484375 0.23876517812500003 0.39076251875 0.236458178125 0.39305906562500004 0.2055123 0.397408225 0.20320529999999998 0.39970477187500003 0.182574715625 0.4026042125 0.1802677140625 0.404900759375 0.154479484375 0.40852505937499994 0.1521724828125 0.41082160625 0.1263842515625 0.41444590625 0.1240772515625 0.416742453125 0.1060254890625 0.41927946250000003 0.1037184890625 0.421576009375 0.08566672812500001 0.42411301874999996 0.0833597265625 0.4264095671875 0.0575714953125 0.430033865625 0.055264495312499995 0.4323304140625 0.0320550875 0.4355922828125 0.029748085937500002 0.4378888296875 0.0220116171875 0.43897612031250005 0.018551115625 0.44242094062500004 0.020248260937500002 0.44514090156249997 0.0219454078125 0.44786086249999996 0.025949553125000004 0.4482842765625 0.0288001984375 0.44985596406250006 0.039115490625 0.44840624375000004 0.0414224921875 0.44610969687499996 0.06463189999999999 0.442847828125 0.0669389 0.44055127968749996 0.08756948437499999 0.43765184062499995 0.089876484375 0.43535529375 0.1182435390625 0.43136856406249996
0 0.1444360140625 0.41190889531249997 0.1467430140625 0.4096123484375 0.1725312453125 0.40598805000000004 0.1748382453125 0.40369150156250005 0.19546882968749998 0.4007920625 0.19777583125 0.39849551562499996 0.23130053125 0.39378392500000003 0.23360753124999997 0.391487378125 0.2568169390625 0.388225509375 0.259123940625 0.3859289609375 0.2823333484375 0.3826670921875 0.28464035 0.38037054531250003 0.31300740312499997 0.376383815625 0.3153144046875 0.37408726875 0.3181650484375 0.37565895625 0.32074387187500003 0.375296525 0.32902398593750004 0.3780774703125 0.3393392796875 0.37662775000000004 0.3450405703125 0.379771125 0.34761939375 0.3794086953125 0.3504700390625 0.3809803828125 0.3556276859375 0.3802555234375 0.358750153125 0.38376132812499997 0.359903653125 0.382613053125 0.3590881859375 0.3768107015625 0.355084040625 0.3763872875 0.3493827484375 0.3732439140625 0.34137445624999996 0.3723970859375 0.335673165625 0.3692537109375 0.3305155203125 0.3699785703125 0.327664875 0.368406884375 0.32508605 0.3687693140625 0.319384759375 0.36562593906249996 0.3168059359375 0.36598836874999996 0.31110464531250004 0.36284499375 0.308525821875 0.3632074234375 0.305675178125 0.3616357359375 0.2747293 0.3659848953125 0.2724223 0.36828144375 0.2388975984375 0.3729930328125 0.2365905984375 0.3752895796875 0.21080236718749998 0.3789138796875 0.2084953671875 0.3812104265625 0.1749706671875 0.385922015625 0.172663665625 0.3882185640625 0.1494542578125 0.3914804328125 0.1471472578125 0.39377697968750003 0.1162013796875 0.3981261390625 0.1138943796875 0.4004226875 0.085527325 0.4044094171875 0.083220325 0.4067059640625 0.05743209375 0.41033026250000004 0.05512509375 0.41262681093750003 0.029336862499999998 0.416251109375 0.0270298625 0.4185476578125 0.0089781 0.42108466718750004 0.0055175984375 0.42452948749999997 0.0068767109375 0.434200075 0.008302034375 0.4349859171875 0.014003325 0.43812929218749996 0.0397915578125 0.43450499374999996 0.04209855625 0.4322084453125 0.073044434375 0.4278592859375 0.075351434375 0.42556273906250003 0.09598201875 0.42266329999999996 0.0982890203125 0.420366753125 0.1189196046875 0.4174673125 0.12122660625 0.415170765625 0.1444360140625 0.41190889531249997
0 0.16193715 0.3680305625 0.19546185 0.3633189734375 0.19776885 0.3610224265625 0.2312935515625 0.3563108359375 0.2336005515625 0.3540142890625 0.25938878125 0.350389990625 0.2616957828125 0.3480934421875 0.29006283593750004 0.3441067140625 0.2923698375 0.341810165625 0.3078427765625 0.3396355859375 0.31069342187500004 0.3412072734375 0.31870171406250003 0.3420541015625 0.3244030046875 0.3451974765625 0.326981828125 0.34483504531250003 0.3298324734375 0.3464067328125 0.33784076406249997 0.3472535609375 0.3518221703125 0.3531778796875 0.35440099375 0.35281545 0.3572516390625 0.3543871375 0.36098396250000003 0.352876434375 0.3601684953125 0.34707408281249996 0.3501912359375 0.34157317656249997 0.3476124125 0.34193560624999997 0.341911121875 0.33879223125 0.3339028296875 0.3379454046875 0.322500246875 0.3316586546875 0.31992142343749996 0.332021084375 0.3127948109375 0.328091865625 0.312251165625 0.32422363125000003 0.3108258421875 0.32343778749999996 0.2695646734375 0.3292366671875 0.2672576734375 0.33153321406249997 0.23631179531250002 0.3358823734375 0.23400479375 0.33817892031249996 0.197901271875 0.343252940625 0.1955942703125 0.3455494875 0.16464839375 0.349898646875 0.16234139375 0.35219519374999997 0.1288166921875 0.3569067828125 0.1265096921875 0.35920333125 0.1007214625 0.36282762968750004 0.0984144609375 0.365124178125 0.0674685828125 0.3694733375 0.0651615828125 0.371769884375 0.044530998437500004 0.3746693234375 0.042223996875 0.376965871875 0.0112781203125 0.38131503125 0.0089711203125 0.383611578125 0.006392296875 0.3839740078125 0.0035416499999999995 0.3824023203125 0.00008115000000000001 0.38584714062500003 0.00198390625 0.39938596249999997 0.00340923125 0.40017180625000004 0.024039815625 0.3972723671875 0.026346815625 0.39497581875 0.067607984375 0.38917694062499997 0.0699149859375 0.38688039218750003 0.0982820390625 0.38289366406249997 0.100589040625 0.380597115625 0.12895609375 0.37661038750000003 0.1312630953125 0.3743138390625 0.1596301484375 0.370327109375 0.16193715 0.3680305625
0 0 0.3822339 0.000962828125 0.38276475 0.0038134734375 0.3843364375 0.0089711203125 0.383611578125 0.0112781203125 0.38131503125 0.042223996875 0.376965871875 0.044530998437500004 0.3746693234375 0.0651615828125 0.371769884375 0.0674685828125 0.3694733375 0.0958356375 0.3654866078125 0.09814263749999999 0.3631900609375 0.12393087031250001 0.3595657609375 0.12623786875 0.3572692140625 0.15976257031250002 0.35255762343749997 0.16206957187499998 0.3502610765625 0.19301544843750001 0.3459119171875 0.1953224484375 0.3436153703125 0.226268325 0.3392662109375 0.2285753265625 0.3369696640625 0.259521203125 0.33262050468750004 0.2618282046875 0.33032395625 0.31340466562499997 0.32307535781249996 0.3151018109375 0.32579531875 0.327929715625 0.3328679125 0.33308736250000004 0.3321430515625 0.3359380078125 0.33371473906250004 0.33851683125 0.33335230937500004 0.344218121875 0.336495684375 0.3467969453125 0.3361332546875 0.3524982359375 0.3392766296875 0.360506528125 0.34012345625 0.3662078203125 0.34326683125 0.3673613203125 0.3421185578125 0.366817675 0.3382503234375 0.361116384375 0.3351069484375 0.364576884375 0.3316621265625 0.3674275296875 0.3332338140625 0.3708880296875 0.32978899375 0.37061620781250004 0.3278548765625 0.3663402390625 0.32549734531249996 0.36118259375 0.32622220468749996 0.358060125 0.3227164 0.3529024796875 0.32344126093750003 0.3482884796875 0.32803435468750003 0.34543783281249996 0.3264626671875 0.342859009375 0.32682509843749996 0.3300311046875 0.3197525046875 0.32975928125 0.3178183875 0.3269086375 0.3162467 0.325211490625 0.3135267390625 0.32263266874999996 0.31388916875 0.3112300859375 0.30760241875 0.3086512625 0.30796484999999996 0.30580061875000003 0.3063931625 0.2980641484375 0.3074804515625 0.2957571484375 0.3097769984375 0.26996891562499997 0.3134012984375 0.2676619171875 0.3156978453125 0.2367160390625 0.3200470046875 0.2344090390625 0.32234355312499996 0.20604198437500001 0.32633028125 0.20373498437499998 0.3286268296875 0.17536792968749998 0.3326135578125 0.1730609296875 0.33491010625 0.1524303453125 0.33780954531249996 0.15012334375 0.3401060921875 0.1243351125 0.3437303921875 0.12202811250000001 0.34602693906250004 0.0910822359375 0.3503760984375 0.088775234375 0.352672646875 0.062987003125 0.3562969453125 0.06068000312500001 0.3585934921875 0.0323129484375 0.362580221875 0.030005948437500003 0.3648767703125 0.0016388937499999998 0.3688634984375 0 0.370494965625 0 0.3822339
0 0.121756290625 0.344092821875 0.1449656984375 0.340830953125 0.147272696875 0.33853440468749996 0.175639753125 0.3345476765625 0.1779467515625 0.332251128125 0.20115615937500003 0.328989259375 0.2034631609375 0.3266927125 0.2318302140625 0.32270598281249996 0.23413721562499998 0.320409434375 0.2676619171875 0.3156978453125 0.26996891562499997 0.3134012984375 0.2957571484375 0.3097769984375 0.2980641484375 0.3074804515625 0.30580061875000003 0.3063931625 0.3086512625 0.30796484999999996 0.313808909375 0.3072399890625 0.3280621375 0.3150984265625 0.3306409609375 0.314735996875 0.3406182203125 0.3202369015625 0.34089004218749996 0.32217101875 0.3451660109375 0.32452855 0.35032365625 0.32380369062500003 0.3574502703125 0.327732909375 0.357993915625 0.33160114375 0.3594192375 0.3323869875 0.3671557078125 0.331299696875 0.3683092078125 0.3301514234375 0.367493740625 0.324349071875 0.3646430953125 0.32277738437500003 0.36409945 0.31890915 0.3675599515625 0.31546432812499997 0.37502459843749997 0.312442921875 0.37617809687500003 0.3112946484375 0.375634453125 0.3074264140625 0.362806546875 0.3003538203125 0.360227725 0.30071625 0.345974496875 0.2928578140625 0.343395675 0.29322024375 0.33769438281249997 0.29007686875 0.3351155609375 0.2904392984375 0.3265636234375 0.28572423593749996 0.32398479999999996 0.28608666562499996 0.315161040625 0.27943748749999997 0.28679398749999996 0.28342421562500003 0.2844869859375 0.2857207640625 0.26127757812499997 0.2889826328125 0.258970578125 0.29127918125 0.22802470000000002 0.295628340625 0.2257177 0.2979248875 0.1973506453125 0.3019116171875 0.1950436453125 0.3042081640625 0.1692554140625 0.3078324640625 0.1669484140625 0.3101290109375 0.1334237140625 0.3148406 0.1311167125 0.317137146875 0.102749659375 0.3211238765625 0.10044265781249999 0.3234204234375 0.07207560468749999 0.327407153125 0.069768603125 0.3297037 0.036243903125 0.33441529062500003 0.033936903125 0.3367118375 0.0133063171875 0.3396112765625 0.0109993171875 0.34190782343750004 0.0032628484375000003 0.3429951140625 0.0023811703125 0.3460775046875 0.0000741703125 0.3483740515625 0.0019769265625 0.3619128734375 0.00340225 0.3626987171875 0.00509939375 0.365418678125 0.0093753625 0.367776209375 0.027427125000000004 0.3652392 0.0297341265625 0.3629426515625 0.06325882499999999 0.3582310625 0.0655658265625 0.355934515625 0.0913540578125 0.352310215625 0.0936610578125 0.35001366875 0.1194492890625 0.34638936875000004 0.121756290625 0.344092821875
0 0 0.3340591625 0.007876850000000001 0.33840201875 0.0104556734375 0.3380395890625 0.0133063171875 0.3396112765625 0.015885140625 0.339248846875 0.0181921421875 0.3369523 0.051716840625 0.33224071093749996 0.054023842187500004 0.3299441625 0.0849697203125 0.325595003125 0.0872767203125 0.32329845625 0.1208014203125 0.31858686718749996 0.123108421875 0.3162903203125 0.15405429843750001 0.3119411609375 0.15636129999999998 0.30964461249999997 0.1795707078125 0.30638274375 0.18187770625 0.304086196875 0.212823584375 0.2997370375 0.21513058593749998 0.2974404890625 0.24607646249999998 0.2930913296875 0.2483834640625 0.29079478281250004 0.2767505171875 0.286808053125 0.27905751875 0.28451150625 0.28278984218750003 0.283000803125 0.28224619687499997 0.2791325671875 0.27939555 0.27756088125 0.27885190625 0.27369264531250004 0.28231240625 0.270247825 0.2874700515625 0.269522965625 0.289777053125 0.2672264171875 0.2923558765625 0.2668639875 0.298123378125 0.2611226203125 0.2975797328125 0.2572543859375 0.2935755875 0.25683097187500004 0.28074768125 0.24975837812499999 0.28047585937499997 0.2478242609375 0.27477456875 0.24468088593749998 0.274502746875 0.24274676875 0.26737613125 0.23881755 0.246745546875 0.241716990625 0.24443854687500002 0.24401353750000002 0.2057562 0.24944998593749998 0.20344920000000002 0.251746534375 0.1750821453125 0.25573326406249997 0.1727751453125 0.2580298109375 0.14182926875 0.2623789703125 0.1395222671875 0.26467551718750004 0.10857639062499999 0.2690246765625 0.10626938906250001 0.2713212234375 0.0753235125 0.2756703828125 0.07301651249999999 0.2779669296875 0.039491810937499996 0.2826785203125 0.0371848109375 0.2849750671875 0.01139658125 0.2885993671875 0.0090895796875 0.2908959140625 0 0.2921733703125 0 0.3340591625
0 0 0.2902010515625 0.0242906953125 0.2867872171875 0.026597696875 0.28449067031249997 0.057543573437499995 0.28014150937500004 0.0598505734375 0.2778449625 0.080481159375 0.2749455234375 0.082788159375 0.2726489765625 0.12147050468750001 0.2672125265625 0.12377750624999999 0.26491597968749997 0.15730220781249998 0.260204390625 0.15960920625 0.25790784375000003 0.19571273125 0.2528338234375 0.19801973125 0.2505372765625 0.2263867859375 0.246550546875 0.2286937859375 0.24425400000000003 0.26221848593749997 0.2395424109375 0.2645254875 0.23724586250000002 0.26710430937499996 0.23688343281250002 0.26995495625 0.2384551203125 0.2751126015625 0.2377302609375 0.277963246875 0.2393019484375 0.2805420703125 0.2389395171875 0.282239215625 0.2416594796875 0.310745671875 0.257376353125 0.31101749375 0.2593104703125 0.31502164062500004 0.259733884375 0.32072293125 0.2628772578125 0.3247270765625 0.263300671875 0.32499889843749996 0.26523478906250003 0.342102771875 0.27466491406250004 0.34237459531250003 0.27659903125 0.3480758859375 0.27974240625 0.3483477078125 0.2816765234375 0.35262367656250004 0.2840340546875 0.3990424921875 0.277510315625 0.40134949375 0.2752137671875 0.4116647859375 0.2737640484375 0.4125464640625 0.27068165781250003 0.4148534640625 0.268385109375 0.4129507078125 0.2548462890625 0.4101000609375 0.2532746015625 0.40765365937500003 0.2358675453125 0.40480301250000006 0.2342958578125 0.4042593671875 0.2304276234375 0.39570743125 0.2257125609375 0.3923131421875 0.2202726390625 0.3806387359375 0.212051771875 0.38009509218750004 0.2081835375 0.36869250937500003 0.2018967875 0.3684206859375 0.19996267031249998 0.3655700421875 0.1983909828125 0.36529821875 0.196456865625 0.3624475734375 0.194885178125 0.36217575156250004 0.1929510609375 0.3593251046875 0.1913793734375 0.35905328281250004 0.18944525625 0.3562026375 0.18787356875 0.355930815625 0.1859394515625 0.35308016875 0.1843677640625 0.35138302499999996 0.181647803125 0.3230159703125 0.1856345328125 0.3207089703125 0.1879310796875 0.2974995625 0.19119295 0.2951925609375 0.193489496875 0.2694043296875 0.197113796875 0.2670973296875 0.19941034375 0.23615145312500002 0.203759503125 0.2338444515625 0.20605605 0.202898575 0.210405209375 0.20059157343749998 0.21270175781249998 0.1722245203125 0.2166884875 0.16991751875 0.218985034375 0.13639281875 0.22369662343750002 0.13408581875 0.2259931703125 0.1082975875 0.22961747031250002 0.10599058750000001 0.2319140171875 0.07504470937499999 0.2362631765625 0.072737709375 0.2385597234375 0.046949478125 0.24218402343749998 0.044642478125 0.2444805703125 0.0214330703125 0.247742440625 0.01912606875 0.25003898750000003 0 0.25272698125000004 0 0.2902010515625
0 0 0.25272698125000004 0.0088107765625 0.2514887078125 0.011117776562499999 0.2491921609375 0.039484831250000005 0.24520543125 0.04179183125 0.24290888437499997 0.0701588859375 0.2389221546875 0.0724658859375 0.23662560625 0.10083294062499999 0.232638878125 0.10313994062500001 0.2303423296875 0.1315069953125 0.2263556 0.1338139953125 0.22405905312500002 0.16991751875 0.218985034375 0.1722245203125 0.2166884875 0.195433928125 0.21342661718749997 0.197740928125 0.2111300703125 0.22868680624999999 0.2067809109375 0.23099380625000002 0.20448436406249998 0.2567820375 0.2008600640625 0.2590890375 0.1985635171875 0.290034915625 0.19421435781250002 0.292341915625 0.191917809375 0.3207089703125 0.1879310796875 0.3230159703125 0.1856345328125 0.35138302499999996 0.181647803125 0.35565899375 0.184005334375 0.355930815625 0.1859394515625 0.36163210625 0.1890828265625 0.361903928125 0.19101694375 0.36475457499999997 0.19258863125 0.365026396875 0.1945227484375 0.37072768749999996 0.1976661234375 0.370999509375 0.19960024062499998 0.379551446875 0.20431530312500001 0.3829457375 0.20975522500000002 0.38864702812499996 0.2128986 0.3889188515625 0.21483271718750002 0.3946201421875 0.21797609218749997 0.3948919640625 0.219910209375 0.40059325625 0.22305358437499997 0.400865078125 0.2249877015625 0.405141046875 0.2273452328125 0.40771986875 0.226982803125 0.40887337031250004 0.225834528125 0.40832972500000003 0.22196629375 0.410636725 0.21966974687500002 0.4043848078125 0.1751850484375 0.40153416406250003 0.1736133609375 0.40099051875 0.16974512656250001 0.3981398734375 0.16817343906249999 0.39786805 0.16623932187499998 0.3950174046875 0.164667634375 0.39474558125 0.1627335171875 0.3918949375 0.16116182968749998 0.38850064687499997 0.1557219078125 0.38137403124999997 0.1517926890625 0.363322271875 0.1543296984375 0.36101527031249997 0.1566262453125 0.34038468593750004 0.1595256859375 0.338077684375 0.16182223281250002 0.320025921875 0.1643592421875 0.3177189234375 0.1666557890625 0.294509515625 0.169917659375 0.29220251406250003 0.17221420625 0.26899310625 0.1754760765625 0.2666861046875 0.1777726234375 0.243476696875 0.18103449375 0.24116969687499998 0.183331040625 0.21022382031250003 0.18768020000000002 0.20791681875 0.189976746875 0.1821285875 0.193601046875 0.1798215875 0.19589759375 0.1462968875 0.2006091828125 0.1439898859375 0.20290573125 0.12593812499999998 0.20544274062499998 0.123631125 0.2077392875 0.0952640703125 0.2117260171875 0.0929570703125 0.21402256406250003 0.07232648593749999 0.216922003125 0.070019484375 0.21921855156249997 0.051967721875 0.2217555609375 0.049660721875 0.2240521078125 0.0290301359375 0.226951546875 0.0267231375 0.2292480953125 0 0.2330037875 0 0.25272698125000004